(BSplineTransformSplineOrder 3)
(Direction 1 0 0 1)
(FixedImageDimension 2)
(FixedInternalImagePixelType "float")
(GridDirection 1 0 0 1)
(GridIndex 0 0)
(GridOrigin -3123.576947641558 -2513.039923673138)
(GridSize 75 52)
(GridSpacing 200.22832303631617 200.48462280297085)
(HowToCombineTransforms "Compose")
(Index 0 0)
(InitialTransformParameterFileName "results/IF_vs_XeniumR1/my_reg_project-modality_fluo_to_modality_brightfield_reg_output/TransformParameters.0.txt")
(MovingImageDimension 2)
(MovingInternalImagePixelType "float")
(NumberOfParameters 7800)
(Origin 0 0)
(Size 14239 9777)
(Spacing 1 1)
(Transform "BSplineTransform")
(TransformParameters 1051.7620364934046 980.1816489953954 959.6367521145409 938.0094003246775 917.0130241847919 895.5177366315194 876.2585695142288 857.8318988038304 839.1115891644205 819.7286132427046 799.3338664771958 777.9916178333023 755.7675666685273 732.7867363629467 709.1742529941666 685.0392076655164 660.490698853677 635.6421137795019 610.6068401932284 585.3998551674267 560.0361358126697 534.530962861651 508.89961704979 483.1573017344594 457.31922027322184 431.4005928119252 405.416639496425 379.3855523285404 353.32552331008463 327.2547407314263 301.1913928829297 275.1536711283516 249.15976683144854 223.22787047957274 197.3761725600758 171.58383044355963 145.8300015006247 120.09383491731954 94.35447987969245 68.59109095312417 42.782822702994984 16.908829008702178 -9.051736250356967 -35.0804535192818 -61.15890324317165 -87.26866575058382 -113.3913213700749 -139.5084491023032 -165.60162794792413 -191.6524420278523 -217.64247546300135 -243.56927601128814 -269.430391430639 -295.2233921826282 -320.94584872903056 -346.5952438637584 -372.169060383576 -397.66511098745355 -423.08120841408163 -448.2964744415423 -473.1900314011213 -497.6454816586836 -521.5464352852125 -544.7597866554943 -567.1525374627911 -588.65353758295 -609.1931316454006 -629.108987037954 -648.7595903801835 -669.2927103457547 -692.1460900994571 -714.4396503676298 -737.332135520572 -758.9847065725934 -833.8120810622702 1063.9013195477107 991.6048454703848 970.8856576361261 949.0895675112877 927.9357886688512 906.2762682258468 886.8667879294917 868.2815467415858 849.3750263399105 829.7667757959891 809.096467574958 787.4349974395054 764.8547059469807 741.4878457546467 717.4667732513617 692.9076777710717 667.9267560953145 642.6445244421071 617.1814995641735 591.5541872853585 565.7790934678974 539.8730430836843 513.8528611073741 487.73527904352346 461.53702839689225 435.2748736068562 408.96557911280337 382.6262060271935 356.273815462488 329.92548072925837 303.5982751380773 277.3092645732635 251.07551491913452 224.91409415554213 198.84207026233898 172.8371098435104 146.87687950304365 120.93906223699742 95.00134104142965 69.04138815372916 43.03687581128415 16.965477599833378 -9.195132894884818 -35.42692017279157 -61.71184873380795 -88.03188366818485 -114.36899006617205 -140.70513433966022 -167.02228290053725 -193.30239689987388 -219.52743748874002 -245.69874996429957 -271.8176796237305 -297.8855957166223 -323.90386749277303 -349.8737806805485 -375.79662101119965 -401.6739804392568 -427.50745095942153 -453.16885855654834 -478.53002977499557 -503.4672803493072 -527.8569338068853 -551.5584419501394 -574.4313651219646 -596.3977717985457 -617.381242230004 -637.7203795399275 -657.7748431464812 -678.7020414475094 -701.9526591910192 -724.6123581841167 -747.851612841664 -769.801838947388 -845.48855244351 1064.9656521504482 992.6185651408606 971.8967422087796 950.1036079706178 928.9553843497256 907.3007276865834 887.894957399983 869.3083064208008 850.3914934693433 830.7609864070109 810.0533910688358 788.34216194476 765.7021993661732 742.268468161742 718.176036966871 693.5436860157731 668.490202995652 643.1387413514927 617.6124550633888 591.9276406365581 566.1005946146397 540.1478961288465 514.0861243131462 487.9318104438789 461.70148579757245 435.4116668602566 409.0788701179666 382.71970625348246 356.3507859495787 329.9886844098732 303.64997683798 277.3512624964007 251.10914064763693 224.94020373757914 198.8610442121168 172.84941464184118 146.8830675973428 120.93969831126715 94.99700201626032 69.0327116008861 43.024559953708156 16.950275207802438 -9.212414503754918 -35.44563380685002 -61.73150732736902 -88.05215816520561 -114.38970942025252 -140.7262775503319 -167.04397901326257 -193.32495620477926 -219.55135152061578 -245.72598543381287 -271.8516784174225 -297.9312719206231 -323.96760739279864 -349.9634274494599 -375.9214747090065 -401.8448797716197 -427.736773277703 -453.4669167917425 -478.905072438424 -503.9256133319575 -528.4029203891084 -552.1944125276104 -575.1576173407827 -597.2126565441611 -618.2811655090087 -638.7012377754895 -658.8320493884867 -679.8313436185383 -703.1505051466048 -725.8710453167764 -749.1643727144191 -771.156901979529 -846.9399677196182 1067.3416346223662 994.8599186132132 974.1157549712223 952.306709048513 931.1462161008213 909.4771438135691 890.0564232299805 871.4473110313226 852.4940810044468 832.8083819696575 812.0220388676742 790.2127688064317 767.4597374741355 743.901935256711 719.678456543475 694.91246618694 669.7271365067234 644.2498587553113 618.6080247212963 592.8173904359643 566.8937119690971 540.8531635457427 514.711919393723 488.48593819450355 462.1911786297531 435.84375970141184 409.45980041143184 383.0550987030889 356.64545251965495 330.24679915038047 303.8750758845134 277.546128622414 251.27580326444075 225.0799715728207 198.97450530977974 172.937105960557 146.9454750103913 120.97752695014067 95.01117627066216 69.0241975983866 42.99436555974421 16.899472406556367 -9.282689609355733 -35.53450151781788 -61.83834434865582 -88.17660536618803 -114.53167183473244 -140.8859535741204 -167.2218604041818 -193.52171369762792 -219.76783482717022 -245.965274526362 -272.11908352876935 -298.2343446019026 -324.3161405134813 -350.36951080249634 -376.3994950108353 -402.41122289814416 -428.4098242643953 -454.2622624549561 -479.8355013768421 -505.0006974105871 -529.6290147594462 -553.5748815669629 -576.6928349331223 -598.9000792244144 -620.1153363747692 -640.6758914804079 -660.9401666252155 -682.0670394672899 -705.5097879245469 -728.341431899499 -751.7354579444669 -773.8090136483922 -849.7913794377278 1069.4697907746693 996.8534798356584 976.0852571668581 954.2572984767975 933.080502757704 911.3919521101584 891.9501765329852 873.3115729218 854.31408546395 834.5646333827685 813.6903500876592 791.7732335394163 768.8967330120961 745.2056110795781 720.8447345153417 695.9415424152708 670.6234813564441 645.022807041406 619.271775709827 593.3852618848961 567.3781401283626 541.2652009446707 515.0612348410284 488.7814409730746 462.4410184966401 436.05467442791706 409.63711578310745 383.2036322728855 356.7695136079245 330.34953717505925 303.9584803611242 277.6114595350976 251.32359106595965 225.10989536800608 198.9853928555344 172.9286127763139 146.9180843781149 120.93154205572162 94.94672020391816 68.94187508213227 42.8952629497913 16.78507432209655 -9.410500285750915 -35.67414936026245 -61.988561387949304 -88.33640237061572 -114.70033831006478 -141.06294910245475 -167.4068146439402 -193.7148528223932 -219.96998152568403 -246.17952307682825 -272.35079979885353 -298.4911239160226 -324.60780765280487 -350.70791207231343 -376.79849824056436 -402.88783530066803 -428.9841924361609 -454.95069978232334 -480.650488037475 -505.95249689538514 -530.7256738919223 -554.821206325433 -578.0903907205935 -600.4475870666448 -621.8086766793833 -642.5099903468972 -662.9090482028035 -684.1652623425776 -707.7331743725596 -730.6773099390043 -754.172818494702 -776.3271849200254 -852.5014978759026 1071.438324986951 998.675479571466 977.8768683280808 956.0214040642703 934.8182300976001 913.0985315506003 893.6229473027026 874.9408155315227 855.8835965011965 836.0534317365871 815.0727182170266 793.0308105838701 770.0185177546699 746.1830036941589 721.6715367793997 696.6193872293551 671.1618327594541 645.4368008651245 619.5822195800149 593.610179208692 567.5327700943644 541.363875762419 515.1173797410177 488.8052440540258 462.4394307255087 436.03384476177257 409.60239116913374 383.1582873356589 356.7147506494094 330.28691636508916 303.88991973739843 277.537630780244 251.24391950752792 225.02301414933302 198.88914293573805 172.81979779364536 146.79247064995593 120.78761409375421 94.78568071412452 68.76517718799587 42.70461019229717 16.58273306136572 -9.621700870461284 -35.89171793547817 -62.21034446597938 -88.56069675546821 -114.92589109744732 -141.28936756820718 -167.63456624403614 -193.9436758365622 -220.19888505741312 -246.4101647475643 -272.587485748004 -298.7409362191824 -324.8806043217604 -351.0171087422291 -377.16106816999144 -403.3202575488047 -429.50245186295234 -455.5713942949336 -481.3908285916798 -506.8245279597006 -531.7362734670064 -555.9757263753809 -579.3926574431349 -601.8989824019393 -623.4081420733137 -644.254153688726 -664.7922762409842 -686.1823756984579 -709.8801775984098 -732.9413101994318 -756.542193963324 -778.7798966160659 -855.1467171597358 1073.1052742344502 1000.1871798342331 979.3511921431686 957.4581101698899 936.2165216963405 914.4519231825369 894.9277051489473 876.1872622062488 857.0567170381736 837.1344423081605 816.0391096420017 793.856835773469 770.6751948362544 746.6663600873333 722.0026094202804 696.8127814736365 671.2257223985035 645.3857509376708 619.4371863733015 593.3939548207004 567.2699824338983 541.0709958007967 514.8027215120768 488.48115441578466 462.12228936016095 435.7302867984251 409.3093071838039 382.8785924577941 356.45738456188747 330.05228228407293 303.66988441233667 277.32471723923453 251.03130705731996 224.80252516022213 198.65124284156866 172.56637933569377 146.53685387693213 120.53275188980935 94.5241587988508 68.49254675410556 42.419387905622315 16.286407103890564 -9.924670800600468 -36.19838538401822 -62.51927622253026 -88.86902004721613 -115.22929358915432 -141.5818147761716 -167.90830153609116 -194.19770308018025 -220.43896861970438 -246.64339797857335 -272.822290980708 -298.9857980217835 -325.1440694976811 -351.303224114121 -377.4693805797416 -403.6712784752521 -429.9376574219834 -456.10839556855 -482.0233716293205 -507.559720028206 -532.5945830690579 -556.969470769453 -580.526002900405 -603.1720240918784 -624.8169076420797 -645.7967920329702 -666.46910734847 -687.9914793668789 -711.8180876257242 -734.9956036418563 -758.7011599594282 -781.0210056269648 -857.5712903160148 1074.8523151801273 1001.743698180074 980.855557924734 958.906463909797 937.6063387209956 915.7748099040373 896.179706519268 877.3594874070717 858.1360795227993 838.1033352480003 816.8754590592026 794.508657101079 771.0605967329851 746.8032840265788 722.0088299640145 696.7397919877508 671.0587350724834 645.117313634268 619.0671826299501 592.942315632559 566.7766862539524 540.556421253851 514.2676473947645 487.9511860981918 461.6478587858296 435.3173864852177 408.919490223909 382.5160893874981 356.16910336157713 329.84098251363275 303.49417721114764 277.14709755321786 250.8181536389385 224.5234596536828 198.27912978282217 172.13323840978654 146.1338599180048 120.19186990913973 94.21814398485482 68.19114134740605 42.0893211990499 15.921421278133268 -10.303820676996782 -36.59416272426974 -62.95736292161493 -89.34371246235335 -115.70350253980531 -142.019843568621 -168.27584596344784 -194.49567434184905 -220.70349332138764 -246.90939424394713 -273.1234684514247 -299.3415314208984 -325.5593986296595 -351.7430195267687 -377.8583435642162 -404.0552483187652 -430.48361140790496 -456.8356317095803 -482.80350866894213 -508.3622727639244 -533.4869623726079 -557.9981683678755 -581.716591657437 -604.5220290611024 -626.295809986104 -647.3963451663417 -668.2033915248984 -689.8659541084793 -713.8303520249518 -737.1331830625866 -760.9520956767227 -783.3613115297616 -860.112447561948 1076.734334144708 1003.3952562192279 982.4387001843204 960.4136586126065 939.0335389828072 917.1119727995812 897.4232183615884 878.5085861612351 859.1937469008282 839.0786551464639 817.7836816087535 795.239565706723 771.3785126726257 746.7165980419903 721.7700025909952 696.4582638830244 670.7009270373936 644.6575499245743 618.4876909575224 592.2813224869903 566.1284169026734 539.9296665646392 513.5857638357478 487.22920670825596 460.9924931746182 434.7515942520422 408.38248095774514 382.02459370065685 355.81737288970373 329.6325034447577 303.3416702856874 276.987353726551 250.6120340814036 224.2187878198813 197.81069141161953 171.5608339327961 145.64230445958907 119.82518775810401 93.87956859444571 67.82598948030441 41.68499292736926 15.470806549079274 -10.802342041126707 -37.13614310398198 -63.532286900219844 -89.94552145674882 -116.33059480047613 -142.62993544239535 -168.78597189349674 -194.90024933940782 -221.07431296575504 -247.30442250302605 -273.5868376817205 -299.89656423988015 -326.2086079157557 -352.41332823264577 -378.4010847167808 -404.52614082429466 -431.14276005216 -457.71607459275253 -483.7112172072569 -509.2723834629852 -534.5437768497321 -559.2556427364841 -583.1383368381412 -606.0672728592797 -627.9194014248369 -649.0990947584589 -670.0321316229612 -691.8431116363736 -715.9547890447558 -739.3924436180159 -763.3341133793556 -785.8407420911243 -862.813734433814 1078.6040758979782 1005.0050883153951 983.9671766816886 961.8501266450476 940.3728445017543 918.3431640903391 898.5435252866506 879.5457948920574 860.207203582325 840.1817980118086 819.1441344923663 796.6105291039877 772.0897962864166 746.6380854627371 721.3609216087254 695.9616933231129 670.0479084440004 643.8402482186597 617.5101181944242 591.2741491656211 565.3765250360719 539.3768192730635 512.8221504603499 486.2163719323776 459.9194794923613 433.7088174523557 407.3657563826516 381.10614848096895 355.14105335685355 329.1914425447228 302.9702258036036 276.6457832219185 250.33849264290834 223.92653627368233 197.3534868988757 171.0111226445952 145.27958218917502 119.63363364908707 93.52255014488266 67.24599257609258 41.079927694572355 14.851624227404397 -11.559885998534218 -38.00817654720799 -64.26041075229278 -90.4810944830353 -116.98053492970372 -143.42302606305785 -169.5397882701433 -195.60147839362799 -221.77993056970314 -248.08602764223644 -274.4479541165957 -300.82420149076637 -327.2225958629209 -353.4098816622775 -379.2164784094417 -405.1770628187801 -431.6896445477248 -458.3599514898065 -484.5099210280605 -510.2257003184839 -535.9874813036041 -561.2417560999659 -585.1500161508886 -607.9639619777817 -629.7047391593164 -650.8394025514699 -671.8587691647103 -693.8213199554307 -718.0845706744652 -741.6617121922222 -765.7309527690614 -788.3391564202421 -865.5443958258606 1080.4064158158947 1006.5219357030959 985.391001899944 963.1674714562636 941.577782790494 919.4243669439757 899.4995867855657 880.4283497379026 861.1220274402648 841.3222129722911 820.7946404255482 798.696639611566 773.1943256053048 746.1347381208095 720.0711218793722 695.4817151987793 668.9313787347701 642.5779520171808 616.262018595809 589.8685382487793 564.3713525546615 539.0494640704799 511.79378010782256 485.2545054947301 458.8506525291256 432.38026133572276 406.0335495456992 380.0180750291072 354.3301521860319 328.4394042885578 301.9869268778724 275.9560655300495 250.32047559382522 223.72182366141598 196.84647579220166 170.47031902734517 144.82311476594154 119.39452344796725 92.72017158425429 66.18642419460383 40.04988291008093 13.70731171783799 -12.730792128407343 -39.34658555951387 -65.52179525066954 -90.92381380103276 -118.13029517738521 -144.48371085939576 -170.50026717322746 -196.85692347628427 -222.47746064617527 -249.27974612143535 -276.1221635382273 -302.46675015872245 -328.7561900907923 -355.1619731858891 -380.3659267328412 -406.7666655443193 -432.1233240050114 -458.77422827092903 -485.66671766080367 -511.612556673293 -537.300517549904 -565.1627742778137 -587.6072257049817 -610.0646376932026 -631.5642115978999 -652.5704503935219 -673.6483515046679 -695.7630383921876 -720.1795731136718 -743.8984924200104 -768.0979387940713 -790.8101239593155 -868.2538012901647 1082.1335071273638 1007.9387376607186 986.7034927109287 964.3596233689641 942.6432036783979 920.3517800457447 900.289461822501 881.1275265732163 861.8249101395879 842.172674535244 821.9959852691351 800.41703065799 773.4110926612416 747.493468958212 720.3897027862151 694.9679841238826 667.5649339185729 641.65666999459 615.2602284583226 588.5537602186703 563.2513209755064 538.2263821995438 510.9426466370883 484.4059172770369 457.8974417099814 431.69660657061166 405.429667523687 379.18199972922287 353.43411171762233 327.54533653910363 300.9567919349039 274.7338584063216 249.80391632990072 223.64566149678527 195.94067322200303 169.82986508169665 143.7430088056504 118.25153880713668 91.21613210990496 64.56390881625937 38.887068420565186 12.953930114196927 -13.810299924418848 -39.87719622071133 -66.43143695114539 -91.40172259389176 -118.75380743070397 -145.38325427975187 -171.10296561812996 -197.81813666521168 -223.48152656782523 -250.97371198848097 -276.75659165183015 -303.4293008839159 -329.1918508468988 -356.08314175789417 -381.62803092514605 -407.81458560988426 -433.4457637422176 -459.7174118294137 -485.79962436138254 -513.1315504680776 -537.831601319818 -567.8987381264712 -589.478263049134 -611.8106730672832 -633.2398137937354 -654.2264343216902 -675.3982723840229 -697.6643831887536 -722.2346843307995 -746.0965685250791 -770.4279009555476 -793.2457898978205 -870.9330958070992 1083.7519947976682 1009.2242539284902 987.8741280909921 965.3970396355718 943.5408784913423 921.0990015075898 900.8891516408332 881.6010549855393 862.2133755587912 842.5011614801884 822.2714160678361 800.3321381478704 771.2396500326471 746.7005001800422 719.3431105593762 693.7443301690276 667.6417577484393 641.052364411406 614.8894799131186 588.0062667315635 562.3842312131467 536.5651724421127 509.26179067134024 483.8662168454341 456.8595643102458 430.76364924706587 404.85204125959655 378.71148275339436 352.2409258958165 326.18934106071123 300.5266389498577 274.3214806995512 248.19049447286199 222.48772068586257 196.13477027736695 169.6255102160696 143.18534402561465 116.99004987838127 90.46441515911019 63.91410117641733 38.45396531510647 12.679095127306253 -14.740134272562702 -40.9602282300512 -67.41992339846419 -92.74564285600921 -118.61106231234747 -147.01736755206468 -172.01635159642882 -199.21858740651732 -225.41447778930896 -251.74759378877727 -276.85379418356115 -304.28599870555274 -330.08549702597486 -356.4686025550508 -382.67679263437833 -408.8543397056744 -434.2455260922569 -461.6779156895735 -486.69265074133625 -515.044007175715 -539.2894914711577 -567.0643029302006 -590.5217763873536 -613.0926582180202 -634.6695134188376 -655.7776323725565 -677.0882255864034 -699.5030449878016 -724.2256389779828 -748.2299030496448 -772.6932153168732 -795.6173036553347 -873.5508561663086 1085.207778688382 1010.3266945281144 988.8517357318133 966.2293874603646 944.2217077020592 921.6188159721461 901.2541080000731 881.7758405821913 862.1225646861407 841.9717448753801 821.0297314146621 798.6224571002964 771.3911699464505 745.8577472399232 718.4035489586214 692.5189800499148 665.8162426223334 639.9453618798585 613.7107797610743 587.4521244751646 560.9857257646181 535.0674891708819 508.29287787372385 482.55095249561117 456.66793760414686 429.77837112490187 403.1957289262308 378.08869119542567 351.5584156016958 325.32843092977134 299.3586866768472 273.5680276483155 247.22658871864627 221.20803055191814 194.85939692779812 167.8084791178957 141.97562806782088 115.40799644163567 89.56083381834378 62.995050911914355 37.1075972891038 11.07133692431427 -15.603995430593585 -41.44581942671082 -67.6142684071313 -93.6975539299463 -120.58487540467343 -147.32341766932063 -172.84786984460794 -199.81804645268923 -225.5922938864512 -252.26956714751304 -278.9996573455799 -305.31354405888237 -330.84182605251186 -357.8677639890659 -383.68774109422344 -409.498483290878 -435.49385546358553 -462.4843353031811 -487.786487914287 -515.5013124168453 -540.3169099888753 -568.0196757897533 -591.3260544010698 -614.1683740594547 -635.9516106210882 -657.2233987171455 -678.6827815225763 -701.2409498379654 -726.1118222863713 -750.2556071179218 -774.8489672176481 -797.8781758745158 -876.0571434437379 1086.473067917604 1011.2219580991848 989.6136621340779 966.8358374717548 944.666949157054 921.8949209393279 901.3707137493743 881.6565426854418 861.6063357906787 840.7723092535834 818.7274454251973 794.827104878769 768.3691404709456 744.1225699680989 717.7842032455842 692.6245430221082 664.6223386904784 639.6319496548052 611.9357643962609 586.091905030586 559.6222655026822 533.6550005227338 507.5880437830052 481.73346291735027 455.715279422142 428.4250631662871 402.1056234285779 376.709722120557 350.6333487923355 324.5208881096587 298.1630630115383 272.3845570398924 246.04760025223518 220.18686486352098 193.72602238298404 166.859196506077 141.2344958693955 115.27071855495043 88.50832118304187 62.35682510832312 36.329395270244895 10.356005081350645 -16.4139783825084 -42.462066354431336 -69.06269640278168 -94.05039619237799 -121.80826131565622 -148.2856188764386 -173.44463688782596 -200.28893564972137 -226.754174272168 -253.13115341727098 -278.967387991393 -305.6073341372094 -331.6824875073568 -359.1152634289094 -383.915563619253 -410.8584435610392 -436.3903190812599 -462.4404176011132 -488.22042875818846 -516.1921269796461 -540.565340650392 -569.9122936095404 -592.202851316975 -615.1978858740707 -637.1490150253833 -658.5692002872945 -680.16712446246 -702.8615478040126 -727.8748753575067 -752.1536107149182 -776.8734838468847 -800.005432195655 -878.4259177123004 1087.5376937520361 1011.9045987945948 990.1565120425107 967.2155313474068 944.8784525035423 921.932017381976 901.2463874450964 881.3295027859585 860.9824798336977 839.7884510170531 817.348832498091 793.410086642117 768.0826331528187 743.5686707831394 716.1812606023791 691.0967301971123 663.5365401823757 638.3565203534488 611.1789298457242 585.6714330278388 558.6048035357708 532.9271553182584 506.63497751509607 480.86684711956593 454.3524944149255 427.95288947067223 401.4473476467461 375.93488031077754 349.99954296939137 323.44775203870387 297.03780687260144 271.0381096867787 245.13392504009772 219.2207620748179 192.60519552838522 165.2934755755074 139.9868847116305 114.43531522893134 87.67113889602683 61.37154256086262 35.12204401129715 9.582853050270248 -17.41078208239675 -43.34192201327815 -69.78309760665438 -95.6724674448922 -122.04241776149081 -149.39404099044714 -174.9965940723672 -201.65519965116613 -227.9669262932917 -254.32405579841586 -280.39168633501896 -306.5839037416802 -333.14378513944393 -359.5971679098584 -385.4684762692669 -411.6019476960083 -437.3955849803273 -464.20237383926155 -489.29135549793034 -516.7726703742396 -541.5243537146498 -571.2931510071003 -593.5464529457305 -616.4154071180476 -638.3614915529034 -659.8397981624768 -681.5403342456112 -704.3628035502495 -729.5114463135034 -753.9192256595126 -778.7607508246194 -801.9919298716267 -880.6471799450053 1088.4041961995426 1012.3833483361033 990.4918169405842 967.3834166089398 944.8746639469568 921.751992315832 900.9059324297931 880.8352815201642 860.3334977508568 839.1357511294397 816.9977323271183 793.357122475368 767.3794158656741 742.1666050968788 714.7735501288435 689.832015912557 662.6878740795365 637.0608010405318 610.5233263833275 584.3292089023081 558.0317662022321 531.6282552571262 505.7281811782743 479.88872706761305 453.4841713151195 426.75166800699697 400.959852814779 374.7253788754425 348.5030977899876 322.2016985262794 296.62031713905236 270.43908408790327 245.17329054252275 218.7822054678371 192.0758249656627 165.80614583547208 139.61959586344383 113.42911761155612 87.23036960039201 59.352287913860486 34.40488669387156 8.11807094285779 -17.848799583993213 -45.05318067496322 -70.4149940481857 -97.59515343692846 -122.59527984973599 -150.16444526319285 -175.5923064285032 -202.84772554173082 -228.81331236549792 -255.06054246175407 -281.1197719252644 -308.3172429552642 -332.67635915354106 -361.1152169294718 -385.888245404501 -413.1380793207312 -438.55097124715934 -465.6457550321214 -490.9602991125424 -519.5080973106762 -543.6580032639782 -571.7477474497113 -595.1395030551209 -617.7632574519353 -639.571934641461 -661.0384891819704 -682.8121920534647 -705.7538593013224 -731.0296982472064 -755.5595039183618 -780.5166231028978 -803.8424384550669 -882.7226660049428 1089.0945067181635 1012.6883262564248 990.6535344430171 967.3780881661031 944.698773036239 921.4022847799148 900.3999594503406 880.1838474662296 859.5421350980253 838.194039546949 815.8832960273154 793.0266304657009 768.6361302953061 741.5423889347542 713.5280362041394 689.0748265526341 661.4621406927331 636.9036963590445 608.7822371489065 583.9401300856197 556.5562305204041 530.7632209595514 504.6983697528751 479.3573879694277 452.3650464211286 425.2386629324214 400.23077209076325 373.3473416539042 348.12859955551573 321.7840331298209 295.80907462517325 269.78394312127676 243.02995315249754 217.0234358001475 191.0795630749403 164.57424279746348 138.43320010675612 112.54037434558356 86.47552157643713 59.08830623255815 33.426776533673625 7.018455608316666 -18.457235544701096 -45.565210296918075 -71.40406215209082 -97.65690562907383 -124.03510522565423 -151.38841839763816 -176.38406707140805 -203.6854300473537 -229.93930913412876 -256.1582305871986 -281.6988153277417 -308.6925028521392 -333.64919534081434 -362.2559462269445 -386.80650149664376 -413.8676409562039 -439.0893650935136 -467.0089562171019 -491.1175364574189 -519.5404183952238 -543.5720225821807 -572.6950070590905 -596.2920808924018 -618.7971051081844 -640.6050708329608 -662.1407193706575 -684.0086050032995 -707.0606922872421 -732.4551425904875 -757.0991976955313 -782.1648708059724 -805.5797320022084 -884.6719544484644 1089.6227071781404 1012.8408429598118 990.6663211019974 967.2282569098712 944.3835500509776 920.9194964517001 899.768060478993 879.4092329377977 858.6205784386657 836.9123182093753 813.81233371719 789.445923173311 765.1844228895355 740.4507194143713 712.3470289801671 688.1739181490159 660.6491950113635 635.5914266798142 608.802856367195 582.7835367885153 555.8424152380544 530.5675316173919 503.4990106598369 477.74525439812453 451.67546739787485 424.5806515482625 399.4441921401788 372.7019456774508 346.9536286619081 321.031902077365 294.56359248405624 268.35469620909515 241.6272592518521 216.28089609030113 189.11221540191306 162.90704742552848 137.4234819103602 111.56054142435913 84.10205872194787 58.043813798928774 32.635914628214 6.596361074335018 -20.560827457579173 -46.29156137560703 -72.42213952878714 -98.4748412757895 -124.77666110265642 -151.89547215195245 -177.37538258400824 -203.6906836453763 -230.34121814557972 -257.4381120037931 -283.19514072515256 -309.1611364837743 -335.96478157178166 -362.0292115672412 -387.9499425970452 -414.4950516825117 -440.40138118951575 -466.3256106104241 -492.07022570188633 -519.9897938636063 -544.09912181357 -574.0635452791097 -596.9235115514703 -619.5116107207655 -641.4817268068082 -663.1660384370774 -685.1487112999746 -708.3022444731878 -733.8060783650602 -758.5557387915808 -783.7218928018837 -807.2192085063484 -886.5073899487629 1089.9996499263843 1012.8583657381166 990.5506841437044 966.9581158672333 943.9568937135547 920.335052676393 899.0444614559391 878.5613118649825 857.6607455261025 835.6511260077194 811.857151645729 786.6699932908522 762.0685402480675 738.7457291011435 712.4696235799754 686.9832704075641 659.7864464656121 634.5449308277233 607.5034488487219 581.9805436047216 554.7934928917734 529.5587916086179 501.9417290746187 477.011917454699 450.4131777103939 423.57064867234425 398.6299996015346 371.74500879186144 346.1759566523475 319.93378087476594 293.87788140539186 267.440603591374 240.94488299954625 215.41572999081524 188.26300062436192 161.66360320016236 137.1106735437696 110.69255776467735 83.91630460235199 57.320278976326726 31.56404385589479 5.848569237824493 -21.141457405784724 -47.78700747134174 -73.3728499446659 -99.46377840701253 -126.35963339886375 -152.8441001699261 -178.72632637515594 -205.02437224570022 -231.59765258550254 -258.659376999557 -284.3035784229119 -309.91074915412787 -337.06894028781386 -363.39396208809717 -389.0662154724008 -415.4315222141279 -441.3428022844447 -468.12274698757915 -493.3465217437966 -520.8444845157164 -545.4507577587252 -575.1720640470519 -597.476304478342 -620.2922406130243 -642.4047666500015 -664.1772029891117 -686.2485102381834 -709.494240679248 -735.0975603235972 -759.9433214524748 -785.2008828846884 -808.7731049839467 -888.2383259105028 1090.2385531248892 1012.7615013219213 990.3306494661415 966.5958397119776 943.4511450554089 919.685246753809 898.2685736940615 877.692470506573 856.7485177933495 834.646524047982 810.6162508142482 785.8367552246739 761.8328416593371 738.2087117447572 711.4762401671517 686.1694871764523 659.1353836732623 633.5280489653567 606.3098614441326 581.3054426373242 554.513098438816 528.4292237447239 502.62344223420195 475.65309893141654 449.6539499586746 423.58342241934605 397.3244246479781 371.29223174623326 345.3533402688508 318.15779917885516 293.151622949103 266.4489624811924 240.67711304496194 214.5991134813954 188.02275538130309 161.87460552254993 135.95955449906128 109.36054304036135 83.74756105383628 56.34464495182075 30.879887417490032 4.00620018428636 -21.736060706060126 -48.27017610723481 -73.59717147500628 -100.20691591403416 -127.18492706469102 -153.62165215268755 -178.76563575959963 -206.35515055433154 -231.94366486398147 -258.8653214542199 -285.6394205640218 -310.5591219842976 -337.5012343417096 -364.14991214292434 -390.25438137760807 -416.4289778519876 -442.09700271113525 -468.95567369127826 -493.9523349979752 -522.4803447631884 -546.8547016129743 -576.2209783013957 -598.2447208203938 -621.3258459263008 -643.4754893798762 -665.2136933379184 -687.3268440848262 -710.6552543783615 -736.3474387647339 -761.2788499699176 -786.6176378653599 -810.2561581799689 -889.876324890795 1090.3560209907725 1012.5760040316734 990.0362460613237 966.1766584018993 942.906766438026 919.0155107128724 897.4897611863256 876.8791935264209 856.0348811728433 834.2595670226099 810.8788327539228 787.2077312426771 763.7465531932671 738.3835213215203 710.2787719813518 685.4881305060264 657.7508431632657 632.5672366601839 605.9724422530921 579.5898160335155 553.3735875700689 527.3368284035871 500.88890227121414 475.1927315147954 448.0979428239484 422.08660870473057 396.2367022549128 370.0906403653441 344.52317006389825 317.64732289584015 291.3766286182997 265.8140923489631 238.9800530871926 213.33769867051853 186.97139391986437 160.4942483170197 134.82827000120483 108.16125070113793 82.53321236725554 55.37360875734358 29.668972845498377 3.3941965532992793 -22.591698168660987 -49.42669256458706 -75.06943046129037 -101.4262408985884 -127.83101618346792 -154.7253165383605 -180.20926340294898 -207.8693591910347 -232.60934442693633 -259.39541614143747 -286.13008098885354 -311.9991149180806 -338.2574346652726 -365.5985114206042 -390.87870068687806 -418.0519270795573 -443.3993945755417 -469.80614916806655 -495.2243325794619 -523.1821662556488 -547.3636066012128 -577.1827155919932 -599.5563738998896 -622.8033762558053 -644.7975115954575 -666.3194600568689 -688.4077202929373 -711.808928048456 -737.5784094857619 -762.5837888678285 -787.9921933284205 -811.687052267068 -891.4361448569074 1090.361943775166 1012.3166575789201 989.6844710385495 965.7202292132545 942.3460594410595 918.3506227235135 896.7347014182945 876.1314842098077 855.4765764895169 834.3020591753024 812.1704206252056 789.6134308347902 762.6708566310963 736.7293516924293 709.5952440325143 684.6356688039895 656.8045377041225 631.4642176788559 604.4008756885893 579.2636394941306 552.1063633094485 526.7415824528103 499.59120893136145 474.3164149199574 447.63507261235117 422.3290293542489 395.25594004256016 369.1642304703757 343.42794281257176 317.52217823075074 291.10519515203265 265.1870439907949 238.559279339678 212.60512761657134 185.69133254259313 160.3035084549793 133.76288430031522 107.65242485285192 80.88580618661561 54.49993145528179 28.994684904225473 2.4658348434525483 -23.47522930754677 -50.53613095559457 -76.04511015185523 -103.00676725847569 -127.95385989463439 -155.4458884355946 -181.73303142866396 -207.84601180709097 -234.3240243647638 -261.49334493607023 -286.2105133437725 -313.24639144908286 -339.1733072784246 -365.92139419516485 -391.85057891906456 -418.20512090788543 -443.39020102580434 -471.14211607585634 -495.645434528271 -523.787677239986 -548.3112358400255 -577.7303741027273 -601.1672307635123 -624.5279624906415 -646.2574476223783 -667.475482025947 -689.5036275051514 -712.9676972550619 -738.8025761802294 -763.8697658690991 -789.3355814924848 -813.0762130296932 -892.9261689036813 1090.2615340526831 1011.9905683910785 989.2831925759061 965.2352912000792 941.7785845346677 917.700863252633 896.0141409726707 875.3871258665548 854.7918116681521 833.8640693931396 812.2704260904667 789.498961547004 760.680684749532 735.9412470548664 709.0078112175548 683.2156475388164 655.6009388271401 630.3289287259352 603.7679077181455 578.3420646165092 550.9595067120557 525.6307530568657 498.5640375657183 473.8944975309577 445.9530565204461 420.5530906842409 394.37236664665693 368.7766764146838 342.3926501121821 316.4160761058353 289.15841331216825 264.40388343835804 237.05840769019494 211.5514822735963 184.9530815117345 159.04740562137883 132.54523659815064 107.0213785552206 80.09103478249075 53.395330897593524 27.317457579300843 1.7121366742698347 -25.07497590739214 -51.246610737728616 -77.3731085409714 -103.36440464015477 -129.99744050221474 -155.98599109404617 -182.80851261333422 -209.1759506867729 -234.9853346397092 -261.8426686438446 -288.1155398357055 -314.4247299681275 -339.7001688415801 -367.8637804546212 -392.5184808040946 -419.5060354529796 -444.8114566140171 -471.8988711359545 -497.43460329740043 -524.7586861304611 -548.9670628833381 -578.7675785764688 -602.3303922942459 -625.7323916467866 -647.4202782772913 -668.5762145544954 -690.6189778942689 -714.1361406657547 -740.024618054869 -765.1415152913796 -790.6525272248582 -814.4282829178345 -894.3503232932816 1090.0556492337764 1011.597485445209 988.831466378856 964.7199749229674 941.2014597883243 917.062297045776 895.3231537832858 874.6301319172331 853.9333417811024 832.8220656921822 810.9210595480727 789.0803752436485 761.3665261242747 735.1611782593652 707.7308859339099 682.6930246968917 655.4150373599482 630.2838095396204 602.6566551537169 576.8186957138015 551.0659901292076 524.636740437456 498.3238588969649 472.190708093034 446.2465245484489 421.04722971559727 393.59131856350064 367.08826063159086 341.5560203649095 315.5667139042602 288.77936680950313 262.49866851584983 236.85769888666783 211.0357802573609 183.6050998258316 157.6324666253711 132.24664319812317 105.74351335981154 79.56474663584042 52.99384195934486 26.551613000042504 0.5373044122233473 -26.162563681255094 -51.60332277151391 -78.07294345649994 -103.72480853431807 -130.94349481695448 -157.20314803864127 -182.77186407922449 -210.5010590509761 -235.38452836337322 -264.1099105214512 -287.68455853836076 -315.09788492170236 -340.5670450933367 -368.22634013120995 -393.4385769351576 -420.22319279557837 -445.7037663121242 -472.73078008538306 -497.4095708978181 -526.2157486040061 -550.8706431355729 -579.6840381278923 -602.9025955826894 -626.3498391747248 -648.2519955438568 -669.6103687590545 -691.7502865788931 -715.3111927805251 -741.2420372087714 -766.3971582937137 -791.9417578769177 -815.7424526175421 -895.7084408679369 1089.738897061482 1011.1266474773856 988.3157717611301 964.1572840516286 940.5940724156226 916.4107408496945 894.6344990154138 873.877305930692 853.0557259954012 831.7657698763384 809.6382159479364 787.5089909565783 759.4084037851919 734.4785839134709 706.8179159250685 681.360827467679 654.3966084425739 628.6767505841464 602.0175188734843 575.7913556571565 549.4790770918206 523.2255464838639 497.23461993441833 471.2209777428286 444.8605107898929 419.8001263543207 392.4948971901134 366.0584190659843 340.9039392846927 314.55259199772684 288.7735994280426 260.66486132803675 235.60287451395322 210.15507614932508 183.47533308445398 155.9635541968188 131.34385213818035 104.88904097266682 78.11458418760472 51.192239863462866 25.734690824709308 -0.6216447453769214 -27.442545564813134 -52.69568959084213 -79.10866286480197 -105.1414744900137 -131.23410195899302 -159.16167384742153 -184.18655590706823 -211.788281484457 -236.6677735310933 -264.14387287364957 -289.4454945650978 -316.16537174211476 -341.2095937088728 -369.63899024760696 -394.3841966734215 -421.613306202135 -446.40570040914224 -473.6686467974735 -498.6567806065905 -527.6025760544563 -551.3467866008085 -579.6519360765126 -603.2831549279705 -626.9326636174028 -649.0772804375728 -670.6477771610544 -692.8828082417793 -716.4788874554035 -742.4420997188275 -767.6253825683857 -793.1934433099244 -817.0101315566992 -896.9945025538375 1089.3083932961229 1010.5715702983207 987.7277298595197 963.5364346274273 939.9431180497661 915.7303827225301 893.9301855784844 873.1241572123174 852.1990181335098 830.838724146524 808.7564552331906 786.1568262697402 758.7291009296506 732.4090848975837 705.5431517947587 680.1231182146681 653.8406333023883 628.1146761308378 600.6265727714543 575.1175748327646 548.2703422618629 522.8203464369253 496.287055522327 472.4079960927262 443.04765062847025 417.21037953485154 391.11594762119984 365.7772718287373 339.23534743800224 312.92257341993576 287.29301092407997 261.00067146517466 234.06053079916663 208.43841689617247 181.78772012264346 155.93039643788143 129.81075886349143 104.11747768237021 77.65586533879417 51.21741335641474 25.401749006493358 -0.4595980612718767 -27.164226053206068 -53.90506979141535 -79.82012297123721 -106.15413221561097 -132.54653897357812 -158.86155394277196 -185.68168846048542 -212.0094812969793 -237.26174652439067 -264.4541216933933 -290.72211442607625 -316.8034301000214 -343.29052926843144 -370.19125355395937 -395.6370775855542 -422.1735764171313 -447.6235877508729 -474.4503610037494 -499.92372987365013 -527.2612822291172 -552.5076348338391 -581.0405558568666 -603.8688268434972 -627.774047741616 -650.0615551255751 -671.7220263203527 -694.0064740393206 -717.6297483468772 -743.616243836177 -768.818673432712 -794.4011491673773 -818.2257745380556 -898.2046959895491 1088.7622416925024 1009.9275421636114 987.061127760151 962.8493002684584 939.2384576414097 915.0090732715504 893.1963040297443 872.3533847683559 851.3390228696945 829.8968963770994 807.7952860361856 784.360402575838 757.4110990772537 732.460515416412 704.5725645601595 679.254557469558 652.4176994080166 627.1055795607565 599.4979355013494 573.9173412331479 547.529915008209 521.5921239031493 495.84701992791605 469.6822144688245 442.32122559386124 416.855252278408 390.19605736719296 364.62333672166244 338.03344788593785 312.24308276630876 284.82642991461256 260.11972875265354 232.48211358313844 208.41299471941664 180.2518145180056 154.92534431497927 128.98577348211958 103.48395407007696 75.98165283448532 50.17991435740905 24.53926387949854 -1.9137146975602999 -28.703125412708506 -54.50160196802387 -81.21097830036148 -106.5950018839636 -134.12480281381966 -160.38574835771433 -186.00557261709963 -212.65376573613594 -238.87785933461723 -265.3631876886311 -291.5524151082769 -317.6063574824044 -343.59529324602966 -371.2223417350978 -396.76213714951837 -423.2267335679308 -448.9809028405096 -474.9816628026376 -501.09922514910585 -528.2582250024807 -552.8806869908854 -581.7958854844218 -605.0971723514806 -629.1695861911207 -651.3604528617419 -672.8658663187823 -695.1132922909969 -718.7562390753667 -744.7576460787795 -769.9710280240324 -795.5597190185742 -819.3849178454707 -899.3358635630445 1088.0979309633378 1009.1886034153152 986.308171644526 962.0857509821601 938.4675055045486 914.2317755976082 892.4156741367467 871.5472174519091 850.4601879807699 828.9009322906538 806.6405557232748 783.2109358295331 756.3134724467659 730.9186502791315 704.3500674523813 679.7489274860897 651.8179834898156 625.5932136364752 599.7457024850056 572.8184842882006 547.1934032219167 521.4711904770842 494.9847138383371 469.28594576590433 442.49374889234457 415.4058644473099 389.5268749660654 363.54057673135964 337.5641200390356 312.50645866492357 284.6654887847717 259.2868247258293 232.59228410020563 207.13372930730515 179.97453408358538 154.1574505517384 128.2375878191912 102.15974819537482 75.79255211774586 48.83388099381219 22.889818984555834 -2.7435102841909256 -30.07516186472123 -55.42619424621237 -82.29012292317131 -107.87928338258024 -134.09863396054686 -160.8510255426622 -187.19085030201816 -214.77836808177997 -239.6491077434639 -266.59173249394684 -292.1256037840309 -319.73360826987704 -344.26107692227424 -371.9885991655117 -397.28859168586433 -423.3530746621879 -449.37517887974315 -477.03097162888935 -502.0857649706175 -529.8447081017546 -554.6029342407942 -582.8886321343874 -606.9508387146947 -631.0371151908229 -652.918784519154 -674.0579943650089 -696.1935841712154 -719.8493301375798 -745.8582458318225 -771.0754816031885 -796.6633087076643 -820.4826315186725 -900.3848097361241 1087.3122909869162 1008.3471063436378 985.4588100630439 961.2326645523024 937.613902770448 913.3788906015145 891.5658480661009 870.6790780737001 849.5288708938488 827.8200926841868 805.2814242617205 781.8991307133122 756.0439718606301 730.1942537340725 703.2883357118674 678.0575509268355 650.6868022756104 624.7594361447343 597.9317237708095 572.2078865176767 546.3370897436422 519.8846802849157 493.78431637268676 468.5484159605804 440.7105810000553 414.9658105279785 388.4191948166303 362.21695591841024 336.8776048729072 310.2978537366316 284.1608832363817 257.69354063082 232.20096088317254 205.9948140662197 179.188615746644 152.69791945653827 127.31565063142045 100.99857634566672 74.90040497420063 47.945986036032984 21.508114346698434 -3.8970566470661114 -30.55469492559127 -56.84961890903415 -82.9491853775499 -108.38108221614678 -135.7162047899564 -162.65704017896454 -187.4686683344878 -215.55897610846196 -240.7950695541021 -268.0420272014057 -292.9340279171103 -320.4975289093066 -345.33908073038106 -373.77887398212357 -398.2371447242712 -425.3320522363002 -449.9654648379827 -478.2233826919372 -502.1040489076837 -531.502360129109 -555.4456493953659 -583.0249997704952 -608.6280420248906 -632.840931096712 -654.4256108849481 -675.2108970731263 -697.2349132074446 -720.8977018637129 -746.9082785661797 -772.1239817474612 -797.7055878586594 -821.5139743239238 -901.3491778777255 1086.4032040345915 1007.3986454132372 984.5074738618338 960.2830115540107 936.669105978851 912.4403860770564 890.6355286592147 869.7415425440577 848.5515814133234 826.7110524221717 803.8879994661145 780.2033857693262 754.9769848455887 729.3652135286733 702.4978913472721 677.5438723545573 649.8338508363147 624.3343691961788 597.2350897830677 572.0889997387326 544.4390364937784 519.7110708788392 492.2653254166432 466.7021802233874 439.9767908463128 413.9763383687799 387.7416816530232 362.25296697253 335.3860999731362 309.79930592579063 283.01816261329674 256.71332746891125 231.90028580835738 204.99830788209215 178.89257915755198 152.87033323506444 125.3588547657956 99.76573573666306 73.50267252631897 47.78138054629187 21.506492853373427 -4.917443682507321 -31.243816580422937 -57.62433107659227 -84.10191079366646 -109.71152744791236 -136.65132927072173 -162.1729183332965 -189.20096755178986 -215.3820618139588 -241.13467105489502 -268.15697031173397 -293.6288078727991 -320.9874555270064 -346.0147730217265 -373.74497168276247 -399.1432878081959 -425.3976325046148 -451.6847621069614 -477.9918043974886 -504.06530081335154 -530.4843423781642 -555.0211255000056 -585.806991289731 -610.1538080386529 -634.3389882191027 -655.7324917073223 -676.282602867261 -698.2307213137846 -721.8947646293159 -747.901290603224 -773.1103053039005 -798.6806183271732 -822.4732707042208 -902.2239126434353 1085.3693060888702 1006.3410876201305 983.4517288912149 959.2340183267313 935.630026685726 911.4129044961389 889.6211968491762 868.7463566188054 847.5860782302439 825.7768176330941 802.9776551515045 779.3858169804545 753.7204700934864 728.2218133917551 701.8295982175069 676.3204359995233 648.2192825340402 623.2902952561004 595.9822889468777 570.3348164622391 544.0519876524255 518.982611502294 491.4055200157 465.9338184509807 438.7596437723832 412.7495855528526 386.74668398838946 360.0724062586094 334.19937093276985 308.452480871721 281.73962371171626 255.7049315777049 230.06518379605816 203.9697708828906 177.66495388373983 151.98048915784315 124.13803672831668 99.31034061410318 72.51880140818828 47.133419506779596 20.11501309584844 -5.980105917728656 -33.664807941199435 -57.76364663080774 -84.53131025066574 -111.16134689247359 -137.65449217158735 -163.00846780446128 -189.95162610194427 -216.95715084356138 -242.52325922027322 -269.11015551180907 -295.2809581606461 -321.33880026168197 -348.2186550199914 -374.60146014475697 -400.1156901431776 -426.69860799874573 -452.36685504092867 -479.06239123824184 -504.87882954850545 -531.5139094171575 -556.096561818092 -587.1197056947327 -611.231768574212 -635.4106019576508 -656.7501135478564 -677.2493566275796 -699.1785559984281 -722.8372312466169 -748.8331383837271 -774.0295034101032 -799.5827319014804 -823.3543281991759 -903.0020742746264 1084.2097100527642 1005.1742977144116 982.292003747078 958.0868994719472 934.4987713907967 910.2995138346406 888.5268775553325 867.6961742603185 846.6289903681727 825.0014466427914 802.5152846203531 779.5821260155717 753.1920579281968 728.2862085423016 700.3644154925629 674.6036759400315 647.885908834628 622.5928491196925 596.2345812058519 569.7642247107293 544.6530019168116 517.1810846884332 490.9396875501092 465.31316785301874 438.7125600693851 412.5091589793646 385.901288830325 359.51955274985204 334.8168798147946 308.036138767817 281.4746282789287 255.45290064582852 229.2770565463397 203.77646324992384 176.47374361071994 151.152180619645 122.91360804448423 97.95142229758518 71.8061208981757 44.801895088867916 19.192402912045996 -5.961591662667399 -32.713731471961346 -60.23604864375634 -85.39059029751076 -111.27592587491912 -137.70372080291108 -166.38197966731155 -191.20815719619867 -216.53841115624544 -243.88406695658526 -270.61521280727965 -296.2616344180936 -322.4562027602543 -347.99721277010065 -376.2416585111355 -401.17531961024406 -427.8566703396557 -453.51445517058914 -480.57592404741024 -505.5510950081279 -534.6683108119595 -558.3864108915278 -587.0935514388304 -612.0781010869972 -636.1329261910385 -657.5240477990571 -678.124480207688 -700.0799401586738 -723.7249484536978 -749.7017795276978 -774.8776539016909 -800.4062472455721 -824.1501273390772 -903.6744804129303 1082.9241827619253 1003.9009871143782 981.0328174529267 956.8485773698704 933.2848876868368 909.1124903281124 887.3674094117503 866.5888887286171 845.6224055530515 824.1563503264231 801.9079612899537 779.8531668885578 752.7215763242168 726.7600176659139 699.4789077839287 674.1449346881674 647.3928157597558 621.2041933994908 594.8298068997581 568.3332727958302 542.5818893337592 515.5476276652878 490.6921215165227 464.13021892990565 437.451094696126 411.3182070866154 384.9949598669247 359.3499483962173 332.92053284943785 306.9621407055256 280.30041995182677 254.7531563678344 228.7236277669975 202.4110805311789 175.3824736767884 150.52438878194667 122.94899250054307 97.33026089771542 70.97893350107704 43.79474998195797 18.450498578889388 -6.163088752232371 -32.956052076304665 -60.930855017447534 -86.4180395722839 -112.33729935341344 -138.28389343427554 -166.88809917968302 -191.81991610714095 -218.8660458200775 -243.9916827510056 -271.28802337322145 -296.8059491436483 -324.0588052271454 -348.7220806336518 -377.30632535049244 -402.35245589729385 -428.5010759221142 -454.02562115098783 -482.19980486777746 -506.20105799737627 -534.4043440754342 -558.9910006225064 -587.4517051066816 -612.9862835070329 -636.865358171267 -658.2818008507504 -678.9715823085639 -700.942087338479 -724.562250229823 -750.5081815848861 -775.6523074013338 -801.1454677913518 -824.8524679803671 -904.2287344841885 1081.51258572952 1002.5229270450772 979.6771723650012 955.5237101666897 931.9948577427948 907.860226123293 886.1530006006469 865.4248589679077 844.5335898776535 823.133145239721 800.9037127567675 778.1943432772532 750.7341469317078 724.932972826943 698.5876388583486 672.6778177850148 644.6987958469417 619.2318737922267 593.4266973866819 566.7560127548538 540.5338663569515 514.3312183841765 488.18250563065516 462.81949280402307 436.43320211280155 409.9557386252128 384.65356734001045 357.74547631003475 331.37617946991895 305.49674972011604 277.961734704918 253.03788012173135 227.30750126940075 200.78435458847076 174.49089538727728 149.13832940789706 121.60617162982166 96.23552914574488 69.68187961300094 42.96565922608086 16.78452281787243 -9.518839797822483 -35.43059532844019 -61.271138616019336 -87.3538903295573 -114.01760236154017 -140.4476699010812 -167.57906108998196 -193.09808708965957 -219.7597300573595 -246.13081730814898 -272.79815213538035 -298.01099209197093 -325.16377460632253 -351.0062481797599 -378.0235086294215 -403.07160296891396 -430.5065343891182 -455.98256203764777 -481.74329939325986 -507.6668767972949 -535.4975585182723 -559.5517801738383 -589.5386965952574 -614.1097831066452 -637.7656683157974 -659.1300837597361 -679.8220155690082 -701.7698088225776 -725.351639809203 -751.2521774127935 -776.3506010439891 -801.7949812672573 -825.4539826975961 -904.6542535084735 1079.9753480491854 1001.0418152982585 978.2276537563563 954.1160959666851 930.6338289267455 906.5492910757143 884.8915891868833 864.2007321520206 843.322631086152 821.8428998548983 799.3717357031235 776.4112515210591 750.2207710377826 724.0749224744629 696.81259706299 671.8907697334552 644.5321312143112 619.1703407557678 592.5294746069006 565.6329844378995 540.0675817865235 514.436384875961 487.61532487089306 461.8931921358315 434.98352637711366 409.34414943471256 382.75578740444877 356.8699808468118 330.1939643996354 304.09802305351286 277.96304233929175 251.92200697014687 225.74379137512165 200.20024026391565 174.1926885409209 147.7507212589 120.92794930627885 94.80864315889922 68.02760648165955 42.31198933624963 16.057511615752553 -9.402613542837864 -36.33556676998185 -62.51305455108492 -89.37266059946067 -114.8237668985549 -141.46358396016353 -168.49599045811357 -194.19653397289255 -220.44498076968338 -245.93083492835333 -273.5569055888351 -299.7164161523616 -325.81365324769695 -351.558908112044 -379.3798202931861 -404.27379494844484 -431.29636748280075 -456.191336422682 -483.4770466076833 -508.5096011665457 -536.235172268876 -560.4038337820103 -590.0964142382387 -615.2980269050445 -638.8880472548404 -660.118997076386 -680.6919680193591 -702.5667825821625 -726.0948454612285 -751.9332543324712 -776.9697675011104 -802.3498972166624 -825.9481633622505 -904.941948061602 1078.3116424564091 999.4588922676016 976.6868030248473 952.6300189193709 929.2080025904768 905.1878948467379 883.5932949549987 862.932346209847 842.0187918736391 820.3689733673906 797.5219263881398 773.937444034943 748.3542368256178 723.3708402758872 697.1129585905048 670.0522843001263 643.7233981285558 617.7308948230683 591.9620084657917 565.2683967418668 539.2125342430137 513.4047935049637 486.69978680303143 461.1958044348388 434.6693945400191 407.7545046254182 381.55754661154714 355.8742408889566 329.81119103409367 303.7632242925149 278.06177475536526 251.26386825017246 224.97409787158685 198.84314760965293 172.48468334800486 145.8473842379171 120.56326028614431 94.22249938994662 67.43625935163679 40.31691599799265 14.369625416660037 -11.025893962271917 -37.822225629580004 -63.714661945083165 -89.95584403564553 -115.60934475085338 -141.60036259728565 -170.0591810294015 -194.61169803933197 -222.2783996942144 -247.65300777208876 -274.72135563029735 -299.69707900864483 -327.80775943666356 -352.83714114132357 -380.30365837226594 -405.56647381308517 -432.12034185296807 -457.3738248360345 -484.93800188881124 -510.0095775758166 -537.3213647528958 -562.1678640566739 -592.2371584888114 -616.6712074117256 -640.2011963623058 -661.2398704952113 -681.5839138838447 -703.3377177915138 -726.7941762497517 -752.5509481876703 -777.5065454662155 -802.8043073773268 -826.3270665695246 -905.0804748277577 1076.5169804846903 997.7735585174357 975.0562442773049 951.0700235637901 927.7251023134994 903.7870742155366 882.2722765156805 861.6614580574662 840.7405573407217 819.0383465159698 796.1059366819924 772.4916435213011 747.757438029765 722.3544605805009 695.270054949885 669.7679962219272 643.1270029427639 617.102865812937 590.1439096003977 564.1238413962685 538.9844487921307 512.5489368546672 485.5058398054135 460.07579679392103 433.58989928284416 406.9154776438232 380.46510558883733 354.0399108650667 329.05049259567136 302.9611110576907 276.9207181814058 249.91758629610797 223.94799670636604 197.60137754094194 171.50500934917468 145.62569646361604 119.33701025607894 92.9615673499048 66.49230764745947 39.58971810270905 13.987186798824649 -12.194141432254316 -38.5821933522288 -65.0695701341984 -90.77663963209181 -116.4030964965032 -143.05220411432757 -171.04097756879918 -196.31019666573235 -223.41067389589824 -248.295856792861 -275.161220850888 -300.5226916077411 -329.0409813969329 -353.67658184864246 -380.90138856368145 -406.55490740461573 -432.81593296579206 -458.69105317968774 -485.6909538936032 -510.2096604087054 -538.9817304243604 -562.7339655250727 -591.9576461393399 -617.8423977799922 -641.5519347443687 -662.410075539827 -682.483610796625 -704.0890578921927 -727.452645732467 -753.1042918625568 -777.9559454423984 -803.1493927169629 -826.5788918192303 -905.0527314334313 1074.596354417384 995.9902896449402 973.3404605355668 949.4406879151306 926.1898581453504 902.351739665346 880.9336536940637 860.4008174662872 839.5231215985458 817.9263992891077 795.2596320135309 771.959675065965 746.8098527683545 721.6857165540096 694.3627536437137 668.4852079511929 642.272654518947 617.4728624274505 589.449188793739 563.6538499662123 537.8487989252626 511.11058130969985 485.04445129503466 459.55242641808815 432.3912106874722 406.17549724449043 379.93567990540146 354.0818382608985 327.5556200671291 301.50930836948646 275.69811675777765 249.6840843060618 223.20689619445523 196.69934905991155 171.17180262686313 145.15703224933526 118.07212645889085 92.06106710400061 65.75989188755672 39.5800613688237 12.758262421277948 -12.524728672383581 -39.4580225470137 -65.06687550845892 -91.62645116101027 -118.03413750019698 -144.4283503248648 -170.50200189877887 -196.90563654773462 -223.36547084490877 -249.3469479322867 -276.6802968352696 -302.29008781161446 -328.1053503899437 -354.89371258965696 -381.8830471753862 -407.52253107227904 -433.8816883452717 -460.0095202116469 -486.45964595957014 -512.0642246282573 -538.6155306158729 -563.5811080518832 -592.6089560346298 -618.8839280842599 -642.8217940987437 -663.5477560057947 -683.37309332991 -704.8235514014058 -728.0720652355224 -753.594031727769 -778.3176459828566 -803.3838536433273 -826.7016427791116 -904.8560471094648 1072.560672054172 994.116436583453 971.5452698434709 947.7459580095502 924.6042594514516 900.8818787155793 879.5755944077222 859.1425475649902 838.3439438614969 816.9292124548535 794.6719732502677 772.1087762796885 746.7374825457612 720.0058468157432 693.183555098347 668.3146986809877 640.6226964728525 615.7526952973642 588.8427529808555 562.0649908747167 536.2051809776067 510.67099370471345 483.69685922580516 458.12199786825965 431.1323088779014 405.3229745887394 378.7505596633834 352.507840867625 326.69479977777064 300.37245748268447 274.2691118274794 248.66933508706637 222.37158381054354 195.8348959771106 168.90089028751981 143.2080863147997 117.32363711740753 91.20671512643871 64.24082280061448 38.593937189257105 11.998574744214949 -13.648984454734824 -40.363165794059995 -65.65337097467359 -93.11915466367009 -118.26822703253592 -145.2729037214951 -172.21353492446818 -197.86816336828755 -224.00191723195007 -250.47396518542106 -277.8177306915769 -302.8605668136277 -329.737496267208 -355.19684457344107 -383.21783757636194 -408.1687212843922 -435.18893168411074 -460.56175793177187 -488.1259076555848 -512.6803156257184 -538.3300359626162 -563.8095468512295 -594.5906225830487 -619.9277796319498 -643.8435097084042 -664.5077957229458 -684.2153400680742 -705.5406823368232 -728.6527088303517 -754.0214001014981 -778.5938634628712 -803.5109081559388 -826.6994246864253 -904.4970363124696 1070.4308046013498 992.1659497741222 969.6814476060887 945.9926575902583 922.9709508689865 899.3758326717739 878.1924797434048 857.8728927981374 837.1724621149345 815.908242485731 793.9202459107021 771.2757042292352 745.7915178072349 719.3997928201545 692.2956289849562 666.9159236455577 639.8596360899231 614.5958440954778 587.5377611759742 561.6913303159529 535.2340995019897 509.18741512852364 482.5623723223831 457.66889187817986 429.6498152870007 404.48757824060664 378.1351751516094 352.2438886102357 325.63871140461424 299.18819150886486 272.97571195506015 247.65832936797975 221.2799611362099 194.89499553545485 168.47807938054115 142.48537736772943 116.08013023823408 89.67773754204688 63.579396994788354 36.46765251130687 10.647499714790847 -14.838154084617527 -41.25356764040961 -67.58255707736132 -93.93853320688183 -119.74879356221176 -146.34757198247866 -172.683387899382 -198.5639333663768 -225.9660934360285 -251.03778653292596 -279.530164088413 -303.6001485756701 -331.39576066176045 -356.2314639364061 -383.2349138414783 -410.0223413917825 -436.142936869212 -461.44399431084446 -488.3646326049533 -513.6028777525289 -542.3511730471323 -566.3031779731174 -595.4338970680299 -620.8170387964169 -644.6414472935007 -665.3129986631575 -685.0145964145638 -706.2401372128937 -729.1969286610582 -754.3918872335871 -778.7932726726422 -803.5423579738921 -826.5866399132957 -903.9961919442503 1068.2427985920588 990.1630902903079 967.7677190218625 944.1925745274439 921.29435237405 897.8304159277673 876.7740927286316 856.5630067422237 835.9374745430927 814.5270696704491 791.9839531403821 769.217054807478 745.9136493772668 718.2050939242497 691.6132918438343 665.864411861268 639.7866751211828 613.0661767824839 588.264945077781 562.8666439324066 533.4796015527974 508.4977795776034 482.252000774793 456.75251991744494 428.91323191030835 403.17150934470897 376.91390837418714 350.91646206523006 324.14145465344075 298.62695819404064 272.67438267682104 247.11093155142967 220.86669575540347 194.24172056487407 167.96138529930573 141.09155407629487 114.7942258279569 88.79400425960178 62.46693683346597 36.052298689003266 9.804219769378939 -16.103293637062585 -41.91988457051374 -68.63037669013225 -94.64259297158671 -121.39212423156049 -147.22886535797437 -173.5181635083531 -198.9104046893275 -227.02800802081345 -251.4758901111815 -280.0351972345304 -304.81270529725373 -331.5263032248112 -357.13239584713864 -384.70697974636397 -410.1625969776835 -436.8738701210374 -462.5309634113625 -489.19547303846514 -514.3892604385801 -543.757940665909 -566.9717488484716 -596.7430031487445 -621.4495060162201 -645.4326122844957 -666.1688937263609 -685.8204397806693 -706.9227989951003 -729.7109740893919 -754.7180161828884 -778.934744420643 -803.5032566298905 -826.3934092386529 -903.3949118259344 1066.018429748099 988.1205292745146 965.8124133237516 942.3485790723494 919.5715317722157 896.2367135574164 875.3059962864157 855.1985216897615 834.6354395642834 812.8978242319814 789.288577280432 765.0799771356661 741.3505057247246 717.6023339020014 689.9235871137358 665.3352950160805 637.5557187823673 611.0836954677618 586.3652825163822 560.101433685155 532.4903152363792 507.4476293400151 480.9882409937953 455.17549158058534 428.9988301948067 403.0682366600134 375.9767409518363 349.8255049378733 324.5178472371271 298.49341473446555 272.3825617345399 245.7687372345305 219.47281389548368 193.50734363467484 167.29019213671504 140.70663724127743 114.83330049411758 88.71884798431125 61.68388400070588 35.29566443605589 9.467614960927799 -16.929779211364377 -42.89705541461359 -69.47689816895041 -95.17763017374003 -120.85111146202759 -147.79748066503166 -174.80407768837236 -200.97747705588284 -227.39879559436878 -253.5870955847688 -280.3808925697594 -305.6483411554671 -332.7449268566309 -358.02096084756283 -385.03786896093715 -410.7701235263505 -438.00090407231585 -463.3024252572238 -490.2221953889983 -515.877703546877 -543.2142910237624 -567.4981198562305 -596.6973609705746 -621.8715176048217 -646.3897464113167 -667.1657080731791 -686.6487362793933 -707.5821545677314 -730.1922816934155 -755.0018807515496 -779.0251068109561 -803.4050519527393 -826.1349628569155 -902.7167600355218 1063.7598248921881 986.0335292877912 963.8073152830482 940.4480243492459 917.7851096640507 894.5724761203094 873.7614552810437 853.7766360960003 833.3439691909995 811.7090411787449 788.1388483341658 763.7677949151038 740.3550917084742 717.4279781766544 691.5084383665509 666.0849485255422 636.775703564148 611.4995642291034 584.6289539648827 558.3069764716422 532.1142554679874 506.29028160637614 480.36401296067686 453.86915115201526 427.18870329412636 401.1978009819617 374.83724598784767 348.9744133416487 323.6562864154119 296.37027175341404 270.2574127169719 244.55465918273822 218.1811901812419 192.81204943046401 165.15344355169503 138.96079128404716 113.40449360200408 86.94882687389862 59.94447243386756 35.00447851701075 8.726047051674868 -17.855127140858507 -44.698187752691275 -70.43898050524365 -96.34757755118025 -121.46865331921227 -149.4360537323721 -175.7635664863799 -202.06233792388645 -228.87465555857594 -254.2156670677905 -281.2811647818348 -306.9722607695927 -333.55834812490576 -360.07299005684274 -385.66515420746515 -412.16755026325364 -438.63033624505664 -464.65888169020945 -491.3829322047239 -517.1663972817904 -543.7419765738412 -568.7625735201915 -597.7052448087934 -623.1192416069109 -647.8750561387193 -668.4123728864772 -687.5096109002881 -708.1970847287425 -730.6225526279902 -755.228591008138 -779.0529830221923 -803.2397989875817 -825.806130695951 -901.9622720870078 1061.506830093426 983.9315765367639 961.7772027913358 938.5098367230046 915.9478196061553 892.8440438404895 872.1409022547161 852.2911781470995 832.048447413468 810.9619603701764 788.6023286038613 764.911337822364 740.2384591019006 716.0045523502092 690.3405487754978 664.4950947295504 635.5882353383278 610.5701794989998 584.5565315933655 557.7619928261734 531.2447320448308 505.6070078875277 478.228503575297 453.3816265756359 427.3389792757939 400.8291020484896 374.5008093904589 347.8153646491212 322.58468713811254 296.710131089444 269.96999049555063 243.69170966311162 217.7500878863589 192.2654465185913 165.75232822013922 136.25658111303377 110.60893425223871 86.00258733048993 60.587919224472586 34.06290162558147 6.426742784495673 -20.25353667246789 -45.349019824251194 -70.16157050448838 -98.0358815649815 -122.897173157947 -150.19013426939784 -176.1696955878771 -201.86962184309496 -229.69371095028765 -254.8980269566416 -282.09198791929356 -307.96280735398085 -334.4491671541604 -360.2429823376781 -387.3825093477586 -412.7034074061978 -439.4352752001474 -465.2653434944741 -492.99804429161657 -517.7697167165205 -545.5191920135812 -569.7289483672713 -598.4334337589661 -624.9700526935991 -649.5459357559585 -669.6864116006041 -688.3521715754184 -708.7767002354668 -731.015457276067 -755.4171101733374 -779.0426680140936 -803.0369974447516 -825.4407202386917 -901.1752562228227 1059.3718793325922 981.9094357487171 959.8095365731682 936.6126268786994 914.1290028071256 891.1111724648574 870.4952310373836 850.754735102999 830.6636092781262 810.0183669124458 788.6370434731537 765.8280567252049 741.2778704701188 715.6009717975357 687.0343940862108 661.7449883653662 635.7341514604772 608.6215700939625 583.3794048868089 556.9101626355992 530.1491762455901 504.70325022211114 477.77112095762413 452.0244563140111 425.58052219727483 399.8836090702372 373.0967592851341 346.61654329828724 321.10112334627183 295.2718372802208 269.6302192318764 243.00799468408877 216.5727824620759 189.0873758152096 163.80791905229347 138.6672204571348 114.28918526490816 89.02588606500605 63.05328602421426 33.278797897264056 4.2281240851340565 -23.263256462550718 -47.94089616827509 -72.67108315864631 -98.45300990913202 -124.80542749685958 -151.11612428327695 -177.79360675674346 -204.6622071197439 -230.92934734825133 -255.98610920946842 -283.9829358183814 -309.1385839102077 -335.7216271224899 -361.24123854161974 -388.8510903428398 -413.36029632196716 -441.00071807239857 -466.49701029438194 -493.17798302288156 -519.4071688596173 -546.9858419882535 -571.7619361354256 -600.5843823836877 -625.95779264383 -650.0933577633914 -670.2771387228187 -689.0481327036368 -709.3916706511566 -731.4493728046272 -755.6545414916776 -779.0899236219434 -802.9008735106503 -825.1501015406302 -900.4851396845804 1057.3095002471866 979.9207457742384 957.8566665026547 934.7068593167986 912.2769983699843 889.3200079605175 868.7685386806488 849.1012879214098 829.0970439200688 808.6274722221066 787.5857481475177 765.0312737619731 739.8436539289139 713.9607447887921 686.2194412897313 659.1463250340588 634.3983920920608 608.0853951360069 581.802799860864 555.0882112286998 529.2096625202736 503.410070380121 476.5980142558583 450.9237278875317 425.06313498296186 399.64683930691723 372.37983391485204 346.0241036551092 320.83288951700086 293.72728473904414 267.69429089803657 241.0139706953766 215.61316406630104 188.89494409259814 165.83871544159422 145.8015664253952 121.53844502377115 92.9453344352054 64.29854352206996 34.389820497976885 4.211008482705732 -23.63176705811559 -48.80904814953921 -74.74079456179757 -99.22820874648808 -125.68245521770508 -151.41764468255954 -178.9236199684753 -205.7961343920143 -230.8289636351939 -257.90096192721643 -283.8443919904611 -310.01483886579825 -336.0896798680882 -362.48554112068877 -388.7864569867673 -414.68207096678753 -442.22233662595175 -466.9805179114341 -495.3791011870186 -519.951735878954 -546.5350173260458 -570.9620476919416 -600.4077878107659 -625.4914749945347 -649.3908491471302 -670.0858512725612 -689.5222791880548 -709.9751604153344 -731.8584738666939 -755.8764414601328 -779.1318258614282 -802.7699533060719 -824.8738275447066 -899.832099298328 1055.0041274649604 977.6686584285638 955.6266855646164 932.5056822367148 910.1098894417283 887.1938953017104 866.6891919277876 847.0708147569079 827.1136874398837 806.6495935320057 785.5318479583275 763.2341832259848 738.8741205895849 712.8211715208308 686.1923371262232 660.7319912471825 636.5729906140933 608.4716163646162 580.7132565767822 554.0484292067115 528.9997950461441 502.0857411308823 476.40680643663376 449.9477449563315 423.50614515426605 398.5675560452268 370.76295731525306 345.0786842036428 319.1475585460319 293.0243742106195 266.2430874202994 241.3938741287683 215.5057449319161 190.57429302433835 168.2436185864635 144.8695242387473 120.83068713232284 93.42952558930472 63.66110431376666 34.11818662972577 4.869460559751639 -23.08278206739234 -49.46298715793061 -74.69063851333134 -99.9393410277479 -126.28444908037982 -152.02675912662215 -178.33817235261964 -205.53781607110054 -232.41273422515405 -258.66095178282734 -285.08830514918134 -311.5280993769467 -337.24814012056095 -363.4615580090623 -390.0692023463395 -415.3934682826864 -442.38341605088794 -467.8553205989222 -495.6486977209736 -520.6042359945487 -548.0472584562265 -574.7940717548739 -600.4621629048656 -624.8492338724556 -648.3469247489207 -669.5083556967942 -689.6695052100796 -710.2482177410559 -731.9534014102492 -755.7827473315605 -778.8583374749404 -802.3244820314883 -824.2834217242904 -898.8598093790549 1052.6013105735576 975.3008722371206 953.2691631925903 930.1611503498276 907.7822471884637 884.8896359320712 864.4155130259717 844.8267904641867 824.8901327754133 804.3270747776648 782.8806834921809 760.5363290494366 737.1283624987136 712.7127318758681 687.8343351775203 662.3333952790355 635.6592301385432 607.6974299564229 580.4402973999319 553.874947377642 527.9461428491044 501.9274654317917 476.38936407765334 450.51874389704744 422.98947256665315 395.6866221475647 368.76673112027595 343.8859665408168 318.38272965793766 292.75009039705566 266.37508379934263 240.39465639161398 214.57572073342604 189.24779690909574 165.14090178543586 140.7525507820313 115.38700356210148 88.64396183561982 60.62118642836835 32.38070297039782 4.496353157097487 -22.952281817652025 -49.88361276233005 -76.015061062078 -101.73193327955374 -127.46268651341045 -152.88276735617532 -179.29972414043453 -205.88116156554554 -232.22945449544957 -258.6600018460921 -285.0319872165455 -312.34052646234073 -338.9216124487661 -364.9367167460641 -391.2296284251432 -416.98015433400604 -443.0008938543853 -469.24543828493245 -496.3541924192982 -523.7393692675164 -550.528851380948 -576.2383848619004 -600.8289873247005 -624.6809066654546 -647.4484050764482 -668.8805061948813 -689.6014302383 -710.2536809083384 -731.7859135003796 -755.4341546149832 -778.3383646971499 -801.6410701328873 -823.4620042089546 -897.6694520811101 1050.037639003176 972.7688461834914 950.7418099989993 927.6385453334025 905.267220877073 882.3883964543354 861.9359019693368 842.3723724680256 822.4600703072635 801.8333188106842 780.1479537725401 757.7039307532872 734.801176996607 711.246249893303 686.8409049120667 661.1838456138224 633.8770775409383 606.1063621353925 579.0705834542761 552.635698215133 526.664681254584 500.952261688928 475.2942245624795 449.0930609377319 421.7462333215988 394.3894757502264 368.1576365619861 342.4994770235505 316.7921839529046 290.985196016558 265.0247127146483 239.06644635925406 213.2610624812198 187.6589114929104 162.31827639107124 136.8555743067856 110.8877611932583 84.4472343234929 57.56738346749347 30.53832126626987 3.6485722963574436 -23.22734965546935 -50.21489400588128 -76.92271320745972 -102.96211084207359 -128.6701612863743 -154.37914602210157 -180.26628359582165 -206.50074647015066 -232.92750261902245 -259.4030579433885 -286.0073330063294 -312.83699000498785 -339.57160288595276 -365.9095875010475 -391.9530059090112 -417.8010631821854 -443.757892755709 -470.1217041952943 -497.00673634234204 -524.5156975637177 -551.5302261956753 -576.943118196962 -601.10902394489 -624.384896752051 -646.7925892556757 -668.3554563713911 -689.3155509055625 -709.9354571303506 -731.2970127642848 -754.7680286197136 -777.5054744106418 -800.6494112201569 -822.3358799957101 -896.1782277580911 1048.74308837799 971.4601819337853 949.4248707405138 926.3120646694952 903.9329682001663 881.0500084360127 860.5996106371421 841.0438118115353 821.1443285516557 800.5008580136733 778.7346133798762 756.0790573087074 732.7691972397881 708.7563390452672 683.9918995075907 658.3467195595625 631.6916480969865 604.7124010037468 578.0946947354477 551.7836887174365 525.7245424161024 499.80184164541424 473.9001722222774 447.708703488748 420.9166047870886 394.11852720546847 367.90912183207035 341.9911789927161 316.0674890132288 290.10140687572687 264.0562875623268 238.01465678182046 212.05904024299855 186.17376574575016 160.343161089965 134.4487839074336 108.37219182994569 82.12169262412534 55.70559405659645 29.221334659950283 2.766352966778113 -23.74572853641597 -50.40128736312779 -76.96947648136926 -103.2194488591515 -129.29574041046905 -155.34288704931507 -181.46411597584117 -207.76265439019642 -234.1476179709724 -260.52812239675984 -286.9714054842623 -313.54470505019293 -340.08490073938805 -366.4288721968833 -392.63200876054196 -418.74969977103297 -444.94718263980445 -471.3896948173702 -498.0521508057843 -524.9094656511867 -551.3180558912508 -576.6343456417408 -600.9647064638309 -624.4156154678395 -646.9652338345597 -668.5931928547574 -689.5488366425701 -710.1019853026755 -731.3643327072501 -754.7327664860668 -777.3739093417264 -800.4266205927075 -822.0364465695781 -895.6750524676454 1037.930724870005 961.0938547781095 939.1657106131482 916.1599605333283 893.8887935525329 871.1303377593956 850.812468334838 831.4142244020634 811.7125835206766 791.2962921711984 769.7754878514597 747.2273445323686 723.7305719907768 699.4623941101478 674.6001450398542 649.316080230909 623.7824630510635 598.0797249788408 572.2882980611571 546.4242227416765 520.5035395048666 494.54380405287515 468.5625720907801 442.5919771558893 416.6641527857198 390.724361594268 364.71786619554206 338.6865784563964 312.6724102436835 286.6728259141467 260.68528982452887 234.70384507455822 208.7225347639626 182.74747486051476 156.78478133198524 130.84142865317514 104.9243912988846 79.02099584714855 53.118568876001284 27.190787763887776 1.2113298892527293 -24.820020267060194 -50.90347822420757 -77.05386675458047 -103.28600863057052 -129.563732532194 -155.85086713946683 -182.12633532040428 -208.36905994301728 -234.57553711019915 -260.742262924841 -286.8796405915583 -312.99807331498 -339.11864561838814 -365.2624420252631 -391.4254849391903 -417.60379676651513 -443.7904606840309 -469.9785599069795 -496.00054030432807 -521.688848280582 -546.9756099848437 -571.7929590253099 -595.9436611783105 -619.2305861119422 -641.5383323662483 -662.7529455068719 -683.2115618969207 -703.2714723661036 -724.0370976607393 -746.8935740340297 -769.0559862046248 -791.6492815209596 -812.8605998608083 -885.3344424120421 575.0687078519131 602.3706736520052 609.0170954283747 615.2287767930213 620.5610425444356 625.4824922137606 628.9780107085202 631.6690464665163 634.0705220083798 636.3939135503427 638.8430490918873 641.3948091225905 644.0255250147732 646.6878367612068 649.3343449298193 651.9240535314436 654.4159637463362 656.7673600742686 658.9355268117853 660.9449537727226 662.8201307563259 664.5854232025112 666.2651965501503 667.8838482897013 669.4657759115474 671.0353716607091 672.6170277821933 674.2026037017948 675.7839588452985 677.3529522024432 678.9014427629669 680.4212940357748 681.9043695297778 683.3425287819047 684.7276313290929 686.0593590771113 687.3373939317347 688.5614172088834 689.7311102244837 690.8461536592918 691.9062281940646 692.9110149081208 693.860194880779 694.7571523248382 695.6052714530982 696.4079399516347 697.1685455065214 697.8904781312414 698.5771278392775 699.2318804061938 699.8581216075505 700.437174768226 700.9503632130924 701.3790123485127 701.7044475808106 701.9080036674515 701.9710153654448 701.8747626709531 701.6005255738942 701.1620073333381 700.5729111214049 699.8462137884075 698.9948909735978 698.0346275217523 696.9810914097486 695.8399679961784 694.6167077001088 693.2583282503828 691.7085750903578 689.7835173186558 687.2536469766793 684.5816387057058 681.5953606314957 678.5433588324452 666.8324652269762 528.1383365820907 554.5619251635186 561.0647200545662 567.1914045628972 572.4939119355943 577.4181709228837 580.9746954027279 583.7544870109899 586.2454892324859 588.642827390567 591.1342275662441 593.6941792380783 596.2966406429292 598.8927117786001 601.4334545014518 603.8760931396293 606.17784928284 608.2943057079456 610.1810449951938 611.8725681750382 613.4033762638174 614.8078546808588 616.1203888444758 617.3753976918213 618.6073001599777 619.8504995193184 621.1393990402144 622.463656666311 623.8129303412593 625.1768770029013 626.5451535890815 627.9074085024026 629.2532901454608 630.5724547300218 631.8545584678446 633.0988966041022 634.3047643839611 635.4714582223427 636.5982745341607 637.6845110082907 638.7294653336068 639.732434397199 640.6927150861586 641.6158120086653 642.5072297728999 643.3724659846864 644.2170182498506 645.0463797276359 645.8660435772887 646.6815106566368 647.498281823512 648.2926259628659 649.0408119596491 649.7190937101191 650.303725110507 650.7709817573265 651.0971392466834 651.2584319182022 651.2310941057704 651.0239213823531 650.6457092410038 650.104606629381 649.4087613821525 648.5687539309932 647.5951492056495 646.4894100071891 645.2527832226268 643.8509992057448 642.2467810155803 640.2864368642946 637.7743887517282 635.1477023978509 632.2600438449066 629.3646937465082 618.5892234804325 517.7859365204114 543.9709281070786 550.4334814814113 556.5348636351528 561.8261898829306 566.7471574905425 570.3151588256167 573.1129017763772 575.6209773337957 578.0300313452777 580.5233779948704 583.0754315115514 585.6600797345524 588.2285508908606 590.7320354143832 593.1278808606389 595.3734320717299 597.4243562294554 599.2363203207999 600.8460450151186 602.2902509677759 603.6055309383379 604.8284776853665 605.9957093362725 607.1438440183981 608.3095164606862 609.5293613920734 610.7923662105918 612.0875183142687 613.4038058764531 614.7302170704933 616.0557706786607 617.3694854832354 618.660352737282 619.9173636938716 621.1398054756697 622.3269652053465 623.4781258968939 624.5925705643073 625.6695777680451 626.7084260685667 627.7083968259257 628.6687714001746 629.5955599867377 630.494772781038 631.3724444084428 632.2346094943138 633.0873185189628 633.9366219626969 634.78854227148 635.6491018912691 636.4937849254538 637.2980754774178 638.0374949390695 638.6875647022862 639.2237868308736 639.6216633882333 639.8566295245175 639.9041203842775 639.7710189477193 639.4642081170931 638.9898917603879 638.3542726599042 637.5660425609534 636.6338780872107 635.5575776635629 634.3367290977232 632.9417896475778 631.3402830521762 629.3864341323039 626.8936090620874 624.2914618350196 621.4405589101661 618.5944137129733 608.0801728336052 500.33101523744074 526.1166268991241 532.5075705885546 538.5595525361332 543.8232967292312 548.7284358245962 552.3042077603938 555.1199769970215 557.6445641777458 560.0615955874857 562.5474787898772 565.0767979788628 567.6236190675166 570.1398072032472 572.5771903225642 574.8934526486393 577.0462757330127 578.991891603206 580.6865320949175 582.1699032797586 583.4817112155653 584.6615853150025 585.7491549897431 586.7841032542965 587.8061131230912 588.8547663369756 589.9696446367851 591.1388993794383 592.3506819218496 593.593137897287 594.8544129390131 596.1225397520111 597.3855510412576 598.6315815588672 599.8487660569508 601.0363653654337 602.1936403142354 603.3198669790052 604.4143214353815 605.4762963061629 606.5050842141418 607.499967376871 608.4602280119 609.3926553712386 610.3040387068909 611.2010764515326 612.0904670378346 612.978850305338 613.8728660935801 614.7792572625794 615.7047666723537 616.6239891460186 617.5115195066913 618.3417986574299 619.0892675012637 619.7284962794339 620.2340552327922 620.580548373149 620.7425797069477 620.7240331506058 620.5287925458529 620.1602738471407 619.6218919687155 618.918999995771 618.0569365252991 617.032615544615 615.8427492464386 614.4653035770493 612.875433846679 610.9399624162893 608.4865645368872 605.9320744993518 603.1480776913678 600.3874841669677 590.3088664454891 482.39722110152695 507.74226353266545 514.0468421891355 520.0319907868712 525.2495776675244 530.1186483183285 533.6819640743296 536.49498509264 539.0143587740207 541.4167074062492 543.8715588403879 546.354590281121 548.8409695754929 551.2837316429304 553.6358748326288 555.8568950743554 557.9062856722555 559.7413684401782 561.3194650034694 562.6823951204259 563.8719785358179 564.9297765431395 565.8973504349113 566.8162073986991 567.7278546219912 568.6741380453399 569.6969036092912 570.7833655040712 571.9207379199024 573.0962536247157 574.2971453864428 575.5110680321806 576.7256763890279 577.9282442819888 579.1060455360685 580.258563489602 581.385281480928 582.4856258590113 583.5590229728225 584.6048379802321 585.6224360391153 586.6112200721578 587.5705930020441 588.5074080298845 589.4285183567898 590.3411193377348 591.2524063276954 592.1697918771116 593.1006885364202 594.0521238263567 595.0311252676528 596.0119845953498 596.9689935444858 597.8770128837915 598.7109033819734 599.4450936388937 600.0540122540525 600.5117464159572 600.7923833080166 600.8962615095796 600.8237195289233 600.5739492016327 600.146141373339 599.5430138256609 598.7672705519511 597.8133995505614 596.6756967741065 595.3385442221843 593.7836490422965 591.8904135519672 589.5009841850126 587.017120396877 584.3216741231478 581.664677258742 572.068712304228 463.7651088810448 488.6161969266362 494.81450636040165 500.70891391859794 505.854582376262 510.65934022505314 514.1816880030859 516.962534975022 519.4459130171597 521.801435502564 524.1917603207546 526.5947170111244 528.9876357318174 531.327397975658 533.5708493815146 535.6784169795957 537.6105252259156 539.3282611278579 540.792711507986 542.0455682767538 543.1285233313424 544.0836985996468 544.9532160086138 545.7795425803085 546.6051453367346 547.4711890251582 548.4188383928433 549.4357019731526 550.5093882994474 551.6274346318758 552.777378230581 553.9451819284842 555.116808558502 556.2796403335595 557.4210594665807 558.5403934778899 559.6369698878104 560.7103263113131 561.760000363364 562.7857723862162 563.7874227221199 564.7645627487638 565.7168038438354 566.6522666242049 567.579071706742 568.5041537293636 569.4344473299832 570.3760317802149 571.3349863516678 572.3188362745492 573.335106779061 574.3598135368699 575.3689722196335 576.3367163670073 577.237179518614 578.0460336761496 578.738950840955 579.2924202963497 579.6829313208326 579.9072413253176 579.9621076536909 579.8450637811533 579.5536422493888 579.0837246919546 578.4311797401821 577.5847300324481 576.5329171094427 575.2681937939922 573.7804905435675 571.9620358504319 569.6699261896104 567.2878417771835 564.7101369532963 562.1808305265926 553.1285110599789 445.25072773479855 469.56669663624 475.6391396255467 481.41728674741097 486.4621912586942 491.17030563755145 494.61787066765106 497.3312380915406 499.7419727167513 502.01375718319827 504.30346873505226 506.593243987975 508.86473095219895 511.07201787203377 513.1691579114942 515.131268626478 516.9334650542256 518.5339227279333 519.8908169999684 521.0478588741513 522.0487593413221 522.9334540806987 523.7418787705647 524.511863484509 525.2812382960514 526.0962292645555 527.0030624493772 527.9841981920571 529.0220968341325 530.1002095720021 531.2019876020628 532.3202047018108 533.4476346487426 534.5687091192165 535.6678597895896 536.7474055623773 537.8096653400933 538.8557166895725 539.8866371776516 540.9016070826086 541.8998066827195 542.8813972521957 543.8465400652465 544.7949368892262 545.7262894914911 546.6484216058769 547.5691569662234 548.5032654850206 549.4655170747616 550.4594588738157 551.4886380205531 552.5272936171662 553.5496647658456 554.5443874424672 555.5000976228825 556.3945446493351 557.2054778637471 557.9013788017031 558.4507289942962 558.84415579049 559.0722864766203 559.1095457003956 558.9303572371819 558.5470159720107 557.9718046397007 557.2056120475626 556.2491577722492 555.0868944082683 553.70091747113 551.9938890581639 549.8356413913676 547.5889474987703 545.1593192327285 542.7811223040844 534.3198958395748 425.79405351881957 449.51477926959313 455.4380276065304 461.0715774871041 465.98510378647046 470.5631521190962 473.9023701713529 476.51396899352807 478.8166927249388 480.97436332599784 483.14416393160406 485.31378695049267 487.47044814516903 489.5269544047335 491.3960783966276 493.1303147431499 494.7821556095991 496.26830361580704 497.5054612052009 498.5575029701097 499.48830349019363 500.3312917959003 501.1198969167655 501.86993910017355 502.5972385934429 503.38173644364855 504.3033736978627 505.3130252697095 506.3615660728132 507.4155332429431 508.44146391586895 509.4632291003817 510.5046998052737 511.53973331991983 512.542186933697 513.5311766134201 514.5258183259058 515.5379110119305 516.57925361227 517.6406982417441 518.7130970151753 519.7959838704679 520.888892745528 521.9405255568432 522.8995842209018 523.7735954329366 524.5700858881778 525.3757880550795 526.2774344020936 527.2468472925779 528.255849089886 529.2589355295837 530.2106023472303 531.1819135708799 532.2439332285633 533.382994452222 534.5854303734968 535.738493446934 536.7294361229262 537.5408098532324 538.1551660318462 538.4094953473335 538.1407876837674 537.5015215546189 536.6441642682098 535.6825792742642 534.730473954916 533.6803781914587 532.4226481240705 530.8624474025727 528.8746633687388 526.7977577777531 524.5484978132298 522.3479754029862 514.5438347808918 405.28982956708865 428.35560329631664 434.10703981262105 439.5688723478338 444.3220923981173 448.7388733978725 451.93898447296925 454.4180827150222 456.5819066319001 458.59060419429215 460.5978675090331 462.6084938766691 464.6268170875748 466.49814687938505 468.06775971120055 469.5076808425856 470.9899331438081 472.3628628233343 473.47481591808514 474.42314017001917 475.3051833087782 476.14048472959524 476.9485838268203 477.7039570781802 478.38108096133965 479.13421827099165 480.1176318018216 481.2259183937226 482.35367488658426 483.41249047518534 484.3139543543007 485.17567996353284 486.1152807424813 487.0649178405068 487.95675240696823 488.8398686565635 489.76335080398724 490.74755294186406 491.8128291628169 492.94248486349784 494.119825440556 495.3487181136275 496.6330301023449 497.83288604587517 498.80841058338024 499.5907026326802 500.21086111159116 500.83733802360996 501.6385853722306 502.55715681146916 503.5356059953401 504.48346046958665 505.3102477799496 506.2193216642942 507.4140358604665 508.8706414383586 510.565389467594 512.3022877464039 513.8853440692558 515.261039845038 516.3758564302099 516.8861915785263 516.4484423135145 515.4139349396664 514.1339855906972 512.8717296930266 511.89016101244033 510.96127603857235 509.8550981829837 508.4728398719601 506.68823209943326 504.81217128986435 502.77278689286265 500.7745607386904 493.6907184420637 384.1096973532413 406.47297487062815 412.0343539188198 417.30265594385463 421.872562895117 426.1036993896686 429.14130946603876 431.4659749471406 433.47108905313115 435.2734663058447 436.9836713362117 438.6717120156469 440.40762593954327 441.99347388844757 443.2379937656753 444.3702427119729 445.6767148632139 446.94411454530626 447.9498253421266 448.8325291270117 449.72613519352575 450.611751387717 451.47901910509097 452.2339905373374 452.7835008016872 453.42864184122226 454.47014249234655 455.7526680437002 457.12222252787495 458.2581366986377 458.9321531467074 459.5369873494998 460.478337671246 461.53795370471767 462.5001966776613 463.36772797794146 464.3185002647286 465.3382846541058 466.36038477623305 467.4247916148993 468.541665069525 469.75122957125535 471.0991418601491 472.3063043162737 473.18308370215095 473.77011349047984 474.38470441582837 475.106488859169 475.83952280731717 476.76082353549657 477.76065202782064 478.73229867778923 479.55646887283353 480.3980822167381 481.6116379254882 483.064374071548 484.6210733920689 486.3863793458232 488.06955991236373 489.73985947163646 490.96037984905774 491.5870462286913 491.36800500151753 490.735252441105 489.8526674165768 488.93507598705077 488.1579519720697 487.3766411960913 486.44483104891685 485.2623085181455 483.7043526721895 482.0517602512677 480.2439767163972 478.46627797732117 472.1495299541178 362.39840905641853 384.0184935926707 389.3743758196579 394.4309404742524 398.7987195983224 402.824791175527 405.68204349508693 407.8361212153391 409.6683659675157 411.22310180672895 412.5395831687298 413.88980055908166 415.4260796248733 416.8747840146292 417.4642545815199 418.21583538555285 419.25320544357544 420.69550173340366 421.6746480013734 422.33655452389166 423.24979199640666 424.21914357084563 425.2331334962227 426.06431232006884 426.3799105206026 426.94748161903067 427.97684727577195 429.41447175478817 431.34984578429794 432.4120779604692 432.9015891223745 433.23306724674154 434.16304292208997 435.686997194939 437.2111549085091 437.67702718017017 438.31093088989405 439.5625660513285 440.27403844027447 441.3069480634983 442.2321443756691 443.36348432466053 444.64722437632923 446.06509989587744 447.6546748291179 447.44137206665397 447.5282690358008 448.5657514644227 449.3595652053019 450.8599698322849 451.66097158829086 452.4690487499709 453.6153202434156 454.4047649588192 455.3693058934318 456.1798102731323 456.67043789251795 458.82195159908 458.98981015390297 460.9933609758755 461.74405626317196 462.53999615805964 462.5249922955343 463.4998229060297 464.05655104781835 464.07379867661746 463.724477124365 463.1226495216867 462.3849480851347 461.41670731948955 460.1018671817331 458.6890626913705 457.1289412582009 455.5855356637105 450.07244670132985 340.17559239977004 361.0159471363779 366.1529920831087 370.9824947042851 375.132814055659 378.93859641944783 381.60243908720986 383.57360931552563 385.220096900277 386.54858762481973 387.56267545191537 388.6769245271445 389.76010229386134 391.13819526946213 391.67497011694655 392.6911195042853 393.5943450880675 394.23913520952027 395.2999357614847 395.9168530529677 396.9724805798147 398.0650291756331 398.76293612021914 399.88022931217284 400.3274185889637 401.475155423542 403.07049972471054 403.77237640246403 405.39248558402494 406.2651848901169 406.6423930704528 406.8831217645633 408.1054227331094 409.57298226888815 411.0135963484968 411.83301027852724 412.1034424267113 413.5177422080268 414.32258627378206 415.3346005487048 416.08891709650567 417.4465110509655 417.8026664907482 418.45153984791165 420.0121822428223 420.58755618862176 421.5542295651331 422.33872068639033 423.48581046525226 424.87093222286995 425.5101324445115 426.2459805543702 427.2954399595142 427.84919255201635 428.9112362937118 429.77848353769906 430.5326532428712 432.1480733942994 432.61418720620105 433.49525223309837 434.6506626014006 435.81386037263536 436.4739238445026 436.98097773360587 437.99891413322206 438.6362553341702 438.64540173045395 438.2576598258657 437.7303678110112 436.9846177352524 435.92333387770105 434.76128340082596 433.4601890707972 432.16129075073474 427.48137452585775 317.52581144069575 337.5554241072245 342.46276033361846 347.05315866482704 350.97459528472615 354.549559469546 357.01229084044553 358.79332895710627 360.2450805693191 361.3826917899042 362.21765491781537 362.84635869247876 363.71294741865904 364.6655239777331 365.9976132749473 366.33537860366954 367.731989741512 368.2150767906003 369.6079436431997 370.87198190934885 371.4442444801046 372.3504198957936 373.2767415281895 374.08844442529875 374.6756732041362 375.5214697150516 377.0980055923758 377.7621653163031 378.2877815636061 379.77319544246325 380.7792698784356 381.62965669374324 383.04751580082217 383.77185068111964 384.75678834604344 385.5540747289675 387.2920690611987 388.21843319436573 389.32780773689177 390.12809181974893 390.4853800282695 391.72066604467386 392.4355447134044 393.7151389343678 394.3020983716064 395.04324515307314 396.0279075594974 397.5647811703268 398.116465571901 398.8509888195081 399.993443186577 400.5889152767872 402.18117120611845 402.226408843351 403.73376158734044 403.95318871663017 405.1821807207001 405.56220911341046 407.0970476592262 407.5285571317258 408.99347718190063 409.6307641685738 410.5577770193792 411.9534194739281 412.0573639392827 412.84105996416736 413.0718546822565 412.91926215580935 412.60930628362263 412.08713823714186 411.2830479934045 410.3766504821385 409.3405708971612 408.2922432830401 404.46610657602866 294.58113243029715 313.7754013589956 318.44488387328346 322.7877454829752 326.4732154214636 329.8121286763851 332.07218954319615 333.66131986007775 334.9125480511125 335.86950625673893 336.5701228099832 336.99372676445125 337.550027138747 338.56935083715115 339.3703957994081 340.97173105408626 341.58088569542275 342.45858736724097 342.93775946099356 344.3249802923821 345.27525004023033 345.56800924654056 346.82412037601415 348.0792231903557 348.85633508764676 350.3507775047942 350.43917540799634 351.79391199170516 352.38095691322206 353.64946022332026 355.11382019598994 355.80925292985637 356.79365482597706 357.79006559055205 358.52331169695805 359.83373177110894 360.4060617488494 361.10182256471217 362.45426236769987 363.9296117567959 363.88457289275203 365.14638030263 365.9502955305234 367.413746168762 368.13518738608644 369.6251922684863 369.6733824476496 371.51916517546505 372.3893378166705 373.0164409454778 374.2427309799381 374.79835377599545 376.0640035224151 376.3384467836029 377.6798198473373 377.27334352867314 379.61973593352167 380.0887204492049 381.0027912769955 382.4962969962999 383.0789189689811 384.1161817691278 385.0789553224615 385.4445157227703 385.8897333702859 386.8235103555194 387.24506233977854 387.3114173784002 387.20750865390914 386.90155478426107 386.35025886846586 385.6972806188673 384.92588925964975 384.12930188350447 381.16678426786154 271.4210075094817 289.7610222302193 294.187002740894 298.27711693031483 301.7232192243374 304.8250795514607 306.88547539016423 308.28802106908824 309.3447500795239 310.11509334066994 310.6527926592096 311.015621721675 311.29956644642 311.31590956039116 312.85217464030416 313.3810139393911 314.6652328443881 315.48562148323686 316.2941796154271 317.51836376235525 318.4841440230362 319.0242441300041 320.51354320616866 321.3138063944039 322.05872112723296 323.38187813851437 324.0932250683127 325.0337061945134 325.72222250479444 326.86462011084825 327.7600036405835 328.53603048580834 329.0979861857451 330.2313971557851 330.91223627369203 331.9154563074674 333.35976071114663 333.9469078404044 334.9572384231983 336.2203021500597 336.7515766802093 337.7302609608823 338.7356968563714 339.8635368775002 340.5020803159307 341.7388806476123 341.76814689637683 343.0085199490224 344.3687769514524 345.31298249744316 346.4403378063062 347.1245792368912 347.9990366751336 348.1673172867579 350.0697093100526 350.4950394969058 351.67686635175994 352.5732641260493 353.36273903291254 354.7307240313808 355.8339920119591 355.82197306516764 357.253010109166 358.200103497138 359.5427995186379 360.69600675590226 361.29897032249363 361.55654459834153 361.6398156570236 361.53716612112464 361.2288184156434 360.82207129970686 360.3105666420866 359.7633739831242 357.6665265957664 248.09017453765708 265.5622508536156 269.7414246367222 273.5765363325638 276.783096593853 279.65038739996925 281.5175803984634 282.7495760950028 283.64306014254726 284.18157895040605 284.3432205984377 284.1303340340439 284.51264108519916 286.6391639387477 287.41272157468967 288.67506910485076 288.7803297329612 290.0762465501346 291.14459240605316 291.84259342931506 292.68485248099864 293.9020655977304 294.47312325378454 295.409267412994 296.6020258153587 297.56325666048343 297.6850802172097 298.90378653852713 300.4888662535297 301.77575645975116 301.6485912305028 302.3924498621269 303.63198448942 304.33876081084213 305.64595113133385 306.4463627421375 308.22341376427175 309.1910661482014 309.80164688407865 311.1597335439326 311.4343117590705 312.2935528916186 313.1814352096525 314.5178046312095 315.20985188510764 316.27448948460136 316.9760603631034 318.49121202692675 318.9624976087289 319.52077273855974 320.8347894743799 322.1092250433573 322.5087919145867 323.93704340632803 324.4992266367679 325.2808107765365 326.39346572874854 327.29686347759 328.3559034292989 329.85423187108614 330.26642246111476 330.97142448998716 332.3403636572066 332.3921172369147 333.32684462004056 334.53575994131666 335.28952393836255 335.72090759238006 335.9736419430701 336.0578960013684 335.97902183935105 335.8078909662438 335.5482835878866 335.24558657268875 334.01072548052605 224.61157673957055 241.20714889271707 245.13851493923954 248.71918344050124 251.68892191816988 254.3269945448405 256.00991150310676 257.09106402999515 257.85902854219455 258.1664441599738 257.86110391868607 257.37374658612515 258.29149268666146 259.6766337183189 259.48247949285775 261.0642652881176 261.8421916890541 262.12495529490286 263.78208826175137 264.1452345440214 265.79052961987793 266.0806028833841 267.3541752461298 268.13778200093833 269.18735891658275 270.34221536645794 270.8551256341913 271.8870296714565 273.65094231818466 275.2500548264087 274.9689464045344 276.1913170362894 276.9641182869018 277.9905892080262 278.95671120280116 280.0412665001717 281.0635164015433 282.32287423054663 283.64287312349495 284.1337920524069 284.5512367937307 285.67911521038826 286.6621400235165 287.4728111249835 288.65929117103406 289.14865096430844 290.5963123913352 291.2029945454047 292.4602309213709 293.08185428321764 294.5101940772999 295.208875869334 295.866527160844 296.12106300882067 298.02013269145147 298.0440357575351 298.99118113604385 299.943338525329 301.15484726706154 301.72969017961805 303.4024925211598 302.8529291801401 304.70403658296857 306.464284430215 307.17573117683133 308.3849038130366 309.25013739969387 309.8393325281186 310.24337720813827 310.4965879216921 310.63177999479376 310.68362955983577 310.66590434441844 310.60109624410455 310.22048064331955 200.97364228678197 216.68904835243035 220.37384097925985 223.70323037436376 226.44128439894948 228.85747631208582 230.36609782867782 231.31404134987764 231.98680000443792 232.24579454079023 231.9472569167791 231.57468059310895 232.81286827939365 233.5548432889406 235.18336648867063 235.62964952474687 236.89627095656934 237.73919310365392 238.4496113766502 240.0832656390141 240.3131501010814 241.99964617581514 242.28392183941966 243.3103434049384 244.1405648924054 244.78229279135076 245.66878026345387 246.5278817550519 247.90256396260492 249.0657422523051 249.69187911606065 251.0891363234661 251.14400973263045 252.5268071027218 253.70444062261922 254.69968977415198 255.90747588971846 257.13033968628474 257.28065985744337 258.35894178494345 259.7780814057153 260.54804752119554 261.31560476829065 262.6117068860465 263.49142511005374 264.24490847890536 265.2517196700338 265.8418159303742 266.57843600225675 267.75286016115064 268.76959178472686 269.52590009893856 271.0614980635201 271.48057707595285 272.5333365800148 272.9899023542854 274.31509679364103 275.3058721124755 275.77914393399845 277.1637993703821 277.7293575118467 279.06846205571037 279.69225273900906 280.91348436229305 281.1453420810116 282.23652491018737 283.1608150119837 283.8937941890207 284.4327082664752 284.83814646146686 285.17247892549335 285.43465583662305 285.6484325888765 285.81441322977565 286.2786938957922 177.17867475834345 192.0150992014693 195.45674240031573 198.54061288684906 201.05463027195506 203.2585191777557 204.60435597949336 205.433231132944 206.0282485586817 206.38432641993617 206.49169893204223 206.66243316042062 207.5087129500934 207.14768528342137 208.90234129083638 208.98109579779015 209.82688865170806 210.80280047296574 212.56472563623072 213.34709819161745 213.32440052790506 215.08174363917308 215.30199415531396 216.86880135678132 217.64380663080442 217.84349959849231 219.91209598593332 220.30685376384253 222.0067722097752 222.4645613166729 223.47261218686992 224.12684926090117 224.94493304254547 225.6533700455694 227.1291565424118 227.48369882570123 229.2926981820154 230.22854615431515 231.0321389815022 232.02927519425504 232.87228257390794 233.9728802062957 235.00762326168422 235.55149249445572 237.0289495106756 237.93715062620066 238.7360696188843 239.77402880095917 241.08735868394166 241.56127711327088 241.8664510856531 243.4669013463656 244.36263454492234 244.66659019698486 246.09342500432405 246.5379679669481 247.86216229048682 248.5415239953389 249.58823905355078 250.5329513793864 251.78041527562138 252.5500997708177 253.46651456012887 254.41639751635972 255.1731503203186 256.10054500870905 257.0422026328508 257.89196393700684 258.54528460214607 259.08638712726633 259.60451386376394 260.06361150314416 260.4975442613356 260.88628602073106 262.18363615326064 153.23457925403363 167.19781523408278 170.40179459762746 173.248359082386 175.54838650264318 177.55173955274725 178.74788392907755 179.46237892971214 179.96618980456867 180.26903714970913 180.37632679010753 180.49054964597286 180.75676148937896 180.0999329321836 182.13681427015015 183.7038393154527 184.71007690552835 185.27183833512112 186.27384330831057 187.29310756223367 188.25942177662282 189.3957324166653 190.28605949519513 190.85894787067872 191.96168184353795 192.64207302971482 193.44058390596 193.79738957375005 195.88876476035688 196.5210852865484 197.88825493330776 198.50905105530705 199.0303380579281 200.58527706806703 201.18839222874678 202.3090045726001 203.79180664032864 204.36500120354162 205.10817671365547 206.1400334619674 206.9866689778503 208.28307409023498 209.1107333545095 209.96148360963835 211.05964940085778 211.59114182380068 212.83528141409664 213.40315790235843 214.8972380487645 215.61532636505987 216.56737636939295 217.99302427180876 218.14088387466674 219.04171564215875 220.45185024450282 221.16581804203574 222.27731995951433 222.684694121882 224.10798780911188 225.30744059585447 225.765492043762 226.55818283919234 227.92984309995273 228.57129137109328 229.10032819849056 230.00246466019215 230.96210162946326 231.8590208942319 232.59213853374547 233.25218174811528 233.93808321251504 234.57975444441314 235.2213944855391 235.82385187162203 237.93979500297715 129.14520410086612 142.24616357879367 145.2202934322403 147.84054586043598 149.93935245439272 151.75641683374525 152.81774534907572 153.42466509022037 153.82726198853464 153.91842588198875 153.58737919700525 153.62883472378294 155.18305756029784 155.5580295063127 156.34937855066528 157.549846871088 157.90974817377122 159.41111826596713 160.26374873634396 161.43780143567704 162.28564527279013 162.8985245996692 163.9349853261034 164.72348285919134 165.7311876875638 166.15388858495467 167.63170707327157 168.09862786652744 169.2903839311476 170.67619958034024 171.2733577339037 172.74303393697113 173.24385050654246 173.87431982626845 175.23263792989184 175.66792824609635 177.32610813622588 178.16853419917936 179.30165584871358 180.09385633069613 181.30086922406102 181.3471241041476 182.51294200535978 183.83357625449204 184.75236515798912 185.71970739867191 187.21100141515447 187.3752131767291 188.08447622727454 189.35788940668502 190.16627200796208 191.3823075145964 191.96382457004336 192.88664890936093 193.94648935042375 193.95161641866753 195.89338330610005 196.33173191702204 196.78979011397016 198.21321140929138 199.52248540847827 199.70169710460596 201.05574166058804 202.44508861968646 202.86893226319606 203.92107722509178 204.90739764905257 205.79678609979123 206.58018632869292 207.34233600198664 208.17929978260003 208.98819530189488 209.82390490324465 210.6299328287413 213.54716229195645 104.9086860190111 117.16480435737459 119.91995804957475 122.32859154186409 124.24261738254074 125.89104447343989 126.83498997586597 127.35659559026914 127.69005054760459 127.68331400536314 127.18155658917533 126.90571957514365 128.481784293795 130.35847576232703 130.50063200838107 131.75144346697275 132.6678979047232 133.70783253032593 134.30842907224257 135.89873216708975 136.0074287396493 137.67960855201778 138.20368206777104 139.04823409095826 139.71240535365718 141.17280543310542 142.07464762181863 142.73508250419079 143.6241184108444 144.80760088711736 145.56651374795197 146.7943285423551 147.14569923390084 148.3473875623214 149.37317297078917 150.125312841515 151.52424813091238 152.57711027854597 153.51506678058158 154.31188536194549 155.3143636648627 156.3307153454255 157.14487755414234 157.92854581292852 158.9948378499343 159.45323714052205 160.7828890217856 161.49809274736907 162.6275542614985 164.53675022915255 164.12886377340757 165.3383217418353 166.00763617925273 167.72614840565925 168.1056605184707 169.1924125795771 169.89832669338705 171.05422196248722 172.25221497922587 172.6952590413018 173.80543794479544 175.14721146877028 175.79585494469245 176.39514225766368 176.70213754997772 177.75912307956767 178.7627838987468 179.6791760653741 180.51304028352257 181.36004474620373 182.33022797113028 183.28951061799722 184.30396614943905 185.3019067513265 188.99941352596883 80.53436299384184 91.96602986809832 94.5142874731418 96.72735327760974 98.4742653871357 99.97268874524208 100.81715125332742 101.27843256021886 101.58257308802274 101.63342757386488 101.33240398794757 101.19302429673748 101.50974496145128 102.41909794543123 103.87792825017077 104.52064831714705 105.63379184369452 106.05921306415551 108.1125251081992 108.42479615558553 109.39541687670898 110.5589234164836 110.79109862131578 111.74586654385091 113.47638775406058 114.01315511223622 114.67642653203991 115.47439688225384 117.5707898260742 118.39758791553287 118.85397235803069 120.40759570142464 120.4724183476843 121.53210102098502 122.29724747729747 123.5511767775956 124.73348015161538 125.38750914432241 126.44168898091162 127.20469820133961 128.37411835071842 129.59391320157033 130.2775765866303 131.1256849366583 132.30265983028923 133.28287303023345 134.59538244746636 134.71043074600578 135.8788779210555 136.3209482483889 137.36731353490637 139.12430369273525 139.4903048656268 140.75645742246434 141.96398779442526 141.90722212868343 142.69781052175102 144.09020304936368 144.78842315273283 146.38144739267028 147.23799595410426 147.78016347592015 148.7751515061929 150.28684651920256 150.60702678410897 151.5471897373202 152.54127446743584 153.51439575375923 154.39785800224416 155.31309315457088 156.3988637128272 157.4916311687983 158.66924058171796 159.84708543097793 164.30259857985354 56.039314846070205 66.66734585163326 69.02068310229505 71.05393353301567 72.65089538193587 74.0172146793808 74.77907946217877 75.19812088193814 75.49436687814314 75.61834228629952 75.51733187601538 75.45737202794486 76.47790821956909 77.60607361957364 78.08199718101184 79.30039560967235 80.15533801687468 81.51510656261219 81.87966080301034 82.84407365729861 84.13822319247112 85.56648592541204 85.88723348597433 87.05228715146114 87.35176896136079 88.81364528457823 89.41945795297704 90.09326693033226 91.44584624427789 92.2366881233115 93.72682236862751 94.00908659171485 95.01203051031376 96.17222369798219 97.40973841926936 98.40793800017597 99.06364703631536 100.61966852915322 100.96102852381064 102.0957704758703 103.29624300642382 104.76327627197982 105.19489684106209 105.5721150999898 106.33575399671578 107.75196894834436 108.17056088159985 109.18257965388798 110.48996286803117 111.66462932811214 111.74058908920762 113.25573049244316 114.28622160196619 115.47725261622661 115.86159353301447 116.77830470317481 117.99770749214072 118.01419209186405 119.7793251953931 120.86592649427224 121.47649445708862 122.8241979494749 123.78415634834535 124.21795205953006 124.6410460700466 125.4702848900601 126.39185009665832 127.34602161708368 128.24406820426245 129.2122856820922 130.39717922988436 131.60747755517204 132.93338937486402 134.2796065728967 139.47133180904962 31.44807180512374 41.29117325056533 43.46014264832574 45.32735969306528 46.789278830531934 48.03891224573431 48.73252484010739 49.12208317443397 49.42101708837751 49.58631690687877 49.57200917021815 49.6491776873217 50.36725008969008 50.81477147373135 52.12138115604575 52.69592985124381 53.931348494612166 54.33019478453413 55.82346737140848 57.20819219692255 57.917236180149 58.72128036336265 59.95573372745401 60.302648633830586 61.61177412480527 62.338176816202925 63.265015644932596 64.03890810811139 65.67950836532236 66.32852329286467 66.78992882538944 68.07277935750874 68.8563304497035 70.20799303336794 70.86345794929805 72.09321273049093 73.3092391265275 74.16928374616377 75.51282231853678 75.94465139555464 77.33643526566965 77.92819880129775 78.37994877671679 79.63891883385746 80.73496867883273 81.45284370789639 82.25219721915298 83.35020331263708 84.72507180754732 85.01273353359666 86.17079395806398 87.4336321309022 88.161163544131 88.92449276745695 90.01962942398175 90.74637809235816 91.74729175169358 92.42527925801046 93.75315111781966 94.68606723912016 95.82810383288343 96.43674461747752 97.30069699999707 98.13130646546966 98.82112450687049 99.53598595762655 100.33217511084432 101.1856500854861 102.06270896322381 103.07084893642572 104.34058226505873 105.65446623359155 107.11561666536352 108.62000449563224 114.52840513624619 6.795944392542033 15.867134387500009 17.859001659093543 19.56963533893391 20.90668798580786 22.050104844130654 22.685120070397193 23.05107556503932 23.351794570429302 23.522226339121918 23.494720328835584 23.4816548088014 24.37488009833039 25.481020420733042 26.22347423274689 27.560462353621553 28.084561861776507 29.399563837368778 30.674349001401797 31.231651234606275 32.351062606032315 33.486374891372925 33.956333503215106 35.19255411824892 35.59386570072615 36.713219267615465 37.456952209886026 38.746563570087545 39.35420267231402 40.261124286480275 41.456855296146095 42.31746509428003 42.89559751593595 43.69378952098238 45.01117310252082 46.3099235052574 48.079162009043934 48.52159369258226 49.49988910483812 50.58838789847668 51.360166957587374 52.19957936958427 53.007626767679135 54.12577307975148 54.88730479405017 55.53010776617747 56.592744654398935 57.86298596231298 58.641257784644395 59.47543289026127 60.17973116335662 61.47150220007983 62.714135976539254 63.370887532766446 64.09002507567548 64.79415266772241 65.74421433463355 67.02365252591014 67.59763263577355 68.96509302141324 69.67654817198995 70.08798230526826 71.64889035271447 72.1943799409583 72.95353447250524 73.58596145681645 74.26555497171763 75.0177317111945 75.86741041773584 76.90573946793087 78.24963271146578 79.65665575231097 81.24324094006707 82.89812824155075 89.5084265893103 -17.886670660653028 -9.578639011607898 -7.759143378837101 -6.199017976673524 -4.980379110066856 -3.9366485459737337 -3.354377718277113 -3.0107002619505008 -2.715283058319028 -2.5704993302449872 -2.6810025874495005 -2.526067143770017 -1.5481360301915237 -1.0350760962724204 0.5076971411515591 1.0217316238735878 2.325109709689081 3.089111062904631 4.015926782765069 5.136157235537663 5.4837459405229545 6.574389598005487 7.584775316299705 8.708098676218368 9.003381521468343 10.085383536655586 11.342254969286776 11.951600642081411 13.644326791557237 14.405777246912464 15.928550308170731 16.176236228615334 16.99896599008878 17.776657036931134 19.066006031595258 19.80541500589457 20.965561330637954 22.1553934254938 22.63787333361455 24.078371417213603 24.658516036467233 25.437647479529844 27.126233190125888 26.960005267752265 28.52353431751132 29.456477910091067 30.019937968874856 30.748808841562266 32.168374651418524 33.46555973698181 34.50706486193637 35.239438745302095 35.80284048184887 37.30428935267323 38.45323901496053 39.1227726868882 40.33359787031198 40.56756142359802 41.62152112330812 42.34173845764505 43.60257499938223 44.26129485444052 45.61603384058703 46.794243282523446 47.01156916641673 47.572611289503385 48.16640330982538 48.84358360067625 49.67030207946853 50.73193093960136 52.14231701169099 53.634918506825855 55.33979417015691 57.13955506465143 64.44074509292906 -42.572200178559164 -35.02229967524455 -33.37267973154657 -31.95997258009931 -30.856600750921036 -29.909539150529984 -29.37757390061364 -29.057600723255216 -28.77608205552339 -28.65467109355966 -28.816988385482794 -28.45722302625348 -26.968310224739785 -26.056210703108366 -25.201716488012238 -24.120057893315945 -22.919684945983676 -22.519507090696393 -21.576910552400154 -20.89320563875214 -19.849734658215525 -18.698547846244974 -17.85519689851544 -17.41371884751737 -16.030870356275095 -14.608650435178872 -14.120694759213675 -13.053537627066785 -12.822964311206347 -10.684270286516266 -11.272594975673632 -9.617028994705297 -8.397825282655035 -7.4642938081485575 -6.234913985249843 -5.241532627963774 -4.171119238219191 -2.8423686928614798 -2.2624510940951135 -1.1189521722166935 -0.6893664894770991 0.38053538982228813 0.8837134567966406 1.829776255136564 3.120193868429927 3.8166740828094694 4.559965233923479 6.095574185416972 6.38625372479299 7.633390451110773 8.152928929953902 9.756536816191144 11.11410459856238 11.644826715885092 12.568630371151782 13.769186067639387 14.047782075477988 15.308713398010463 16.098742446422087 17.339318361272085 18.206084041842836 19.48704593973094 20.083257922619993 20.67572227531331 20.985790235665807 21.529548509751805 22.058257144069174 22.675939342160348 23.482219992320566 24.562875851319152 26.034838949864728 27.608081613301 29.426513154091065 31.367371325889415 39.35185642808473 -67.22978539308372 -60.43700721450046 -58.95719362439726 -57.69206059730244 -56.70440595667056 -55.8548184352845 -55.37443577096378 -55.08208925364144 -54.82321439483668 -54.71679322074327 -54.88329693075344 -54.71447190101917 -54.54189478302363 -53.703812087667686 -52.69175217842723 -51.95091189480605 -50.88195642062035 -49.80854381349559 -48.750672129101034 -48.269917885687335 -46.99523679760756 -47.04572218755426 -45.38450206608532 -44.259922644396966 -43.52070188134754 -42.865787192788716 -41.75144134030836 -40.97703577645327 -39.26260793390782 -38.61187081487814 -38.155030390036984 -36.77845308699106 -36.038660992407195 -34.87278557887491 -34.335632751757345 -33.5425873191107 -31.671389858465353 -31.196235836901494 -30.360161973571266 -29.39335042203286 -28.046434402798194 -26.95316080304255 -26.471448347526998 -25.66264271460945 -24.374459589685056 -24.164979470238205 -22.694659026407052 -22.112742118432713 -20.711795969133963 -20.15159290715133 -18.475617816429587 -17.478268020341254 -17.125554570026882 -15.74809948880539 -13.956102290606731 -14.790163848356912 -13.08040166449414 -12.954643360529484 -11.26400450109991 -11.070648394239958 -9.731415038788823 -9.328462224236366 -8.243151192437468 -5.532833185591928 -5.094016415259852 -4.56410052432159 -4.065999422631198 -3.4787039831843476 -2.6839636197885963 -1.5857338575199136 -0.05414949405902126 1.5976168754954723 3.5274546206021626 5.60761032353657 14.271377342978488 -91.82138041888703 -85.78894535821895 -84.48151310377666 -83.36767899428459 -82.50017450894312 -81.75312603396874 -81.32978612244155 -81.07077029432622 -80.84032426519981 -80.75671167168751 -80.93979277351835 -80.86722188322044 -79.66782617800814 -78.52498759164104 -77.84922300420567 -76.78620750461405 -75.62580339981461 -75.10518725082537 -74.45463192185055 -73.02325924606399 -72.23632699885049 -71.30301560758005 -70.11408485350111 -69.4726173660273 -68.66384695119292 -67.19090171009046 -66.81647366876446 -66.0767032140546 -64.8278076287943 -64.31005138084755 -62.478498761192945 -61.711714782733985 -61.0993130267772 -59.61770614222543 -59.27998589252389 -58.038781563935665 -56.892785899863476 -55.83983972888021 -54.727600489769564 -54.60771871325299 -53.41543330630155 -52.247844615033564 -51.575315423456 -50.46301011788184 -49.30662617152119 -48.78533964059067 -47.5464231530304 -46.70745601792835 -46.160978160432435 -45.247696471225396 -44.333036228307115 -42.588535095952565 -41.26996013605134 -40.62271733136886 -39.77123681784948 -39.28549314222599 -38.362916277745335 -37.42535674693553 -36.80694397159848 -34.94297440134651 -34.549103099818346 -33.15563416652536 -33.11511289450106 -31.578095415088107 -31.331891297189674 -30.79685762795231 -30.24935078860628 -29.619156198601583 -28.810242169232346 -27.69270640627947 -26.10016209466467 -24.368879333701088 -22.326964401415566 -20.10718509234167 -10.764500223861969 -116.32609616589694 -111.0612740635502 -109.93107579445122 -108.97525039998331 -108.23558001349082 -107.59953250617107 -107.24190879755439 -107.0236544171215 -106.82634447905816 -106.77870837040099 -107.01098057301535 -107.03215641318195 -106.39463636669359 -105.79456363878556 -105.11429678498094 -103.91099401121164 -103.36229703975442 -102.20438890119586 -101.5196587214161 -100.37364557768115 -99.74588612603567 -98.97523006273578 -98.20157125180587 -96.98390294966498 -95.90468015302957 -94.89530761718969 -94.09021560005253 -92.23363183199119 -92.00788528365104 -90.4713167377626 -89.65101170291997 -89.5225023568874 -87.69775867997609 -86.81517749686869 -86.17153930653551 -85.47497276275699 -83.9187095102088 -83.37871245336922 -81.73842329446522 -80.76825309664065 -80.22962532326567 -78.85621485095608 -78.54690459440958 -77.76852800000574 -76.11538514361818 -75.54193411963125 -74.30651789881406 -74.2478815421119 -72.56204092322336 -72.19304560172525 -71.19610193152305 -70.05044872311306 -68.85689705227742 -67.98187487763805 -67.02266616014192 -66.63928315239441 -65.50509933568675 -64.91472715207448 -64.1661767619044 -63.057155668199904 -62.11749450636698 -61.82918225808622 -60.36367919369747 -58.93522134328035 -57.769305064485415 -57.12598759330557 -56.4660593513324 -55.73619056469289 -54.89137829511777 -53.75043209579453 -52.09300086673621 -50.27868678424761 -48.1216544885915 -45.76005906102187 -35.73509073138122 -140.7349851934755 -136.24895957784383 -135.30286366990939 -134.5143261146423 -133.91290498364373 -133.39910563726792 -133.11839894722817 -132.9497304103337 -132.78963325580415 -132.79030491600093 -133.10492151529658 -133.219097715317 -132.69738534056586 -131.47806271445023 -130.41488886827344 -128.8628285913824 -128.77517305078757 -127.79725403491753 -126.80593317819927 -125.96724309428825 -125.03179272953005 -123.64057209878452 -123.33860515849219 -122.40993523032272 -121.18318325229545 -120.20401440554612 -119.14259956025052 -118.52128964712264 -117.96364201192624 -116.20436417385613 -116.0703714857461 -114.83424901649207 -113.40247862669868 -112.90078818916969 -111.81843185856978 -110.19468051399015 -109.606022051621 -108.55153629669822 -107.5112025389214 -106.16152208911133 -106.55684348728454 -105.00468814005396 -104.6627676729101 -103.7551638444979 -101.58429007097773 -100.85707884321862 -100.0234175638924 -99.78315375436318 -98.35624259493689 -97.05488993500315 -96.54780600030226 -95.28419498982993 -94.61414589645547 -93.68934446803009 -92.38277997507359 -92.29312942419254 -91.19440995624778 -90.54494115258987 -89.11217792715573 -87.78302582026885 -87.46854162029106 -86.07157900001809 -85.34940281219981 -84.47994960877541 -84.0104757054805 -83.34217074425003 -82.60156550017575 -81.80471927103115 -80.93099819305932 -79.76073424570839 -78.03239595330304 -76.12942586123346 -73.85218380400848 -71.34489555537925 -60.63049239187487 -165.05170379400357 -161.35960950622868 -160.60631978778153 -159.9966025015813 -159.54615767739602 -159.16812278925937 -158.97745116070044 -158.86891454310307 -158.75177441392307 -158.81699153421837 -159.25643329654952 -159.49883780077022 -159.0917696412574 -158.09965704968744 -156.8917659856871 -156.24537053523005 -155.07149726982584 -154.18553106477702 -153.27168856572965 -152.72640855941688 -151.36525281339263 -151.03624184279587 -149.83723639435146 -149.5339054046962 -148.17398073847323 -147.21840649181087 -146.4196615930155 -145.97552851151687 -143.71291465637944 -142.5287761538476 -141.5032407399735 -140.86246261832216 -139.8340470123033 -139.0582168149859 -138.320107575128 -136.98741629002453 -136.42773976754987 -135.735075380345 -133.669475534961 -133.15614021948662 -132.67816140028202 -132.31518997588543 -130.7552608332151 -130.0102622149703 -128.81543777239344 -127.56010203988706 -126.84300407407973 -125.79698437081626 -125.4249080685477 -124.56698618169946 -123.5264873278922 -122.35334078471708 -121.25404714672922 -120.53795244210123 -119.03342919828822 -118.98874998014337 -117.58532344459941 -116.92258474648074 -116.45327359817914 -115.17113573255038 -114.20201251328668 -113.34845661415686 -112.31586959154063 -111.0155212699056 -110.21700131140345 -109.4382862267329 -108.6533020318665 -107.83461483894338 -106.94241338548066 -105.7356797457257 -103.92878802248985 -101.92980348058218 -99.52548249297365 -96.86708481231537 -85.45215367696584 -189.29801890591634 -186.41901010565704 -185.86881654740958 -185.4512645305019 -185.16624742969688 -184.93903672336344 -184.8525744119828 -184.81707495705933 -184.75407305426546 -184.91451587195735 -185.55018207392249 -185.70316106283963 -184.08400288509358 -183.0279386307929 -182.56328011219122 -180.9941621397969 -180.68196549965097 -179.84924552771446 -178.77082870726232 -177.63214809743127 -177.71218748380136 -176.50860148580722 -174.7840914186367 -174.4022098020851 -174.0139184491922 -173.48347670216577 -170.68952628742665 -170.51042329753164 -169.8429728818022 -168.54839534045496 -167.61560772889047 -166.72160104638962 -165.98240703720467 -164.60539767979236 -164.1853791690814 -163.54936752506276 -161.2853367315342 -160.42938179125028 -159.7303076337188 -158.47711744472738 -157.8148313643253 -157.57282195270096 -155.632609488849 -155.12683411994394 -153.8250690937031 -152.94980154112585 -151.7700488387955 -151.28806876946334 -150.57839899330804 -149.44639439881882 -148.4982692351368 -147.128189703128 -146.5450290888284 -145.82049492940186 -144.3924892971698 -144.09254724650933 -143.01366004460647 -142.39720551291848 -140.87649376491692 -139.4494496812152 -138.4296029543723 -138.4389417199254 -136.76624043789033 -136.93616785633247 -136.60112767329755 -135.61589593299948 -134.72890838179754 -133.8733348459509 -132.95288775914418 -131.70208459962015 -129.8080325742156 -127.70447688507282 -125.16482283898671 -122.3485640413628 -110.2178458341528 -213.48670568323985 -211.44369755850883 -211.10847235276924 -210.8982957717393 -210.79499554705762 -210.73539042074233 -210.76862963430702 -210.81986010113687 -210.82229370162173 -211.09483903743995 -211.95732008265978 -212.496471077787 -212.55028242631477 -211.16919973425854 -209.94198332557315 -209.3246856329534 -208.28558800472584 -207.51310991841441 -207.19401094598976 -205.5432844598084 -204.9758660851159 -203.67083234009763 -203.28798524124272 -202.10038409796405 -200.95312055938206 -199.9725774033215 -198.66774537675693 -198.48065344535877 -197.03584343270063 -195.8553350725633 -195.11430274010323 -193.63112487284613 -193.41701923472053 -192.29894282434446 -191.34412616192532 -190.178183689857 -189.5100490292384 -189.12136180199374 -187.78662656042144 -185.95514875275947 -186.45650034017964 -185.2887852944215 -184.32282029823347 -183.349954683939 -181.44552052370256 -181.62387196517022 -179.76941177204836 -179.4333743175121 -178.2413929544027 -177.70499823922086 -177.09378496301503 -175.58364169804796 -174.9597824386745 -173.8432394567627 -171.7796723179829 -172.34206214172843 -171.24341176838644 -169.8677406083092 -169.31290311502497 -167.9747005962875 -167.47029785370293 -167.06520132348288 -165.57554966007288 -164.02563829233657 -163.20895368936434 -161.8840247521434 -160.85348698657998 -159.94236026941795 -158.9823132877567 -157.67905782133124 -155.68802008347922 -153.4699469430926 -150.78519768074196 -147.80294478629048 -134.93722007950254 -237.6244309185158 -236.44364934002002 -236.33668816329094 -236.35079506056024 -236.44719797175554 -236.57360061393783 -236.74332753497973 -236.8932229129996 -236.96484228979455 -237.31649807109724 -238.3069283798976 -238.5418811950616 -236.90220468248773 -236.27694590885815 -235.37608157651232 -234.40410520836338 -233.56525003373673 -232.36730800386638 -231.8361598230313 -231.51584930836427 -231.01180851109117 -228.77791162288875 -228.68269214919934 -227.47027776046096 -226.53073393191937 -225.36224406533992 -224.57598047413413 -224.05195907657048 -222.68254152165878 -221.497698853724 -220.87329336687833 -219.59140615115624 -219.20869374842547 -218.31123496867517 -217.13097379491066 -216.22435440972222 -214.9115223563799 -214.23346931595853 -212.33567665124792 -211.4207260039058 -210.77665447251638 -209.95980114118518 -209.1446778860635 -208.342497122347 -206.96057660100342 -206.0457350574163 -204.88085052672326 -204.50766629644914 -203.27403472900045 -202.6852492131936 -201.18976232644494 -200.4236351693868 -199.15623419848407 -198.79701748480153 -197.55013915811384 -196.6150378690819 -195.73150227329697 -195.4709961538054 -194.35232476418432 -192.76734854681925 -191.8126820920753 -190.66442201008093 -190.12665472334714 -189.62393047677645 -189.45557871223133 -188.0682492348913 -186.9814011875808 -186.04142173263529 -185.04503580212224 -183.6800073346881 -181.58085221087975 -179.2368859944735 -176.39577447443776 -173.23804927745917 -159.61439324103264 -261.72602952650465 -261.43788928027635 -261.57428020287534 -261.8317039036311 -262.14789966453435 -262.4806904835077 -262.80521944410754 -263.0683767087561 -263.2182959660761 -263.60616890432834 -264.583223949636 -265.02834040746217 -264.0556074007431 -264.5123239597088 -262.3478964639332 -261.7168812531202 -260.86977250998603 -260.38841405216124 -258.80543475921417 -258.4063132970522 -257.2150861631747 -255.6810656675444 -255.20293582360966 -254.42095227213764 -254.1454186490082 -253.03336238335453 -252.43451270362203 -251.2505227194066 -249.23285286589152 -247.65136051096576 -247.69576818630085 -246.45731107953685 -245.28726828202636 -244.61619568194786 -243.4437325512507 -242.89749199926413 -241.20909832010682 -240.48788874724815 -239.79661449369834 -239.39082111274683 -237.9727231015261 -237.29649967034902 -236.33099449819346 -235.35867964310827 -234.37209715477326 -232.58091881038015 -232.1130932181367 -231.90685303762265 -230.88007603356783 -229.05728333472416 -228.9876108593397 -227.67694186183758 -226.4980673823023 -226.34146249297243 -224.97587620800934 -224.40715630643282 -223.33539310177375 -222.0013627976692 -221.41084321196675 -220.61624659753357 -219.65039722862457 -218.74626322581102 -217.6826472907252 -216.17446110696167 -215.44300207216202 -214.16802953396513 -213.133050496851 -212.19262966473264 -211.1633533647124 -209.72642853176035 -207.50674837630655 -205.02404737271928 -202.0137109952995 -198.66957453273193 -184.26090099729194 -285.82610496088824 -286.4675819099014 -286.86524376792704 -287.38836927808063 -287.9477433855934 -288.51036285136746 -289.01030606268125 -289.40996823556173 -289.6693811531455 -290.0728920420645 -290.9046606150246 -291.3307821861236 -290.3941866268228 -288.802597308415 -287.7503430411521 -286.8600856882198 -285.77790339692825 -285.31957924205307 -284.2284659817646 -283.09992368352187 -282.41300111176196 -281.4856064874962 -281.0902836170462 -279.47451434472106 -278.9104085325686 -278.2084884348302 -277.3829079399962 -275.7732287771039 -275.27947429914224 -274.3655407090168 -272.89819350266123 -272.4131805721307 -271.1887831271631 -270.5662358697949 -269.7193503606761 -268.6228845047645 -267.47293962546865 -266.5911380843188 -265.2387551217549 -264.31914263698735 -263.23709763950086 -262.5282312401188 -261.65931612347265 -260.468531334061 -259.43666439250603 -257.53851733249996 -257.53124669470026 -256.3866741375921 -255.3061711216442 -255.12104038092437 -254.13864254456453 -253.10024159541115 -251.37451662925267 -251.26363268937095 -250.14093651961028 -249.5187690189162 -248.6779851381889 -248.0312753133907 -246.8444373722494 -245.8114073099404 -244.1446060118379 -244.20640085131018 -243.17972871556552 -242.14782685790001 -241.36993467953693 -240.34187008781095 -239.4038453826799 -238.45153980360203 -237.37939921439988 -235.85989028521118 -233.50597646252487 -230.87004712856748 -227.6757186737595 -224.13242427675704 -208.90627845458238 -309.91044892744054 -311.5190764582712 -312.19610635085223 -313.0075242366762 -313.83368436651983 -314.6498258388708 -315.3460632489952 -315.90566368750416 -316.30578258065043 -316.72076653027034 -317.32457906479044 -317.583148040947 -316.72378767039675 -315.92071298888237 -315.4240985871744 -313.943804415 -313.1867389452027 -312.34749821164945 -311.30186486844116 -310.5030402161128 -309.56562308331985 -308.51456497188957 -308.0279539055496 -307.0205059869732 -306.29445919312576 -305.29651100509824 -304.1317895425875 -303.0960146583167 -301.8815181434234 -300.5425124546594 -299.9955612473562 -299.20660007089157 -297.75545743745784 -297.4675714170126 -296.6455153145558 -295.0888687020157 -294.0346012010513 -292.81604380503325 -292.63949666347145 -291.6968366076755 -290.3755994738322 -289.4624465360474 -288.53646334528054 -288.23467428336573 -287.32729424831984 -286.7082722640504 -285.229908566681 -284.6176274348085 -282.9811734551023 -282.55174158688095 -280.434888882248 -280.62698794132024 -278.8356685746047 -278.4296700048931 -276.9274891646242 -276.88686544483846 -275.452077884903 -275.1375295520261 -272.86960140916693 -272.4641475714462 -272.09290142210614 -271.1290022558188 -269.162940123981 -268.7495704297611 -267.3884139623093 -266.62403843534173 -265.78597855646944 -264.8112984800047 -263.685935569052 -262.0720649760741 -259.5690364216478 -256.7642561899824 -253.3700851819207 -249.61397806345033 -233.5355795653278 -333.9333253413671 -336.54301229907173 -337.5158235655509 -338.63611617246494 -339.75072579476296 -340.842354347654 -341.7545959716633 -342.4902613488369 -343.0421736723547 -343.4986208583994 -343.947345418252 -344.1322733385984 -342.7165349402695 -341.3894652263899 -340.6464060745584 -339.5545206848646 -338.92334894957867 -337.829386484817 -336.8742291098757 -336.13232994934157 -335.2909412272449 -334.2414495646332 -333.61466079785436 -332.43800524581593 -332.185691322739 -330.6432737055056 -329.64444633928025 -329.61268628488347 -327.2325501896624 -326.36196435673446 -326.1591570068012 -324.79574885794017 -324.29670733376423 -323.59941344099605 -322.13989873660586 -321.18512269368114 -319.82358834809315 -319.2165452867689 -318.4666407471166 -316.8329203031584 -316.1877009708811 -315.2508179508264 -314.2355541028006 -313.2572233823782 -312.6631907463403 -311.18039898237816 -311.05112223403484 -309.98607561507526 -308.4141049246139 -307.44799057248935 -307.1580689002181 -305.2098105939968 -304.71490390989806 -303.3744654602604 -302.8528489443126 -301.75271716840484 -301.34205481435316 -300.4730104050564 -299.1943967287262 -297.88212328187063 -297.12719071347703 -296.28739598580074 -294.8718662608745 -294.8268644861418 -293.6476338228801 -292.9722089437118 -292.1822965772298 -291.2190076153059 -290.0437202914582 -288.32225420651616 -285.6541478159363 -282.6641310226455 -279.0537564665148 -275.07089800314213 -258.1052289507488 -357.80282991604787 -361.4393255573153 -362.7206910218986 -364.16612720421665 -365.58666214152805 -366.97196887528577 -368.1172823839422 -369.04006845129334 -369.7438328362991 -370.24605193002725 -370.5631248179997 -370.3218793434036 -368.7307428162526 -368.1027673826202 -367.44386424733284 -365.764645762305 -365.9970157766373 -364.1309348405546 -363.65310823452785 -362.59467798306605 -361.353449936425 -360.33779114041715 -360.1463520504654 -358.9239434948317 -358.5293935514483 -357.38941927635045 -356.2447656731339 -355.24544284564894 -353.9401485825358 -353.76414126014885 -352.04961001643164 -350.96104037100315 -350.28513996860676 -349.2473221494837 -347.8313563671684 -346.9637937976381 -346.06997103247465 -344.5566240294214 -343.99579954843574 -343.3577583502855 -342.12011693242005 -341.5533803966537 -340.83216898554997 -339.54184582319675 -338.4654937582968 -338.1205286060581 -337.0188861795315 -335.91173881158807 -334.95275036742817 -334.14548285060476 -333.3697652633844 -331.92747611902814 -330.5342719687417 -330.01019806847233 -329.04735030154814 -328.89253067391985 -327.89472814032445 -326.76752105924635 -325.19492657126 -324.9531763900047 -323.7140780506058 -323.5566920757424 -322.2341121375168 -320.5926513818026 -320.1046594882345 -319.3205334992865 -318.51715596800443 -317.5926520955617 -316.36711624344974 -314.52299870372724 -311.67288798185626 -308.4808939735976 -304.63807741295443 -300.4149421643674 -282.52916561426827 -381.3577375121757 -386.0321339757394 -387.6284000734249 -389.4076599678253 -391.14422604237734 -392.83473020179474 -394.22546252840965 -395.3397471571876 -396.18293448892007 -396.60808987794286 -396.46695789857563 -396.02632533561126 -395.4845198897523 -394.079588315556 -394.39376954874155 -391.87350584855596 -389.9624225270535 -389.393563173568 -390.79472970909427 -388.5181974407455 -387.2176915270664 -386.5440195035739 -385.45394311403817 -383.8661158980977 -383.7435723617393 -382.6478967547518 -381.3648286888635 -381.46436397180804 -379.8298669967258 -378.4823611594958 -377.3012248922172 -376.24546396744654 -375.7920079327976 -375.18762224124515 -374.32241325201016 -372.945470131312 -371.68219323937046 -370.7132589869041 -369.7596028775593 -368.67763085231695 -368.20467141311406 -367.4792289800495 -366.194608772343 -364.99918354835313 -364.30988375608246 -362.7843902726405 -362.19173796223487 -361.14226901534795 -360.69328476706784 -359.6385268046293 -359.3130122583349 -357.0808014883126 -356.5432896053783 -355.7926384604269 -354.41994018582847 -353.638978001938 -352.30216327533606 -352.5885604792446 -351.3770753311534 -349.70619774898825 -349.2208176895097 -348.3177297266155 -347.97115949791714 -346.3723261876893 -346.5010428899601 -345.54805251528126 -344.7076996764093 -343.7967319210949 -342.50099843202685 -340.51682237505224 -337.4669817048483 -334.056493415391 -329.96602185289544 -325.49049662610844 -306.6574554862912 -404.49469532465963 -410.2067169329252 -412.11909069116996 -414.23473314353424 -416.29146153861393 -418.2932613007956 -419.93789750249283 -421.2485460040645 -422.2263970337734 -422.5017190596363 -421.7032180368661 -420.4608031649517 -419.64626013031716 -417.161989009424 -417.51739326346626 -418.40399969796755 -417.4320554526008 -416.2674654217277 -415.32442402908214 -415.1980030165345 -414.35437819494797 -412.73572743593337 -411.9891356967765 -411.57364658975615 -411.0270617330122 -409.50907810059914 -408.8319746639453 -408.31866606483635 -405.6769834291898 -405.5819314615055 -404.7621890275974 -403.7850608923936 -402.5438173986274 -401.6771717044214 -401.4264393282952 -400.5330575032271 -398.1485112502056 -397.07166693110577 -397.15624468366855 -395.4051706083128 -394.9618303744872 -393.78758743549764 -393.0462731119099 -392.38826336972926 -390.9589818852046 -390.5050599290651 -389.4115941100109 -388.67944015325463 -388.0168616788588 -386.41823815390404 -386.0796570402932 -384.38128430233957 -384.02747133547774 -382.40977059677175 -382.1027219371313 -381.34482063875214 -380.199869880269 -379.3316137672442 -378.4233996600916 -377.6688153969171 -376.39080594192325 -375.37173267873374 -374.6980320225675 -373.54149556838183 -372.73447470966164 -371.5782195415376 -370.69261090993564 -369.74379339687 -368.34739977496 -366.2036570932751 -362.9354751613838 -359.289913845761 -354.93714278787974 -350.1979978535828 -330.39416899818974 -427.1857609132212 -433.92626776025344 -436.1516153086245 -438.6009176800116 -440.9767185713128 -443.29114198209254 -445.1947024249231 -446.71589124352727 -447.85723738855927 -448.15346064283705 -447.1375039277708 -445.3427470022177 -443.45587534860096 -441.6102689493595 -441.762189881372 -444.11568441808095 -443.642997681035 -442.5589070603358 -441.75454618618954 -441.25226630246704 -440.15549678609784 -438.18534026258305 -437.53594005070363 -436.2619804371743 -436.0195868326426 -435.08121405083637 -434.491254547681 -433.896067344698 -432.15048800058895 -431.3627017835926 -430.38509457445616 -429.5629181128528 -428.5249971165873 -427.91466488972134 -426.6413424487338 -424.5630153750594 -425.25970800602653 -423.6970330364688 -423.1352789831993 -422.3940731189118 -421.7695762142721 -420.54230707812457 -420.0129819614667 -418.0308699117665 -416.8429185764212 -416.3193896061095 -414.3315950624213 -414.32111020451157 -413.6831407588178 -412.2283744054059 -411.76223712467515 -410.1638966443895 -409.4614360969846 -408.1376364489347 -407.24127828353323 -406.73880245106005 -405.8638317157162 -404.6945342352605 -404.1761579949971 -402.6936329823765 -402.61882714952395 -400.5886008790436 -400.2218373707033 -399.2233514976985 -398.4238748856369 -397.36131960711094 -396.4609962689535 -395.41468315846316 -393.88275115716414 -391.5579301302907 -388.0517783185161 -384.154245603943 -379.5247069853057 -374.5111264602735 -353.714591283928 -449.25967251196255 -457.0068856220859 -459.53670730850376 -462.31067152557813 -464.99839743824856 -467.6213079320431 -469.78498512009156 -471.53230407410547 -472.87628384161735 -473.447476683151 -472.8742998342841 -471.5278211171549 -469.31941567583533 -468.41416646940917 -468.7160099720706 -470.2782976363571 -469.20931914406657 -468.9082664587146 -468.1817411488133 -467.3426748103341 -465.49817713284494 -464.24009097902024 -464.5664563277929 -462.91924528894566 -462.62483349729166 -461.4749525874689 -461.12844497533155 -459.5817373904284 -458.31312629668037 -457.6590763446375 -456.7681358558979 -455.35957154182324 -454.1871767795121 -453.07652404134825 -453.25616228589456 -449.6446030150193 -450.83503435304385 -450.6614912742854 -449.29420885495256 -448.99111812354636 -447.61656505337567 -446.0381357428937 -445.634359796005 -443.7088166053235 -443.1476305478134 -442.0955244487246 -441.13717708456164 -440.13780855074504 -439.42544326757627 -438.4531431385228 -437.8952822831676 -436.2592861447748 -435.1152761727104 -434.75746015274143 -433.74701940831864 -432.73724924335306 -432.05497599598834 -431.0943000383708 -430.6742615871437 -429.4058046082862 -428.7821456373955 -427.7107384362501 -426.1823810233582 -425.4157176723623 -423.8727994004093 -422.8589935204888 -421.8800113428589 -420.6534907962531 -418.94168386009164 -416.41225853954495 -412.64779470447866 -408.4815365016276 -403.5616032367138 -398.2639817864744 -376.4579993887875 -470.2856152482436 -478.99888407685376 -481.8176004314689 -484.89931375919406 -487.8844469694121 -490.8052724176747 -493.22615382623474 -495.2120859926701 -496.7944693861566 -497.9062589815111 -498.4780496862401 -498.8417864060953 -498.8907081551517 -498.33021646941205 -497.0875074222159 -496.7781640821754 -495.4602575268865 -494.33290136712134 -493.9879542450556 -492.9730995725341 -492.2970928449662 -491.222460323202 -489.7191722795744 -488.76784306116247 -488.74134417807085 -487.20649593283895 -486.10655341528593 -484.6934477240052 -483.8787346878471 -482.5198365842999 -480.9367296922473 -481.3786218546049 -480.11810693838214 -478.7029103363158 -478.45148572873586 -478.9338485051989 -476.2482703084036 -475.25903494465985 -473.07900212030756 -470.2518755762794 -468.5170537504292 -467.3855936812669 -467.78776693345566 -468.1071453618324 -469.5948263972428 -466.75762691413814 -467.00636426251606 -466.2459165368268 -465.0216771131025 -463.9057176445835 -462.85990921647726 -462.63710076256586 -461.04740814234265 -460.78640142107014 -459.27443592236114 -458.3887762999368 -457.1211374722149 -456.4421128067831 -455.6111532242542 -454.9709191899407 -453.6828905487834 -453.31852310835876 -451.7856482486995 -450.59058999862606 -449.71606389466746 -448.0766847043007 -446.62236345384457 -445.0702916013679 -443.11083477390895 -440.3503694154932 -436.30624492303156 -431.8547384334057 -426.63214027825194 -421.04295855955115 -398.22091315288884 -490.3782692739956 -500.01061178398714 -503.09909185113065 -506.46709788935505 -509.7303799019209 -512.9339043017665 -515.605152346603 -517.8351939612136 -519.6779453078569 -521.4622555412882 -523.5143201699902 -525.6915878154252 -526.5411642427823 -525.593045189157 -524.4891079639801 -523.261553916682 -522.9370126201384 -522.2985563611954 -520.3765366667884 -517.6850130886528 -516.5715170061999 -517.8667231071275 -516.9782246140261 -515.3386629592297 -514.3609823545839 -514.1835202324763 -512.421641188652 -512.749759047017 -511.0712271906959 -510.0256419726338 -509.40353080699435 -509.3148256339443 -507.2079097806953 -507.82956272922473 -503.17730178385193 -501.692222990596 -500.91239247951006 -498.98140003792537 -495.71610542887123 -491.003341799242 -486.98125531325957 -485.66137104198265 -488.2420398423006 -492.5265696718954 -496.5454376922775 -495.0082835345923 -493.0918855800991 -492.4306895867501 -489.5794653195663 -491.94321680166973 -489.10340240179454 -489.27352630801795 -487.528735084545 -487.3491536382696 -486.2255828313956 -485.99378726031046 -484.63475609959994 -483.626456874404 -483.43355230891905 -481.943064665782 -481.65866821034064 -479.6047789287964 -479.3753340812249 -478.8597878727867 -476.03456894675674 -472.9512199882774 -470.7179332927352 -468.7449623901807 -466.4866512067686 -463.468848662282 -459.12442134065884 -454.37215626728215 -448.8357635970734 -442.94845810324125 -419.1053607083949 -510.7378984944782 -521.262863008206 -524.6047155913841 -528.2386954365725 -531.7607984537017 -535.2312869523277 -538.1447190264379 -540.6128524834309 -542.7068293954045 -544.9146793491087 -547.7215189446158 -550.5052624915315 -552.0516701251711 -553.1432490733907 -549.0215789011626 -545.2706817721293 -547.4261420297738 -548.532232828808 -546.5794597030388 -542.733321057018 -541.538600253841 -543.6936833535982 -542.6976908149421 -540.4120017710472 -540.3459260925379 -540.0304495898447 -538.6573638769145 -538.62097025894 -535.7195484385323 -535.4680592493928 -536.2867645497782 -532.0902131473207 -526.5313015325164 -522.1335027444201 -522.8299131713059 -525.0390702036938 -525.1179209030419 -523.0460031320049 -519.5363285626764 -515.1589270761514 -511.54295612446276 -510.86147848672255 -514.8696398179487 -520.1189150433943 -522.4095047121191 -521.0468883499179 -520.3177306455638 -519.0462820456103 -518.8716333142459 -517.1601772945769 -516.594357753709 -514.5248476005448 -514.1663426836851 -514.0554310799888 -511.53449924150203 -511.1418461425227 -510.9299996456388 -509.60157682804726 -507.9059478511433 -509.5489630934971 -508.69167767124594 -505.7740953562626 -507.1366517757194 -506.181515068097 -501.76860031015144 -497.85671072878785 -495.1165779262064 -492.8204557060506 -490.27432937199563 -486.96917259344076 -482.2988881609177 -477.22519601302093 -471.3577931597831 -465.1590315389395 -440.26001296726736 -530.4407352760468 -541.7973009009519 -545.3679283763893 -549.2394603042165 -552.9929877874085 -556.7054750715721 -559.8432009206158 -562.5310195235433 -564.8499398244523 -567.1695957474615 -569.8564741936727 -572.076409170943 -572.9132051644698 -573.0973978230276 -569.0704995472869 -566.2230519295529 -568.6736812680789 -571.0700818332496 -570.5025016332963 -568.6112452556007 -569.6368850435938 -571.6663814227466 -570.7356543801764 -568.3506511294637 -567.8061607920636 -567.4990708701827 -567.3842749094351 -568.0106696027955 -565.1364273777766 -562.4251550703123 -558.8235735335762 -552.5923435523895 -545.5471509645247 -540.4899206235347 -541.8851318390048 -545.1750465871111 -546.5908201053167 -546.2732483605475 -544.3848814509385 -542.0724286460483 -540.3439711549113 -540.4539382328278 -543.7106869531851 -547.0528827861878 -548.4626968437126 -548.9961676931986 -548.5147813293935 -546.8410611560764 -544.9775018904895 -542.8942275626989 -542.0592071284178 -540.3287951539614 -540.2132117034995 -540.37325829208 -538.4814681949435 -536.6700450573712 -535.2724120296372 -534.1906127004603 -532.8903797692843 -533.7530881072779 -533.9361024976911 -533.2816739758025 -531.9552927418215 -529.2538389450071 -525.3952768416293 -521.500440140357 -518.6458748350263 -516.1601132002784 -513.3619673635922 -509.75898562210233 -504.7576348665938 -499.3609475360509 -493.16407369900804 -486.65747867767254 -460.7223560143313 -549.7206360039858 -561.8548440986006 -565.6328847624768 -569.7171207958231 -573.6775762709422 -577.6087663997923 -580.952405844431 -583.8464792816644 -586.3821024175467 -588.7556376628008 -591.1600824073847 -593.0156611908641 -593.742581360222 -593.1690549657573 -591.0422833459215 -589.7581114159929 -591.6842587091883 -594.0467825631836 -594.1251689391222 -593.8256417238323 -595.1109171404214 -596.2883166479266 -595.6383358502219 -594.1661629754661 -592.9157350077161 -592.1913295833881 -592.3484675468251 -592.0050644901967 -589.6561618505445 -585.8729081096943 -581.1261466821531 -575.5843842681985 -569.4420556886781 -565.4142613742052 -566.2290164890785 -568.7873522868456 -569.992491094879 -570.1489515460487 -569.5621141906469 -568.7264372961948 -568.1356390784754 -568.4548880193344 -570.349264406077 -572.1529026924646 -572.2295431258253 -571.6431632834546 -571.4239665531214 -570.9194747534137 -569.4709598941811 -567.7723506687946 -566.5020234174124 -565.3842840429018 -564.161068003184 -562.9405620830335 -561.8165904815006 -560.7251043392455 -559.6186029717086 -558.7146136838635 -558.2149243549217 -558.0553498177532 -558.1657736709165 -557.5369266035606 -555.1582890459993 -551.7490148072435 -548.0308682583933 -544.5003389819467 -541.6532599248924 -538.9668299340696 -535.9107099680355 -532.0083738355412 -526.6783054273445 -520.963149304416 -514.4432291128012 -507.6358684932184 -480.6908881954063 -561.115987923921 -573.7432210219354 -577.6545998071877 -581.8771812587156 -585.9739935024161 -590.0509641408206 -593.5345340762162 -596.5710466717359 -599.2580603403594 -601.6630648930269 -603.8500475388402 -605.5692963620355 -606.5708479713489 -606.8078815432339 -606.2335581990142 -605.976811287638 -607.1665728617498 -608.5273106111996 -608.7834921327649 -608.8028568758014 -609.4531442829781 -609.9549980545652 -609.5290618903537 -608.5994242491405 -607.5901735896892 -606.68810609627 -606.0800179531481 -605.0645634361896 -602.9403968212557 -600.0045484634297 -596.5540487177907 -592.7772653990419 -588.8625663218785 -586.0840884756838 -585.715968849836 -586.273302545648 -586.2711846644302 -585.8860809272927 -585.2944570553411 -584.6798834802227 -584.2259306335794 -584.2061039805229 -584.8939089861576 -585.5663360986946 -585.5003757663377 -585.180912211208 -585.092829655418 -584.8262305432789 -583.9712173191016 -582.9309916402899 -582.1087551642559 -581.3295380853672 -580.4183705979956 -579.4087746834164 -578.3342723228338 -577.1835103078089 -575.9451354288491 -574.7027894954417 -573.5401143023474 -572.452302617557 -571.4345470039713 -569.968769381628 -567.5368888141204 -564.5605327156229 -561.4612887152707 -558.4272210760234 -555.6458399267042 -552.798100893088 -549.5572415079577 -545.4511205186425 -539.9000975047284 -533.9723547937326 -527.2388044578564 -520.2346518637605 -492.6408179714976 -614.0232462729676 -628.1914032745373 -632.4527103383789 -636.9989402505541 -641.3886539415274 -645.7712311653358 -649.5326214129911 -652.8680010681444 -655.9177346876493 -658.6631048260066 -661.0814587256159 -663.228226865007 -665.1585571800173 -666.8918887067297 -668.4476401955751 -669.737258936522 -670.6721907630957 -671.4089186632924 -672.1039255205422 -672.6284686501533 -672.8538053599275 -672.8615526854783 -672.7333276618766 -672.3801832404193 -671.7131723723614 -670.6792480841752 -669.2253634023326 -667.5031517841404 -665.6642466869076 -663.7750194583886 -661.9018414463429 -660.1169789589845 -658.492698304539 -656.895066108112 -655.1901489948159 -653.5798606940218 -652.2661149351003 -651.2118038381752 -650.3798195233734 -649.7309629216974 -649.2260349641527 -648.8236683333141 -648.4824957117584 -648.2668938678953 -648.241239570141 -648.2828005008155 -648.2688443422509 -648.2027815702504 -648.0880226606199 -647.8895964901317 -647.572531935556 -647.1042824029256 -646.4523012982651 -645.5939066468821 -644.5064164739937 -643.1786256891985 -641.5993292009464 -639.7378598319475 -637.563550389039 -635.110502084673 -632.4128159102573 -629.5826314361462 -626.7320851539024 -623.8400458634293 -620.885339482622 -617.8480025200362 -614.7074742150053 -611.3233548736806 -607.5469259151885 -602.8777998112396 -596.6997218844382 -590.1606366958902 -582.7946676062538 -575.1840884641807 -545.4335434612279)
(UseCyclicTransform "false")
(UseDirectionCosines "true")

// ResampleInterpolator specific
(ResampleInterpolator "FinalNearestNeighborInterpolator")

// Resampler specific
(CompressResultImage "true")
(DefaultPixelValue 0)
(Resampler "DefaultResampler")
(ResultImageFormat "mha")
(ResultImagePixelType "float")
