(BSplineTransformSplineOrder 3)
(Direction 1 0 0 1)
(FixedImageDimension 2)
(FixedInternalImagePixelType "float")
(GridDirection 1 0 0 1)
(GridIndex 0 0)
(GridOrigin 182.68733299603292 -49.09693734559676)
(GridSize 59 65)
(GridSpacing 101.24150861740763 100.9994592733911)
(HowToCombineTransforms "Compose")
(Index 0 0)
(InitialTransformParameterFileName "results/lungTMA2/my_reg_project-modality_fluo_to_modality_brightfield_reg_output/TransformParameters.0.txt")
(MovingImageDimension 2)
(MovingInternalImagePixelType "float")
(NumberOfParameters 7670)
(Origin 0 0)
(Size 5552 6184)
(Spacing 1 1)
(Transform "BSplineTransform")
(TransformParameters -203.86618069641975 -170.00308311509312 -161.38911926506486 -153.0563873669531 -145.6272517183134 -137.7546649103693 -129.92895007965492 -121.96426738719924 -113.80675293849146 -105.71887720556424 -97.97251108387525 -90.43637295928619 -82.97986234001394 -75.49744670037013 -67.88364233483829 -60.175690068233095 -52.41077538344727 -44.62823829524256 -36.86697023486203 -29.11994536330585 -21.380208115827482 -13.634125534891867 -5.8681220370425144 1.9364118017671417 9.79807210245047 17.741138406212876 25.789890254253365 33.91212558471248 42.075642335730684 50.239124762596816 58.36125707452784 66.44019596721724 74.47417853194511 82.45932402425012 90.39062489401388 98.27531480581014 106.12072095123054 113.92760632002658 121.69714041299935 129.432363308662 137.13630000576018 144.8071116027858 152.44295921529195 160.02299234826043 167.52636074430916 174.93446949375286 182.22872699674556 189.5028904897632 196.85076330940487 204.389686327521 212.23764250784518 220.13832990590424 227.84438976345362 235.40602853417826 242.99801518708455 250.14991323935394 258.126218236458 266.3256395274583 298.3113723421556 -212.902697255823 -178.679854675932 -169.96247625482286 -161.51264919558884 -153.96219986877648 -145.95740630816712 -138.00608686420074 -129.90915531796097 -121.61091751865723 -113.3860349574092 -105.50838666470969 -97.82974253475628 -90.20475287817972 -82.50603459587889 -74.61248300511026 -66.61778777076799 -58.60469496485742 -50.68468923259037 -42.94830890398908 -35.28576276723507 -27.58942536701287 -19.784070526701424 -11.800299106630902 -3.6987004755309507 4.458882915832515 12.674000014097231 20.926587731212333 29.202409306009404 37.50080320146859 45.78756052021535 54.03521971723236 62.22976200664541 70.35637269921219 78.40949686150867 86.37358298433844 94.28510244608346 102.1768885919922 110.05399381527748 117.93335602430268 125.82757985973106 133.73276646584296 141.6300621887896 149.50204002161482 157.31956055058905 165.05369739191696 172.67889572209072 180.16960083141117 187.62416481086947 195.1409660358368 202.840703858491 210.849518626522 218.9079550700382 226.76224781075322 234.46701161259656 242.200224972457 249.48312344341812 257.5983827989708 265.9334150189958 298.409302806943 -214.77965997075157 -180.48830897335125 -171.76060413196552 -163.28859253220645 -155.70073497796193 -147.6630441830796 -139.68434808615493 -131.55640182774948 -123.22358731148134 -114.9695360097214 -107.06695597497216 -99.36064697510398 -91.71009040466134 -83.95185266904782 -75.962991386458 -67.88141871852687 -59.79688045786029 -51.84975003061165 -44.178326898105674 -36.59005891528837 -28.904697868811905 -21.05824210011803 -12.979718627000643 -4.785411469385147 3.4287479047039193 11.757396577510212 20.013263343165637 28.2749750433588 36.587274518779516 44.87273485241279 53.116390797842826 61.29948957741783 69.39167105319812 77.38638039308486 85.31654423031985 93.21460899237937 101.09778504302209 108.99146680586261 116.8216548781591 124.7302007198725 132.68024826337106 140.63894285325378 148.58162454257226 156.4699796023122 164.27483357562147 171.96803597460053 179.52130024432103 187.03298475095525 194.601198974743 202.34292301683794 210.40603648432298 218.49953111716295 226.3786388014241 234.1132531006541 241.87586106388926 249.18596558306078 257.3299578559308 265.6929151585037 298.2691442251751 -216.56709201239806 -182.2066559722818 -173.45197861663638 -164.9773978710192 -157.36309297815433 -149.2807863665087 -141.24589646419838 -133.05993626157135 -124.68268467062138 -116.38572995194845 -108.45139582394847 -100.70655879705014 -93.01248650301869 -85.2170554865466 -77.18414834073336 -69.04718984229821 -60.922687863363606 -52.96744840021256 -45.351954760868054 -37.81846056665337 -30.125239052093683 -22.2510517111111 -14.151425670939187 -5.911102577561839 2.453195584820169 10.822752176535124 19.12246498740007 27.40749206939025 35.653826068989424 43.9515193381865 52.23366490269357 60.43107179705978 68.44959374010644 76.37639322968644 84.24807303227941 92.06980027163435 99.85313557839582 107.68393407053767 115.56262844540056 123.50780014458088 131.48860168345854 139.48590287579356 147.4767293187305 155.42080787999188 163.29026495377485 171.05605562329163 178.68894917156607 186.28192364989394 193.9272474658585 201.7423112830291 209.8591471066883 217.99033484025423 225.90592168755762 233.6702016501253 241.4615886856003 248.7980595322297 256.9696167341321 265.35919089735484 298.03059980566934 -218.45878592860646 -184.015514526247 -175.24333884525515 -166.83073542032002 -159.1765950027502 -150.94770453916382 -142.82159661132016 -134.55124929639373 -126.08884843105918 -117.71161123813411 -109.7126187283456 -101.91784895531356 -94.19666810404584 -86.40569062466435 -78.40137801846713 -70.2775826308173 -62.127817776179974 -54.157602867617804 -46.57751289785662 -39.07672614453112 -31.482574020745393 -23.35247070470218 -13.95483067478978 -7.082966375883333 1.4115134489634773 8.800082467197488 17.80292925759116 26.717213115398526 34.34415138643898 42.129031880900484 49.63797016923805 59.29550139157825 66.83303133705411 75.09789058998888 83.11980989396737 90.90976361265642 98.61590175216733 106.32870776484398 114.24330694611857 122.23179249454051 130.21713732261273 138.20185686134087 146.18544493079818 154.14344452075048 162.05228278841852 169.8862934445637 177.61980010631163 185.33062962228925 193.09558356576647 201.01622143303237 209.2032430845963 217.39822540862406 225.3621617922979 233.16004739037234 240.98335828556944 248.3486283590992 256.54988753762154 264.9679309475814 297.74087448843346 -220.58376996057092 -186.04283950112745 -177.2358348380266 -168.69874112413555 -161.04348146043586 -152.7789690945295 -144.55066131798282 -136.17518479460614 -127.5962667858609 -119.10686578772692 -111.01125342425729 -103.18165288910325 -95.49069006068362 -87.78253057552226 -79.92635051886398 -71.9286200878692 -63.80688246547798 -55.88018839638871 -48.22541176644102 -40.47795989903452 -32.737777290245766 -25.485097593004653 -14.251284478096112 -9.81745389615803 -0.5332284193324278 9.562402609956761 16.818998356031564 27.51990377305491 33.39124355773895 42.65638915979411 51.24327853396777 58.64465772596752 65.25217637438296 73.96960618147594 81.88802639502015 89.8577281735392 97.47964478234687 105.00438241146315 112.96107704181404 120.97909696193032 128.94256118259602 136.86778128567798 144.77050035586103 152.6666523989045 160.5721716648845 168.46201514831296 176.31114436785396 184.1725439970486 192.09661742143922 200.1566389129552 208.44929808109427 216.71853079232224 224.73380357769452 232.5705795570816 240.4306424160746 247.82891936254714 256.06405300044764 264.5144561588901 297.4024922084949 -222.57679487294752 -187.934717898107 -179.085239647623 -170.4632576106436 -162.74118527600874 -154.46327782380683 -146.14279532276427 -137.64615133348394 -128.93371219494907 -120.32007072528128 -112.12835871378002 -104.28858988771361 -96.71153781482734 -89.21847130026566 -81.6913486607346 -73.94293457659167 -65.84049064650641 -57.70588630671416 -50.99663051962551 -42.91726140420616 -33.95203838374304 -26.468767975551724 -18.177957352242395 -10.950009488124627 -0.07757462364425913 9.9588391409166 14.511722854452227 25.62933276469125 31.31508854606615 37.74798765304707 49.408925683672834 57.59816412925456 65.61082779800076 73.85185702281169 81.21353500437868 89.21279972870342 95.62083675749885 103.53787968652021 111.94239334150093 120.02211049259776 127.93874576888996 135.74843182526297 143.4533395040043 151.1645714407127 158.9941691110395 166.90776363837583 174.87099170735618 182.9012877370572 191.01353230199163 199.2439699429473 207.65059438312846 215.997424960791 224.0650897652996 231.93961117336195 239.8352224049064 247.26533176924346 255.53295538970687 264.0142362656653 297.0113358239731 -224.48118387324521 -189.75732482792466 -180.89271535240738 -172.23374432860422 -164.4241585335149 -156.1061124602776 -147.74690062862396 -139.15802643836133 -130.33499569131428 -121.6072169791681 -113.31141353972963 -105.44377473110376 -97.98964493360795 -90.68655554222667 -83.32391102380866 -76.38432708460664 -67.2684385846906 -58.58515978593038 -52.68949437068732 -43.64767056749889 -35.63842663144976 -27.36951124808792 -19.456843028029144 -11.531850708312065 -3.8386815420852023 9.965904692335279 13.585400161741859 23.34933726926762 30.79896208635792 36.656712287186195 46.12948056649356 55.8633308292414 64.71248178717116 73.15326346723131 81.0615142065584 88.87633084064198 95.81766720299677 103.02697940854857 111.24111003667926 119.10401353292383 127.08449516333091 134.87585840889977 142.2700431296648 149.69732663617359 157.40926242698853 165.33882314507102 173.40579699929705 181.59418930728097 189.88751414167072 198.29169204723416 206.81978524367017 215.2408316032687 223.35631216607626 231.26546207700645 239.19454702165385 246.65518686187522 254.95432858613174 263.46562866105234 296.5677803147679 -226.3050220470516 -191.5366762924143 -182.69159021675904 -174.02228507006333 -166.21286611976706 -157.90062247205856 -149.4998789649408 -140.88529092030527 -132.02782716078013 -123.1999631287222 -114.7857963382018 -106.85477350002459 -99.89947175420222 -92.78325853115106 -83.84987050960203 -77.52572395092737 -70.33713141090767 -62.37432952099753 -55.90922778248772 -45.71921120434299 -36.90065672395359 -28.30063329485821 -19.905060818603197 -9.559293874902773 -4.281563026939539 5.415076861407293 11.786958205799081 21.424275985216997 28.061680244680687 36.60260491782929 45.414812347369796 54.437588455529216 63.19017971621044 71.72478460539135 79.96653333951582 88.88628026971634 97.28673474611753 103.3539340376724 111.0095280539661 118.31437345689956 127.3751978990692 134.22993265106498 140.85620759973702 148.27337497117657 155.91768041522832 163.87918520948259 172.02997592318098 180.34394861382435 188.7929157531507 197.3336740098356 205.95341970521534 214.43765036624563 222.61007569204065 230.55004365215515 238.50910266931723 245.99832971799566 254.32788515590053 262.8684373630309 296.0717238529071 -228.01806048821297 -193.23591916482715 -184.38570585818135 -175.73384895378842 -167.9621520780668 -159.67406741189336 -151.31348016429754 -142.74834191323984 -133.94299179208892 -124.97822364077483 -116.33991416476997 -108.27548465671856 -102.84138931099592 -96.39459962427053 -89.21103420357969 -79.0379632163184 -70.52856732741517 -62.92825480837805 -54.64893179808372 -47.084039649610084 -38.18424454823693 -29.282242735127596 -19.932525281808797 -11.499914179060083 -6.9982259453891995 1.8243605632947377 13.445866242001932 18.411937014066055 26.178401233516194 35.30717754727631 44.196600905102756 52.87462681464148 61.32901487311476 69.7464849650115 78.15485888556032 86.59320175057117 95.17468911927524 102.96477214785465 110.87026456323827 119.13932687152545 127.80414079159179 133.82161380452533 140.1139411236121 146.5252876900767 154.724846618463 162.66507755753898 170.82614012486965 179.20206747753096 187.75654918399252 196.40745196467725 205.0855213401074 213.61288481382945 221.8331668150442 229.79761450849557 237.78248510268378 245.2979832820018 253.65661091723985 262.2254436064143 295.5247787337379 -229.58734931203472 -194.8272589645098 -186.0085837895582 -177.36618009352398 -169.63250911104592 -161.3799246683101 -153.07381785352558 -144.60050862594207 -135.83891119930064 -126.8044063464223 -117.91261238018487 -110.22001193495609 -102.97089665963229 -92.92734058611762 -82.41782922357389 -76.91007358434314 -71.44877619860809 -64.31966599220398 -56.43877917490636 -48.51433495118482 -39.507925271203376 -30.553495313386986 -20.953177383613962 -13.013974419815643 -5.786275212270493 4.519562687273324 7.819811131519737 18.521566703711144 25.547901884339286 34.13816318333168 44.430261477969424 51.16185014829472 59.162330446354076 67.41264021632976 75.88712434640998 84.48911710812958 93.19397626232993 101.91127648680573 110.54189885847765 119.15497317191587 127.21996438640753 134.63439157835828 142.24331621626067 146.43852009695613 154.07666816352886 161.8328997130147 169.87763134190095 178.22739013783428 186.8174729803013 195.5292812572837 204.26413322209868 212.84971939154755 221.03904441364588 229.01269111714203 237.01850816880588 244.5575516986108 252.94363375159745 261.5395324890072 294.9285230193426 -231.03652413245388 -196.24984707993949 -187.430252143176 -178.8757724156185 -171.13611465727146 -162.8233925927002 -154.48045871756347 -146.29791868927043 -137.62600001755283 -128.5991755157687 -119.784948173661 -110.5986777347919 -101.92088165686603 -98.14509780390966 -87.09459598398644 -78.58421233146854 -73.02132446075241 -66.35967568583331 -58.69959074891043 -49.79685382982224 -40.682867610897745 -31.891421225860512 -25.73171320098602 -18.89317168890433 -7.147376608678073 1.5216381195215805 4.152062888606986 19.19181169247398 24.48684976801671 34.384054367513706 42.652193628304666 49.127984958516926 56.98733140206372 65.1198997500184 73.66802069854558 82.62555306360558 91.69857934486181 100.85594976332064 110.0184774688345 118.93643403777433 127.22527924703068 134.3161031991279 140.88155867516974 146.72047056229266 153.84114378602192 161.3595663374885 169.22627900691452 177.4645208857479 186.01464182970696 194.72086271762336 203.4426527537305 212.0122825570645 220.21044682348494 228.19267379464972 236.21576076114692 243.7768811404725 252.19010143218262 260.8130042924774 294.2884121065357 -232.39153171983273 -197.54822624552438 -188.6970597713807 -180.08139611273256 -172.34692189715625 -164.1741319432812 -155.99115329914548 -147.73948805211418 -139.05414764622304 -130.2400915469856 -121.66816662906977 -113.11832799182463 -103.61282375397217 -98.06559929843218 -90.70691627830514 -82.66703852758178 -74.84141892563177 -66.63636948158191 -59.61893959377057 -50.73154813912209 -41.55980663645395 -32.420787771310664 -24.291882223308704 -15.918412390915334 -5.158980168904996 0.7083934019301587 7.304599139663268 18.813404783811087 25.14892233148968 31.501321657517156 37.14784636225047 47.14509451665942 55.04991418127492 63.17449858395164 71.90604324733975 81.06416811701837 90.42755925540827 99.83336216971117 109.15738259177897 118.1661106965335 126.61733644709057 133.42438308463397 140.3430431318136 146.67242239117846 153.9592753117572 161.20391582324444 168.9234328182822 176.95158638472157 185.35323396869103 193.94971748466978 202.6083818534781 211.13223828125484 219.3458404472254 227.33498137119017 235.37284743149158 242.9558307898353 251.39717193188284 260.0481667555219 293.6098989342942 -233.67960143783768 -198.757277831079 -189.88209161848138 -181.22242931684528 -173.47179526355123 -165.3536053549179 -157.3231739746639 -149.02426881302029 -140.33959281873447 -131.7540739169733 -123.55797433333126 -117.02240584725735 -111.69409022184347 -101.01388193309853 -92.39459148003606 -85.44243185182985 -75.77260401329065 -66.91248640131127 -60.316394117694834 -51.61482659788772 -42.38205461528162 -34.45197103306809 -24.465506427868853 -18.686566251459823 -12.181988492899988 -1.3447993585764955 4.324762001505176 15.65860831857186 22.626358783607117 28.400309480391076 37.893592210737886 45.883750102433844 53.709885097672 61.82932597061774 70.49567172742279 79.65635697640823 89.22059128353126 98.54079727744775 107.73212179326804 116.58423914761222 124.51580435695179 131.67751506479436 139.2461377432281 146.25437699832617 153.60177414591053 161.00871462729745 168.7231162012199 176.60223589443777 184.8334539737271 193.29711579511795 201.8290943665976 210.25874686761358 218.45029291821277 226.44044373348845 234.4918336392867 242.09699760601148 250.56764185002618 259.24789747070525 292.8966325600404 -234.9260530066965 -199.83975851050886 -190.89160695136124 -182.22346247575288 -174.46650635544117 -166.45164979630016 -158.60913717581352 -150.47946070501587 -141.74040115159818 -132.9690912823545 -124.018026899165 -116.48843299075422 -107.58116197118164 -99.75010984018196 -91.89206935623343 -85.55940747189116 -77.65527029345826 -69.99596986948868 -61.38185716395216 -52.39266908411453 -43.36290931393358 -38.424252061827254 -26.38657656493316 -18.026849887443404 -13.09011540507134 -1.9854376957208844 5.961068038001288 17.48936947781047 24.641813006487986 27.345119346250552 40.779796820394104 45.85510518207559 52.70372192405911 61.213715803252896 70.01233262468196 78.4836374439908 87.72940714929554 96.84677787535364 105.66650891740304 114.06704734614428 121.33324578533785 129.20175523250563 136.80181669806396 143.25053369307568 152.79226287319793 160.9171327885089 167.9598065348609 176.06320701494863 184.31845614991587 192.52788407312633 201.0035963181807 209.3479969853983 217.51930716777306 225.50989209748678 233.57478596819666 241.2029794823589 249.70430851824426 258.41507456598146 292.1522618647322 -236.19840666073577 -201.03989211995784 -192.04226263015633 -183.36335849658505 -175.66337238910035 -167.84344165512698 -160.16957864928102 -151.83847995673443 -142.84712388908426 -134.02689511687353 -125.88442956079089 -119.53657781212766 -110.16914630291537 -103.22466298838262 -92.43012996023828 -84.98043934501024 -77.84604921843095 -71.36964827558462 -62.123657724560566 -52.968458492469765 -43.626896986480936 -34.954291207745634 -27.796994123786796 -19.139690061444792 -5.501854828046526 -1.0896707058442086 6.4561071603743585 13.72823701525458 21.65972016230425 28.44918983410483 36.41066798126827 45.06837908076032 50.29765886319375 59.688416583251296 71.22191672041612 77.24583112257143 85.48344333967411 94.76162539523062 103.59850645900477 111.60753595887223 118.89996210009541 126.38743531664045 133.69101348206908 141.55574125756232 150.99742807338822 159.90687353992377 167.27021807237367 174.90572779434746 183.6031694786212 191.68000047904462 200.082936563584 208.43477098567195 216.56398879753357 224.5491373867412 232.62884207878147 240.28062117470682 248.8128231543064 257.55414173103446 291.38030563835633 -237.5640505300421 -202.59085086288795 -193.63669833757058 -184.94531594127335 -177.28203705492743 -169.53195365008722 -162.07534672189266 -153.64607239992628 -144.05007074927192 -134.52167547569323 -127.72731751298313 -120.83927919913594 -111.92881529515978 -101.07528687896158 -95.03112224168068 -87.8679701342932 -77.3022828968399 -72.31714103499895 -62.43992989570695 -53.28848808725164 -44.840902981459855 -36.56137805928562 -31.198428311412915 -22.205095304032913 -6.949365199182185 -2.0785477861424133 5.036495043779007 11.014574437733732 18.07363984489197 29.599748743482554 33.83122904327666 45.351640634738644 57.6560738821056 57.72551491878049 68.97535926190477 77.15688930903221 85.71342133870557 92.52882189613474 101.95998890678145 109.80910863580661 117.54802876546407 124.60061876356207 132.0282491651843 140.50730641207835 146.76823868768855 158.36121800705988 168.9227244454056 174.33195325102577 182.6191481531858 190.59391561021388 199.02305209929966 207.43223603996262 215.57351117568763 223.56399062024116 231.66113971231556 239.33676750594367 247.89883702855963 256.66954269398445 290.58428265823085 -239.01118011857352 -204.29573983524926 -195.42561942476954 -186.76151261034246 -179.01877944147785 -171.0689833273739 -163.42643244342167 -155.6723880427476 -145.0757005509598 -134.07434101367238 -127.99834692761354 -119.49526125224914 -111.80641507526559 -105.44165148177905 -96.21959217018888 -88.38408950541469 -77.86325927182841 -69.90171438052772 -58.93287500513122 -51.74535104112721 -48.19459419878089 -39.797591159309256 -29.121816679969992 -20.289176091366066 -12.59349490525701 -4.240829574930998 3.456830555310164 9.604961063185353 19.29210122187311 31.221562387208273 34.00654123952855 39.72939101294292 53.710558762387734 59.05593289557283 68.32055515359907 75.86024250422581 83.35793205502267 93.20841277938767 100.94222403528136 108.31014099874069 115.92205483378028 123.54180601282424 131.26239666437095 139.5927956690489 147.64724657799553 156.1612491944707 164.19145245521898 172.3004576886802 181.36163289923897 189.36619192107133 197.89230038756543 206.37393454864184 214.54163053109582 222.54581243322104 230.6663563340087 238.36839290455657 246.96108780341297 255.76114887276339 289.76536883378094 -240.5363560052636 -206.17119650751786 -197.3955726757849 -188.63136949434863 -180.53733923236507 -171.5851096855385 -163.5516840729476 -156.54275013625366 -146.61935129154026 -134.72806300218676 -127.30085650437547 -121.01403661462902 -111.57700947965594 -105.74306307658011 -98.40577856008358 -87.72914400082172 -80.0956528995916 -74.46131361118739 -62.74599149391046 -53.66743863982685 -48.689418712316275 -40.856257763688355 -29.184209274355126 -21.594648700523 -14.458590335130348 -5.837993701291658 1.208327688637549 7.990656293133732 17.675968304479724 25.74994903691631 33.82725706946786 43.12529765455775 50.331994146972775 58.101690326413724 66.77462905131462 71.85986915698956 83.53517374610847 96.1348201224879 100.0399174086327 107.3004337106904 114.61377090616745 122.4824643864942 130.66393272814963 139.08253146996378 148.62190931592167 158.2580620368101 165.68479624990715 171.35331775628362 179.43277059716584 188.07907026344853 196.72046234735149 205.25319272851718 213.45166500149233 221.4859634677664 229.6391694148657 237.37247180384568 245.99831314505045 254.82883168806185 288.9247400735239 -242.0609372497707 -207.97217443944103 -199.2180456826057 -190.2737488872125 -181.7495774451887 -171.20251193215535 -162.8241437078837 -154.02492547281616 -144.839192059501 -138.6525761382899 -127.74973351533961 -124.92800654309211 -115.32988999380085 -106.7839272644488 -95.96039199899266 -91.44590622544355 -81.15057578825994 -73.550269900489 -64.35859340896677 -60.1278566816965 -51.83640742407767 -39.814622123330686 -30.794964076477903 -22.995535271083817 -15.246808334225724 -8.070254651000731 -2.297062465114318 6.110378532041037 17.683479139540434 22.6298072523534 31.064175061560906 40.24251434650961 51.560625991825795 57.973009997622526 65.36942816623812 73.86911189141045 81.56111960943844 88.39569801572748 97.39798335828995 105.88043985555976 113.3629701877385 121.75643833574425 129.98534822806303 138.4049242581876 146.53528443951072 152.5775751617856 161.35531636841424 169.60050110862946 178.225709328327 186.61182002160982 195.52579307932035 204.05317490958743 212.28159097203533 220.36086622808455 228.5588834594089 236.33408687938078 245.00105984117107 253.86711845556786 288.0610083452349 -243.50526555006124 -209.39854006564778 -200.4944368204349 -191.35436149630178 -182.79533610323585 -174.65511400668217 -164.54804822593363 -155.39128873047397 -147.35068673326768 -138.75814249917835 -130.84424862186177 -125.99594077815568 -116.72780435512783 -110.82374459358147 -100.88649774666898 -90.4254826804554 -85.48419334941369 -74.73465675478077 -65.37804118878674 -60.03398664283288 -51.251501843880376 -38.82352608168531 -33.671877493507246 -26.432222423768376 -15.551137545061101 -7.748828081229346 -1.3920819435323148 7.087170517674268 13.98999031003255 24.752694463853533 29.04771731988768 36.98030581848291 49.18369194500802 56.63341675275003 62.908095362124385 72.46115479886372 80.62788605209265 85.7799651579619 96.05199215406722 104.06585065582884 111.72707957601898 121.55645359806707 129.963544320652 137.38578222490946 145.90062212355343 153.956840307773 163.37484136757723 172.3099161883624 176.85592644693946 185.54853196253666 194.38735532739398 202.8009610900149 211.01602325104855 219.14694321892216 227.4048029725771 235.2383208070749 243.95987467974444 252.87053649116646 287.1727856166267 -244.86457018766365 -210.5106974186742 -201.32589821784143 -192.00504005516316 -183.4558959286959 -177.51682802391318 -164.4268526518556 -156.5067409079616 -150.45713590239603 -143.14180355556925 -135.65608952721536 -125.01841854279023 -117.05907594113262 -107.64869333209715 -100.10107706865716 -93.7039921226289 -83.88623869265778 -70.26775366992132 -65.88032615503037 -59.57468752876548 -50.54936966245086 -42.66494257817411 -38.533556109801424 -29.190818738309023 -19.16959519167429 -12.097444502972804 -2.8112711337036123 6.0658567328891335 12.987343742620501 19.965900652477238 29.1975151313027 39.69125809424152 48.875925116166115 57.48375109988662 60.53723214459561 69.27472607634719 81.45223210923987 86.42302884108953 91.88442981739078 100.38906892176341 109.73168018476359 118.78233363519266 126.61190407947107 136.3899569062868 143.41492212919087 151.26843431094323 157.78144314979025 166.880021937457 176.0106506505236 184.6852000500272 193.12842430081054 201.42349755504668 209.66136982715705 217.85252386344249 226.17965237766467 234.0838708986344 242.87288801657016 251.83805229684341 286.25944858867234 -246.13353839769167 -211.35780733388356 -201.8335623259518 -192.36902502291164 -183.22274613486385 -174.470879124362 -166.29595888782376 -157.03988601170553 -152.28136874183195 -141.97063395385138 -130.45489212661278 -124.04852164552206 -118.63476449071864 -110.79711268466274 -103.72368893130826 -98.48820575986393 -82.82692175044407 -70.90293975589064 -67.76544064603156 -61.36591823906266 -54.21159680287243 -43.71454715517531 -35.83100346572216 -28.59961488254278 -20.390782440838997 -10.48884014003698 -4.811922267276716 4.681180852957026 11.003631915176255 24.087684694095362 31.205145781729307 31.995439750486042 41.13914350918888 54.10819398640216 59.977351326698965 67.75439698254058 76.46658354365894 85.44531437656853 93.9296266707627 101.28334115715603 112.32230361828645 119.05839095724438 125.12575871044632 133.72872091254033 139.14185293834967 148.714096978841 160.08440936021034 166.10521207982526 174.83287924667567 183.54768788929672 191.60155863284933 199.93624685661194 208.2380536674824 216.48593754567185 224.88615609799697 232.86943446578752 241.73823020746687 250.76863237459636 285.3203739623426 -247.3848016788636 -212.2323311888413 -202.44974772136908 -192.79056206039635 -183.99177026236325 -176.01180696120835 -173.09110057169602 -161.12465802235243 -152.45638367287367 -145.1715553425195 -133.14445023696473 -127.90538197063886 -122.50581445051266 -111.82725677029157 -104.35761132619606 -96.58908899995072 -88.69762659656313 -76.73531423155171 -69.84406998666202 -63.05185129023573 -56.75286175214253 -47.4984247543844 -37.776648435388815 -28.504659781808517 -21.037588327863432 -14.797807880020072 -7.169876875668447 0.02066065352792442 3.2132044848952512 16.34174728680996 26.760159920447066 39.25126690490319 48.063119601455284 53.740608294092304 59.39574041318918 63.68402427251522 76.23770327640463 86.35106842418436 90.40176415382565 101.5271093590246 106.89008944948941 113.89063714755932 126.09138189475759 132.35987818400918 139.73405033481146 148.13327894723025 157.60102866925206 163.07394751805634 172.82952809873925 181.7347908384237 190.00801211982977 198.5109526826939 206.79177746426424 215.05233541099176 223.5285248376239 231.59884498348 240.5586779026445 249.66392851835937 284.35510371789235 -248.6931517796518 -213.46257909071443 -203.60513585716868 -193.7974184643667 -185.44281804118913 -171.7075449728419 -158.87714046677033 -155.51986152651446 -151.2953464669289 -147.30171217187706 -137.52152508631025 -126.65945916150535 -121.74795692393486 -112.3868601089489 -100.77897803054017 -94.94624860313652 -88.90663985545996 -79.09583381415354 -72.19762856676547 -65.43408391871499 -56.94749545419299 -46.47721889384695 -38.94663304386227 -29.150243959956786 -20.363877385344775 -14.090328920695848 -6.814189197072253 2.5051323112381385 7.801661910181358 17.339442834176527 23.712262600302104 34.44202502540923 44.726073288449065 53.41626208212943 61.158374686447736 68.02022006744936 76.10448090171833 87.21515549215759 89.59233505488677 101.27837493368266 105.04144427125863 116.81758819914448 124.89925569073777 131.34439701213185 139.18966092025317 148.2551779125727 156.59705835039802 163.28054507376783 172.42827394099277 180.6155470868217 188.51681180705208 197.0212134583024 205.28983603572806 213.55686798405222 222.11096930059648 230.2759359266587 239.33700775231276 248.5255925220676 283.36317983557564 -250.03290153264183 -214.91624960324702 -204.973713333564 -194.46322484003727 -185.77217075003279 -171.78405411845313 -155.16156634652035 -152.18915699211826 -153.44322616531605 -152.27714269341195 -135.74184010562627 -127.09899359278762 -120.83376069506889 -113.91705482785231 -103.59959356319085 -94.44425217178461 -88.17020803704459 -79.95126441207242 -73.78280149449752 -63.40336525568155 -58.01003133534994 -46.06873892574282 -41.70971134596997 -30.449528675220854 -24.046911298158793 -16.796345027197138 -10.23820727349653 2.509210276147957 10.487823103599766 16.331344102170775 24.050359794641764 32.516369480099556 40.00169901894077 51.17638588038669 59.82367383094323 69.42578618569077 72.95463506479024 80.39099281702723 87.99427089535055 99.40492480947383 103.90823990211528 114.62972034688853 119.69863914947281 129.76167764039906 139.3319467585774 144.56657451386863 150.33447274163734 164.3505292020302 171.81022996738182 178.76708272731847 186.99108026874407 195.3084265684521 203.64536615009874 212.020769897295 220.6509918645678 228.9110468387552 238.07881918848713 247.35650675977726 282.34382727918836 -251.37796462874832 -216.4076408575044 -206.15353934116004 -195.49620770840448 -185.61420309564102 -175.81953170372668 -166.4802719635376 -159.0737238103204 -154.72294184106684 -147.3842773361549 -136.87668753470922 -131.1653242644497 -122.58104491030319 -113.71249602842899 -104.5458795313388 -98.84609957845069 -92.09412564725235 -82.3134062399714 -73.45230258355133 -61.62456143970544 -59.17208264775284 -50.68224358728601 -42.54315381693466 -33.47212657422618 -26.737779576068043 -16.829586447561496 -6.21685887387589 1.7186628192449043 8.129264766871534 15.361900890652684 22.96336345227542 30.401531746059476 40.32956476696558 50.636100871107914 59.179064390175974 65.61816968864814 71.62793992842407 80.20816809457465 89.16687400917957 97.62082685986277 104.17986326223924 112.14459412924946 118.64711787587545 128.63537587278353 136.74496044806725 147.82422890773574 155.34149687101876 158.8221429391391 169.87377409708068 175.95607481674918 185.397188761047 193.6464421779375 202.03162443602514 210.46528984611334 219.16609490718957 227.51451726320093 236.78971164318122 246.15955360554622 281.2962710125237 -252.56750589547704 -217.85742862321408 -207.56590435454848 -197.3444418888532 -188.29736339508736 -179.584847774807 -173.18300317992686 -164.38873220449375 -156.59416475368917 -147.1972855019645 -142.28600743656708 -134.28952013011036 -125.18382768161571 -115.6146494951721 -105.79841346204606 -100.13397355542686 -91.82290486165047 -82.7470603371799 -75.84054360084073 -68.57826888280889 -61.959447763263945 -51.55765128062445 -41.7219111125169 -33.713273662437764 -27.238766486832844 -19.758552102293727 -7.408726741403616 -2.395048461390152 4.693311032237728 9.99680304021019 21.2922112478948 30.979487381450596 39.98489031597509 47.35454681464532 56.577437128333095 64.15549902943674 71.23808568191481 84.71485921354008 90.35491888700803 95.76230515544945 104.03241660496104 112.06894245423486 119.48227496348488 127.6633766679756 134.33110384784 141.80608135278237 153.31482958792975 156.77401099918828 166.69259894522554 177.2461441705385 184.74428310021312 191.99696603633538 200.413747655481 208.90813077869973 217.67137361730477 226.099067159658 235.47789602947978 244.93869737022254 280.21932181399086 -253.44188220444818 -219.2362801207396 -209.2810514129222 -197.31989127624536 -188.22400603347603 -181.3307963943084 -175.9181147689652 -166.47597929040077 -157.45922713716007 -150.18271510389616 -141.10968717478647 -131.59900230048711 -125.46951945509085 -117.62221757615805 -109.83948601214935 -99.99985564178758 -92.57213429586818 -85.67531201140984 -76.55802761122 -69.1452688715845 -58.71063738730455 -56.50702548166709 -46.88605445514793 -31.568357813338203 -27.366308551859664 -20.131854510145857 -10.593544644272345 -3.4181079828740546 4.961254320893328 14.37854913691728 22.06339279539263 29.4923765068872 37.68097400878078 46.48303087732301 52.527329893061314 59.26714068870626 69.66904335008702 78.38149221708316 88.0959220343138 95.79210241839283 102.8070425286966 110.20532292289055 118.51938492144187 125.6067059010054 135.7778309213343 140.56876515841714 147.50866073243375 157.39782781585075 166.1679507854905 173.24786780619218 182.678877034537 190.48257610758236 198.83691736385572 207.36701643530708 216.1819231837554 224.67741648778787 234.151583260466 243.69790236465585 279.1117904619979 -253.95551226266164 -220.14618660325633 -211.5015136658142 -203.51281755162896 -192.15117532773223 -181.99064445518889 -176.6352301093691 -170.39314058744048 -155.08014765820494 -150.06947178351172 -142.6664483171736 -138.48721931857523 -124.35899715146195 -117.90516210710898 -110.46191402486961 -99.48329693169435 -90.44708471095099 -86.63031250870559 -77.3903469682414 -69.99660125646517 -61.08522919546715 -57.07947985818693 -46.79262512182414 -36.55139406040156 -28.421110984271873 -20.898749802275738 -13.761783165452949 -6.365103037153626 1.1620179588943003 13.915816588308312 21.689254759738628 29.19265526537295 36.87848543345991 44.44946026775641 50.9800319029569 60.34700958781407 71.0492059499882 77.41539979199588 86.72155934791654 94.7495476835036 101.94533302123321 107.80590141312338 118.88625846735718 122.04879311911787 131.124607549883 141.37296642227386 147.52061333369437 157.77817350474643 167.7395086090766 172.21208627087836 181.0099733861449 189.19719477537004 197.39335267500078 205.8854179693478 214.7213844226517 223.27043503926896 232.8248885081749 242.44461806660638 277.9729824879274 -254.0666229677283 -220.2576923266624 -212.56756743378605 -207.63189871094713 -193.35387231245582 -182.39738402914287 -179.70016668432103 -175.9098188497536 -160.26427682279026 -151.0164241674758 -143.67972040967229 -134.92208746833057 -128.0066203546314 -123.6728694180395 -110.60451846602326 -105.231309758521 -96.49480873119695 -87.58507773097702 -77.51188190662114 -72.2206442779608 -68.96378466663829 -57.02607597906928 -46.28704711257333 -39.76566750409477 -29.826533620359587 -22.076677356240218 -14.276580201093164 -7.530695196316965 4.311961533875699 12.273952455988626 19.03114301621146 27.36191763808094 35.59768942061823 42.60295405375926 52.898428915139064 58.301682620386856 65.7417276478482 74.13412794115081 83.79605763851156 92.3822797335174 102.10053478844011 108.3644943039183 113.80949325183957 124.18313273211992 132.01274744684167 137.4953057137932 149.0965623573968 157.59703195409227 165.06798623275571 170.16965653673554 179.8245867606201 188.07961897011356 196.16642600549343 204.50681709049005 213.31339815010338 221.89899260578022 231.51192694464123 241.1862939538353 276.8022034231615 -253.97370180441388 -219.85254812675652 -211.40991136197854 -202.98877296933478 -192.25230105586587 -184.63388694003865 -177.18799839757708 -166.41869853798107 -160.37572278342606 -151.30349789201986 -146.41334900971853 -137.88832865063284 -130.67646222067896 -124.20051759535461 -114.10401072088904 -102.6783174596118 -93.82722130414301 -84.9596982065064 -77.56531134811553 -72.94503784973615 -67.72371493680582 -57.78468350243045 -49.95636825738751 -41.268355914726676 -29.716433599172795 -23.39229254402604 -16.00800836236925 -10.117642445181701 3.9877091143175214 13.497679234946242 17.779083031950893 28.13789213021627 39.19473027411054 41.68631895239775 50.794102930530265 56.008770397405094 63.833951161983784 72.13683326578006 80.75088292224873 89.55707363830007 98.35543741373557 105.98211845048182 111.4617347778733 123.78257444798997 130.01555613465638 137.9879067707839 146.86257483996064 154.97343135106746 162.85734373911657 166.45868376515037 178.76884472019688 187.08516800250192 195.11415559140312 203.27779798176743 212.02305457487873 220.61214446252902 230.2439296779259 239.93990843061013 275.5991760823868 -253.87485858083846 -219.29610267276865 -211.09190379831324 -203.49799914052892 -195.88175730168408 -186.31614996948747 -178.959623056255 -171.9413974883641 -161.30284268413945 -152.2348643197274 -141.86588703742927 -137.71235035743672 -131.5136289429234 -117.96247183007073 -112.74896160834004 -105.28093685644042 -96.0808015403678 -90.35635048861651 -82.16714319244824 -73.4787551531348 -65.82968744192229 -58.31473959481157 -49.872931189395274 -41.56227594241822 -33.385786266148166 -26.793657321589023 -12.908034982551605 -8.120746909115518 -2.2585168088332694 7.930429900744044 10.105676728897341 23.441427835681537 37.906742583435374 40.5846202637762 47.443341986767976 55.447998000084134 62.71866690509526 70.38463477269963 78.91513973229776 87.62642868061741 95.24141445816308 103.1777726969385 112.4630714808076 123.15225590044179 128.2878324790243 134.91848589371145 143.33670268025276 154.6194513185022 163.15249982432601 172.3211699483265 178.09942266658084 186.23614576989578 194.20074289724238 202.24495755427145 210.91544390574515 219.45894588472416 229.05212781608952 238.7224399012001 274.36362328028844 -253.91176970146097 -218.91470053295708 -210.94180789081523 -202.35767377687068 -195.81372135529347 -187.24738972820722 -178.712496421382 -178.21234649554944 -160.2033142803169 -153.7176359804034 -146.99085998294188 -136.4524459541433 -129.89551266141086 -122.18591300696691 -115.83269245502571 -108.64276686626225 -98.47077512510201 -88.63014147334965 -83.0438818515382 -74.1682827571264 -65.90145941653502 -58.34477996946063 -49.70264088307855 -42.539432147903426 -34.46438268926682 -28.297409751877385 -17.50999396058486 -6.480467821895406 -1.7553879519831552 7.687765479400871 13.965503070096437 18.437292857464566 32.39823945054758 39.57434203950982 46.87419515928072 55.85136765112093 61.91976324540465 69.70306880563358 78.09252974101607 86.78268738836005 95.652128518193 103.4947880220464 113.2774522099389 127.75945437175676 130.08234440188804 134.7062806898022 148.22496642796577 152.80251520597093 157.86800751918528 168.5727195320066 176.53577200147257 185.50000949774486 193.39165727802643 201.38031653655798 209.97038736103337 218.42516496567106 227.9276880578266 237.52894316113202 273.0951399011363 -254.225727604188 -218.97608253120967 -211.18081103135177 -201.90782235492796 -196.3445848329345 -187.5220391023167 -176.52509905225796 -176.3263546128432 -160.03749881967687 -153.72942108107594 -147.84913176446025 -140.774427472262 -132.27409545292252 -122.23529993533994 -115.73752089500111 -105.93655377054515 -97.64640444544274 -93.72616228536076 -85.43643065673703 -75.86379283151646 -64.82825410685254 -58.39167374229924 -51.32454323713718 -43.61697904019618 -36.252695417771925 -28.28995419305108 -20.151991953514337 -9.064807308532648 -2.525427982771475 4.229279753902336 10.813337935598597 20.95803755780569 32.27931723350038 37.22759825922207 46.417866965057655 55.12315376778942 61.18041697944906 69.59524857243893 78.05024175890416 86.62467593490625 95.77514133986688 102.55567128952707 107.75939914141891 117.73553381178556 126.65508527643615 134.6970979853615 144.281870900547 153.07998391289883 160.58218379732492 166.52842568616865 175.81869670594213 184.7076384674569 192.6521953225537 200.65589730051843 209.16770615907492 217.49656979867453 226.8617771018326 236.3544730059312 271.79332082920104 -254.84803414403797 -219.53193276472203 -211.97544876119974 -205.5813556933606 -199.29075806329575 -188.81777752471757 -182.89159850371556 -175.68905644873914 -162.44184050285187 -155.6332478603551 -148.61291626813792 -142.92817849680702 -137.8299775749241 -126.94914261955238 -116.37967346110379 -109.18674964539734 -101.65649948716216 -96.48888000031478 -85.224236290946 -76.7857874244986 -68.61497876490498 -60.126674309742484 -52.978528376480455 -44.44620799601182 -37.15564495658159 -29.376573432569906 -20.710034211673236 -10.607873668560684 -3.6095670005023037 0.7245849737166286 11.073575442143994 25.746320196914578 30.63708002119179 35.15834343351723 41.20472196979956 52.07390046073533 60.87258900287026 69.4978810814424 78.06784862039741 86.23033908676659 93.75405639775755 101.97080626501796 107.34621136241284 115.00726518069891 124.0203967926302 133.19849237621614 142.44723165697803 151.99087427852655 158.1838272521545 165.33040071953576 175.22408544839928 183.90676271545763 191.91861265047865 199.94342923249832 208.38462033812644 216.58542525626552 225.79993213148686 235.16918390198668 270.4576151597686 -255.8096056440211 -220.56785861331937 -212.85983931284937 -206.83651860104214 -199.40847145277337 -192.23295531415073 -187.1998255954247 -177.50185178711916 -165.34107595631838 -155.65616253233406 -149.90575757307383 -143.39493271658503 -135.3212246876598 -128.78017888694922 -119.3212982252908 -114.0138083351549 -102.26160822418548 -95.71495330016033 -87.3445063480785 -74.08521998801504 -70.09430345689225 -61.28882479831712 -54.04169793737336 -46.20311901667355 -37.95832947745666 -30.68099190854098 -23.781657414234417 -12.191600660766982 -4.332324218001919 2.0553417159185066 10.817515279240324 19.683680730951398 25.840907343782362 31.239304460015408 41.710929647645365 52.06205636970343 60.61466177869868 68.99486310335703 77.46505211127759 84.839694468838 90.6513734042583 99.36382921946479 106.15738642832511 113.1407904973741 122.0973178718189 131.54625528360774 141.04137947308965 150.65960687238308 157.1136935874219 165.89394929660034 174.8512984014459 183.07782406254233 191.10469791102423 199.11461758329753 207.4983499364442 215.60399621097457 224.68769033016832 233.94323031568373 269.08747198812677 -257.03733209730814 -221.98695041423963 -214.30945112382093 -208.94384521563174 -197.4993448930996 -191.5064830175006 -185.8017374879168 -179.30879351940985 -173.59699816202098 -160.73697792346596 -150.2795926423433 -143.22273239924698 -136.22640369656648 -129.01667383874715 -120.89749956509512 -112.79661224892824 -103.47040797574326 -95.95168198693855 -89.633489083839 -79.7204119558417 -68.12531706895574 -64.42108175138999 -55.26953524527254 -46.93374749853402 -39.786084587013725 -31.331459287059023 -23.56686347396449 -13.599968600799667 -5.563208367253681 1.1841532611249286 8.69473191407095 16.404001121776588 23.01349001851783 32.03872845307568 43.17307440093449 50.561916612690275 59.846275727455875 67.81434396995394 75.93012468066563 83.93109359797042 93.5945851465432 101.12557764973847 104.93038329303316 112.22081802004534 120.90007950189079 130.18661271027003 139.2583607940703 148.6524711166253 154.78332931876704 165.45415902955324 174.71995735044754 181.8945932662062 190.03871384324074 198.10654883922783 206.4807011642783 214.5282483555002 223.50873098396235 232.66753663299346 267.6828161791392 -258.45861082800315 -223.76730571614814 -216.42417515888255 -212.26121194536267 -198.29909043478648 -192.73414995672718 -184.86372580342046 -178.47900887978935 -172.17456207371387 -161.96513763667264 -152.51138723675425 -145.27482807523808 -138.95578941528953 -131.0859372533576 -123.26054335699486 -115.42921848373187 -105.07635256811918 -94.21504146161395 -85.43526732540403 -78.69609025264072 -73.53004048000972 -64.62604539566127 -57.23572713780819 -48.09554722831034 -40.56778932806087 -31.230140231476998 -24.087156646891465 -16.539346198635506 -7.053432597214649 -0.47299377153531635 6.7712553061636305 14.58309785076379 21.995831619899356 33.60809051025784 43.33160928359376 48.23234734308114 58.03808218499878 65.53543096419195 73.59596632930894 80.36084245579582 89.54673462254951 97.92752243029521 104.76159658885231 112.07410374714554 120.59453920218654 129.52422954061484 138.08848103095897 144.55994326272472 152.144468108186 162.761035700686 171.81714334202132 180.20572201216478 188.5914040131609 196.8562894458092 205.30348023187707 213.33414738254075 222.24673337895211 231.33302723988606 266.24357259767083 -259.9205780760257 -225.51739124895306 -217.95404945562422 -211.68571897237854 -201.52212438197435 -194.94729929630677 -186.69418421877265 -182.2035039010967 -172.02297540190725 -162.68651929733338 -154.18087668608624 -146.9317771486587 -140.44975732257225 -130.17221114334532 -126.98578231552148 -117.88021122764441 -99.60418929753018 -95.96939728534085 -88.19001660878898 -80.59019337504505 -74.77011876073136 -65.2065249974706 -58.266610724476664 -49.35004660064106 -41.04823418946095 -33.182746949904555 -25.43034667439617 -17.250999648618297 -9.477848350348633 -2.11637814302048 5.415356438240593 13.429732795697555 20.97050566422993 26.542251734494872 41.45300681532376 50.93756911944012 57.683910494740076 63.33461657098275 71.49514552217134 79.29002128975986 87.38695610867806 96.19885820661763 104.27074117246197 112.1186655551274 120.40871744157633 128.86551473374826 137.81875967568726 144.5987115180445 152.71092406773872 160.89637432213198 169.48896779247187 178.46241414834418 187.00563574062966 195.4696583553484 204.01244784408425 212.0445349367247 220.9123713947092 229.94527908619068 264.7700562403461 -261.2703702053056 -226.86542555456504 -218.73999271894664 -210.79936304727812 -204.0066681362872 -196.98201880751304 -185.01036188268944 -181.93340143886942 -172.53821048082372 -163.400575328075 -156.4801564209315 -146.73264365916717 -138.5441261644427 -131.4594855924906 -125.17361699494104 -117.32662684501281 -101.32425782131833 -98.06586038099486 -91.52982004828891 -82.88704254591991 -74.78294758123535 -67.14628043528215 -55.49941866627718 -46.399148067416775 -42.132148548544144 -34.77325208007868 -26.995140489124406 -19.007335670985054 -11.336716129847515 -3.5133272479784803 4.443615016956687 12.623278620231403 20.692446720447865 28.668729725859443 38.195823183512864 46.938719545080446 55.841413017526506 63.524158155240485 70.57076862629242 78.7561713207065 87.04807527704571 95.68382142634957 103.86697709508334 111.77105609879786 119.57116234453107 126.7923691045104 137.01373571981213 145.21101498724843 152.21347483991931 159.66537253078624 167.89515379771706 176.63577830302438 185.38758367502513 194.05232603350845 202.6533647057418 210.6822526626802 219.51631891080248 228.50986912173747 263.26258210378825 -262.5231123524 -228.10764306652936 -219.75513029776403 -211.55908813057133 -204.46780415895492 -197.59890072737926 -190.67755225249303 -182.20014399141786 -172.88222794650773 -164.5757398215592 -156.80606014493102 -146.18913110094763 -140.72873238782907 -134.16424514282016 -124.52777925513038 -118.18726357840383 -105.15781763259668 -98.92879521350548 -92.21718189534897 -84.21108341923792 -76.6388139989539 -67.90108091184372 -59.451068872254574 -51.62975055611198 -45.46906754202744 -36.09097792690904 -27.9830159546023 -19.83794101602814 -12.680464064596238 -4.446879324875065 4.079767706502518 12.797328279958661 19.230257057955637 28.874012658438218 38.116972882882266 45.98032970900917 53.89148836504946 62.65407896708111 70.14927065679439 78.68910810366862 87.09212755564414 95.51214130560818 103.55855200086664 111.23754041932405 118.22412094020797 124.50122052444246 129.56636583164612 142.589759886358 152.60195483361053 158.34055645826422 166.43687718625506 175.00879129211168 183.85129527228628 192.61426589180277 201.23911727158148 209.2583964518727 218.0659793048492 227.0307299952754 261.72167054423596 -263.6919868398045 -229.25157982740893 -220.64452036378958 -212.39475505007127 -205.16037433001532 -197.25120742807596 -191.49946794132222 -180.99137767624663 -173.85647207038264 -167.2618551098004 -158.7781239213872 -150.37406710732762 -142.01702554923176 -133.43158718733375 -126.42911488830222 -118.36441668589056 -105.56224411990782 -100.54611383569589 -92.75839977328489 -85.15264264410577 -78.46255556348979 -68.8674121202804 -61.7163317324928 -55.176477493868575 -46.39512896017222 -36.554070701278576 -28.18606572587295 -20.855713591298738 -13.346924137910477 -5.473988530659674 3.5274802199650255 12.4445174998836 20.713291171786842 30.892719082274574 38.70051523696906 46.59149574490384 54.05644534346096 63.911932330418196 70.43138565162093 78.57918795291548 87.16672850053276 95.53654285947411 103.35900545275824 110.98244626045019 117.54586975478654 126.11800588806325 136.4003844582989 140.16914573582568 150.46955917008617 156.69811971207582 164.86861296951142 173.5693474581483 182.4090464717161 191.16567280222256 199.78259199633283 207.78406219576604 216.5687559544628 225.51179435555252 260.14784191792296 -264.78101524518894 -230.33172110639646 -221.5185842306147 -213.06242456835813 -205.96413309715894 -199.5120131295206 -190.0814936213897 -180.85934848114016 -178.0660944228986 -167.44018645731083 -159.85727742966478 -151.026762171992 -142.88687627944202 -134.19065748421667 -128.79484113757186 -120.08848588382631 -109.64133347458736 -101.7299697299783 -94.33617451657157 -87.51604772163728 -83.10052977925018 -69.8608841048995 -60.825410152485816 -51.266982777071455 -44.41925652778372 -37.13550486422362 -28.813267255923314 -21.688040141330852 -13.449615928106493 -5.390456405232419 1.859713655785128 9.456154779230955 25.846403323869367 29.65382427769233 34.70005695585907 44.104478054100966 51.6856997013441 60.196690375580324 69.37113277007899 77.96618417103346 86.57883476863142 94.85892451798914 103.2157754611747 111.73127152572404 119.32056387030008 120.5957915904103 131.7473470760963 137.95022115459452 147.04095760126276 154.87306654982402 163.2830252802512 172.15117968619575 181.01562441265358 189.72764359502477 198.30883700565266 206.2803306852589 215.03884043666127 223.96097236746638 258.5423326059612 -265.79432939650553 -231.39039748689558 -222.43644821142553 -213.81834948410494 -206.68166546197787 -201.20131486072728 -193.5925706442314 -184.3374825286698 -177.83736258821781 -167.3906783216779 -161.61717537329716 -153.08565610663388 -143.96851609298758 -134.47896497095164 -127.55322504647539 -118.83436102989717 -110.77792389124693 -102.93362347501422 -95.30606159613595 -87.21083636700466 -80.37006003430064 -71.08309699922803 -64.82574630888035 -55.61911220824575 -46.136773163000214 -38.46854467943409 -30.236157442707047 -21.900657463307176 -14.31973056646046 -7.866633710700989 0.07577493730410899 9.775385685215467 20.208352158320487 27.047037644593413 30.062818058699715 42.07385910526514 51.4495931532909 58.94172747747263 67.92799444512889 76.65797723366656 84.83223367626192 93.39688565587369 103.26023139801431 108.60699945053781 111.97352232073993 122.85668599706713 131.98094144611727 138.34932495781828 146.10836342119907 153.5629695560088 162.0040181768934 170.8936098565636 179.68222239530775 188.32128383442802 196.84290042517353 204.76828271122184 213.49042432843504 222.38617419588832 256.9063789894328 -266.73148777783524 -232.4209393734185 -223.36692642370332 -214.68867546882197 -207.41609127810204 -200.1371537537982 -193.69929664531202 -186.50840302288822 -177.9541133000114 -168.6877294731343 -161.26266904235504 -153.84715199687793 -143.63356899632586 -130.54881362185395 -125.18019102447164 -118.39846625830126 -111.3078903953627 -104.33875036134755 -96.03933623894811 -85.82571152217633 -80.49269773331221 -73.16994906089624 -60.06788546824024 -57.09220366488433 -48.50407627909119 -39.93879661652852 -31.194006879726775 -21.379780680916134 -12.811573920256864 -8.237601734437158 -0.749125534977677 9.433412291773069 17.768071912510518 24.474015261830267 35.35658940790655 42.69296577749082 48.169876882499224 57.06389550469663 66.13849165539315 74.95836320920282 82.45223168216928 92.15053134169474 99.4588213654717 105.04468423528039 110.35133807218355 121.4723725323173 128.67896273534183 137.06787749260326 144.73801808144663 152.41488985011253 160.91016722784914 169.7398729818554 178.41412686767268 186.94955213604035 195.38957515409592 203.25236391420677 211.92631325106632 220.788518386364 255.23971211826048 -267.5920733334424 -233.44784492300565 -224.40486476591883 -215.74108596249238 -208.45596916598473 -201.1332360594413 -193.96820743594782 -185.4700980171849 -180.13898513598988 -173.82188025075138 -165.39061744415704 -154.93103219038153 -145.5068382302451 -134.44463931257096 -126.3203234750062 -119.66401106666792 -112.47957916241616 -105.14710555398007 -96.85493232105948 -88.68914712841585 -83.65424744654995 -76.68812946160304 -62.668933145424965 -59.50051233645732 -49.85878846789245 -41.15057143481829 -33.97213853214783 -25.90301860181255 -13.548505930624165 -6.83993374989626 -2.7202515934108473 12.107455472581263 15.008551009508063 19.755715754319652 35.92897399415731 42.30927122989939 44.89717131583741 54.84443412600108 63.71812263427019 74.8010814482707 81.42260303131567 87.20085350020386 93.97436209679675 110.33538517846614 112.15936825954985 121.06911669876744 128.22730768402633 135.9954991955773 143.62599868052138 151.42454292005664 159.88465793953196 168.61466652654187 177.20471682225946 185.6154115148521 193.95365409125617 201.73701993439167 210.34931282546145 219.16912348405862 253.54206304196785 -268.37601477424425 -234.43655333483093 -225.46081842107125 -216.83778983348574 -209.59055883288192 -202.34284867378722 -196.6641765318484 -190.25520575711997 -181.18981751591707 -169.92655971000013 -164.6365977137026 -158.15265585185747 -149.21185113774447 -137.4344327191694 -128.78882848820598 -121.27872070959637 -113.70123969527799 -106.28841632775676 -98.58528704604015 -91.34323052833928 -84.12369683592227 -77.7968465656278 -65.66547076811038 -62.074735001508515 -53.1173290656552 -42.19517589254244 -35.80209843048691 -27.89610153552162 -19.326458857931083 -10.934210979452558 -0.27588203714994136 10.233911133089808 13.6172238399718 24.220707481821815 34.36088181423932 41.19703627671283 47.32888813320571 54.87041599179654 61.66063429707983 71.23935176596206 79.66088059830751 84.38577184386534 92.67506072023815 103.33785559437474 110.53988873921601 120.2017157753043 127.7406929988119 135.19275855083484 142.73098391329845 150.56805785075767 158.96134227085955 167.57676233046348 176.03625199224447 184.3052794538075 192.52525335487564 200.2152814901592 208.75460822083141 217.52458022712952 251.8123880207286 -269.08318775129794 -235.34659358275556 -226.46645171271655 -217.91797569190925 -210.64151960489488 -203.29721474002577 -196.48487820838085 -189.39670138313392 -183.06401945077778 -174.78340775694036 -166.60190379672363 -160.56584688553693 -147.4066986598556 -139.58409943486942 -130.71690648917897 -122.85042682233345 -115.10611845490611 -107.63169852002346 -100.37947564147555 -93.24176197740978 -86.12805470530729 -78.71521708007907 -64.68656067587452 -61.317585069234106 -51.87276970644372 -42.80052182168768 -34.79941554781982 -27.692198108962767 -20.866391427517428 -12.479231572611395 -1.7081444586543058 6.410140538671324 14.897308351918339 22.365713693864354 29.7534544190956 38.54091714566691 46.201771553981565 53.26654978035625 60.63408514033066 69.57002808541854 76.26838719221627 86.26066729455395 96.82238823352223 102.06329017677353 111.32851917194104 119.60941277278424 127.08785335858056 134.49263510391705 142.03112804879981 149.85260212165431 158.1383477021679 166.5902646468307 174.88816253356774 183.00569790502192 191.09448905808 198.68017929472305 207.13738460114274 215.8514793484196 250.04964330916033 -269.7179901746604 -236.16996326486137 -227.39488685570365 -218.91690221152786 -211.6003899973172 -204.20068103946662 -197.29210319153148 -190.3201797195401 -183.62721210483505 -176.36170622032967 -166.8949242432433 -158.58954141053061 -151.182530866139 -141.7964186497892 -132.42869010533718 -124.64873421432773 -116.77146093747226 -109.15826196784022 -101.92910675217298 -94.90831186293178 -88.40672980594675 -83.91289699274559 -68.73602061150068 -60.806975458133095 -53.089002803683044 -45.6751852039425 -37.79846553590047 -26.633927591705547 -19.19520975767889 -10.796736824644277 -4.475475277329942 5.502320906950504 14.353915307396946 20.673169708518998 26.89213715053591 37.61710071307701 44.92344194636464 49.77170487622201 55.27767355258328 70.49217361832699 76.25886625649265 84.24419540659822 95.96287974853811 102.83569373756261 110.85714195967716 118.66267832793223 126.28246860427815 133.81525350014996 141.35348055253098 149.107684425907 157.30381754725428 165.62747422274307 173.74082036795332 181.6835930729935 189.6356062806307 197.11339945007802 205.485549480361 214.14197941116424 248.250870109378 -270.284821262045 -236.8979485111266 -228.21995060655905 -219.81085416679448 -212.49322186162945 -205.0365151910484 -198.0360293625706 -191.0356392519938 -183.6338650355759 -176.0509248324687 -167.8193196455015 -160.54348173105845 -151.9481992671393 -142.3979367485849 -134.66811364544665 -126.69710124611746 -118.6083905456717 -110.73866780773432 -103.25829910498587 -95.73459727386398 -88.6515262222821 -84.09477056616338 -69.70114153747257 -63.156666401830435 -55.3833335688071 -46.01084534872501 -38.423658202262004 -29.34323809260372 -25.86553856423514 -10.959372606303226 -6.377598555383863 5.458480112146075 11.978274432040207 19.659912157058336 27.335096496095666 36.99076650377461 45.01728406184449 51.26668335840852 59.02250264457126 68.31593894646545 74.047456153622 84.88486951380122 93.07642185412345 101.56635362682314 109.75576421615494 117.76543357551385 125.52702498753513 133.09623541161397 140.5649114333938 148.20582561434344 156.37396785695512 164.5893800687801 172.53144757827926 180.30545615447866 188.12285003133007 195.4966279862334 203.78701029940498 212.38823890456305 246.41310954613004 -270.7940790345002 -237.54324274132978 -228.93813112000856 -220.60091799577074 -213.29584512690525 -205.79381000974735 -198.6820879870583 -191.7102288096232 -184.22232232867867 -176.35726205287358 -168.5498165854123 -161.8215850588724 -153.0496317061549 -145.06921960114371 -136.9634892255355 -128.75964900063914 -120.4576968470515 -112.3141907278718 -104.47933923304772 -96.83812622057555 -88.87637945415503 -80.52069063974038 -70.84616984293399 -63.392009764011725 -57.76892334098793 -48.757676856750834 -34.40534178163612 -28.14912923500364 -24.34975658302168 -16.222043919632576 -6.917996356476328 0.4284800227631994 7.517993722868401 16.763556565958282 24.00886950655865 36.56691969767867 46.030774649532596 50.43599871902324 56.0166621696813 62.34195430546173 74.95959573242449 84.35989729289386 91.78104595504854 100.22790012252857 108.46009198394381 116.66249795568746 124.66242353644435 132.23392668553296 139.45963949820958 146.5025907903824 155.11627002473256 163.39479296820502 171.1435306407254 178.78137205050317 186.49272812063546 193.7867099596149 202.01527375789618 210.5749451239348 244.5332894305924 -271.25616147514523 -238.12795670386234 -229.58980380793955 -221.31573757504643 -214.05066298093718 -206.55096718245278 -199.35131796248763 -192.19656921232007 -184.7036033603568 -176.87018616003013 -169.88538110795503 -162.24443483287547 -154.33951999799012 -147.0451191927279 -138.9516884851398 -130.66704806640462 -122.12973027241868 -113.8311319023057 -106.11069270146311 -98.70486241678505 -91.30865609861797 -84.24735433678654 -72.55368638592152 -63.91811948562652 -57.357434559192235 -48.05950518137034 -39.262864124015756 -29.214060678880692 -21.674566514433543 -16.83479452395327 -8.699754100794578 0.16306513979747056 6.998312140174673 15.491338014100863 23.132634814970718 33.21435923738418 41.640655412627716 48.27443524250358 55.55255031425552 63.740849391048826 73.19512799921888 81.51169807018616 89.87023842844212 98.37793789722934 106.78790005559873 115.07074983647483 123.01580050967326 130.59622602316097 137.93435135319265 145.13350801475553 153.56324630931914 161.7164784973873 169.44635281963716 177.0213223993968 184.68174737070277 191.9404894240191 200.14384553806897 208.68678433338707 242.6083364964036 -271.6750746634734 -238.65785196586617 -230.1853380534948 -221.97974211330046 -214.71936401040787 -207.25703693319505 -199.9806250533293 -192.66176687636508 -185.1801821595015 -176.43525724376835 -169.70805522223208 -163.58429803097496 -156.2223682701485 -148.38386121876414 -140.62002342993108 -132.2756698068555 -123.40299644391793 -115.1749701277032 -107.77044484844446 -100.16927371748922 -92.40970034323433 -85.81439575061776 -75.12649314747301 -63.893208264351884 -59.629384690699524 -49.64703456385968 -43.01942581123222 -41.12877204716015 -24.469921011332453 -17.454427040457677 -9.950797964640262 -0.9693976289080274 6.876476472662715 14.664654297221235 23.29529883901158 30.848084521507353 37.58848921158894 46.691718164715674 55.58980401034659 63.51382298420489 70.78487405032564 79.3327820763453 87.82087117661514 96.25643965243707 104.71673778112698 112.9814346286107 120.83250892629137 128.43317161850695 135.9517920579053 143.61595682896828 151.6552397894121 159.59679812506826 167.42062740691227 175.0162716268558 182.682595061928 189.95085408987705 198.1646007229328 206.7143225011573 240.6263034497511 -272.0548240990274 -239.14062318807487 -230.72027521078047 -222.53415397561884 -215.13414615979536 -207.7476999369296 -200.56596038741222 -193.23572473038874 -185.77879359387632 -177.94731488083312 -170.9736240821196 -164.2399369857436 -156.8001145278386 -149.09997673081241 -141.32365122303975 -132.975806778014 -125.72089808785542 -114.87205643953915 -106.94827021744034 -101.39795986721312 -92.15319922291921 -84.86548086854481 -76.60794568291571 -66.49957585027961 -60.25856410125115 -51.570871507344506 -44.44896525651852 -39.32628801346116 -27.406358362994396 -20.39007678309306 -12.272675655731657 -3.5708799299767615 5.418410066250428 13.853509251973408 22.589589888858505 29.92297101304819 37.495837673074845 47.4715502575398 53.43541633490965 61.28479086555852 69.09740621793638 77.2509240590307 85.52150521937023 93.85743904557323 102.20307296451429 110.37498926291437 118.20237018088594 125.8478824469664 133.4436908030331 141.17734799898275 149.26954896911676 157.29001629532937 165.1157955199598 172.75742434334515 180.48794470947007 187.81067770279114 196.06940022514684 204.64811123254236 238.57522798869687 -272.39205112442494 -239.57406853097075 -231.18910203921905 -223.09804977502276 -215.83158764072786 -208.35466339719127 -201.1366329696128 -193.77081867319885 -186.31164648925244 -178.943735025142 -171.80944684406848 -164.6655469483062 -157.27085678784093 -149.51976791468525 -141.5998649416035 -133.46720717562377 -127.21935540962168 -110.40302573290022 -104.68674899587585 -99.95175640894266 -94.15235102176294 -84.95543911574077 -75.67839909122361 -71.61086582113907 -53.44593373761731 -49.886810820520964 -44.400325887669915 -36.890116662669605 -29.320068231486395 -22.66226555555135 -14.221659770944356 -4.97223158071297 4.138765506947131 12.823342498941573 21.627572250434618 30.360706840229966 36.355364991523615 44.53876122761966 52.00811295693772 59.63810592030076 67.28050241137926 75.06774709966533 83.11541549219264 91.30654783477716 99.48525976399443 107.53240068067531 115.32391552691222 122.99880527656725 130.65785382561072 138.4585344216872 146.55795265687715 154.6972043481961 162.60143387083923 170.32323543542384 178.13901492323865 185.532470378949 193.8481078130214 202.46295946372976 236.41023746382567 -272.68339968954854 -239.96278958025246 -231.6212079232268 -223.59709929065278 -216.46247768529415 -208.95876379531114 -201.63870731104558 -194.24730235186237 -186.75386014583367 -179.34636798293351 -172.20924959795917 -165.04653597341579 -157.6718245577538 -150.03716011761549 -142.08075016535696 -133.7047430958806 -125.88109506672883 -115.94764082569495 -107.23209155515748 -97.21781151579052 -94.96693260396543 -84.9940628755846 -74.38793326821235 -75.5464547915718 -61.33661625737035 -52.841949251019116 -44.59417814959889 -38.120050499079056 -30.68347038171511 -23.009669103870706 -14.72258920130778 -6.05420532422272 2.7266216816186293 11.367535017003586 19.57909742815764 27.610620222782675 35.20865451768455 42.82846408878545 50.39626100688707 57.89002400255502 65.35358290101674 72.92396355801732 80.77848074038438 88.78480577030324 96.80317647243673 104.73267185115333 112.47452330860409 120.1369668528436 127.82339891084314 135.67165796705336 143.80576518703378 151.98795993465146 159.97491706583446 167.79173948581123 175.67683258813983 183.12854772955237 191.4903898873586 200.13347608094494 234.0862501895226 -272.9306630215095 -240.3144820912808 -232.02887234861828 -224.017740321219 -216.87903662556909 -209.41588654715426 -202.0521238070855 -194.6429481949746 -187.08964109997223 -179.62348520032796 -172.5835474973581 -165.40809034958627 -157.97586374471067 -150.34192046009014 -142.26627071619225 -133.82171553738124 -125.12348526100216 -116.69831939474406 -108.51166160457831 -100.60533104200434 -97.94712706852563 -89.02105763871066 -78.79689906059743 -70.90111052091076 -63.165634439381364 -54.47582517681713 -45.85940306965121 -39.626937067466876 -31.01565261633118 -23.915185848946617 -15.754172804468697 -7.361377185114597 1.1454015765412844 9.615627575395699 17.78360395451798 25.73321847948837 33.43272427882984 41.02820424877184 48.53152183349209 55.94363317644015 63.34197517054301 70.8337370549056 78.55393639302473 86.38727787924671 94.25633953196674 102.07422812912475 109.74621025974118 117.3705009789583 125.06247074498324 132.94232381271456 141.10261904904527 149.2765848075251 157.33966154403186 165.22728443366782 173.15911828520296 180.6504641537371 189.04272434739903 197.70274724671435 231.64296073340952 -273.13550440398075 -240.62072761582905 -232.3726547739172 -224.37868243233996 -217.25780085220381 -209.8113146964563 -202.41059383333968 -194.94845860514172 -187.33187760236194 -179.80085328073127 -172.65588721858896 -165.48605843555706 -158.15042402663352 -150.58910470763553 -142.57877931534705 -134.30355441325344 -125.8936795483281 -117.78831301829547 -110.24314493956578 -103.23660433053809 -96.88573513041867 -89.91595856306756 -82.37557906385399 -73.76939256566453 -64.94391479119663 -56.29929342416193 -48.01956254461701 -40.363911109284565 -31.997315881920034 -25.049714523095602 -16.914604304378248 -8.670128456046681 -0.4478445192574071 7.752555107896669 15.796507230494353 23.725246816633245 31.406933265144858 38.96867947698902 46.49076566674588 53.89240820199388 61.30669871243273 68.80078486237551 76.44772885421527 84.17982027676055 91.93240609323901 99.6456288384451 107.2442853109994 114.82143018884882 122.48871286722057 130.3548566012809 138.52127823495275 146.74691946585338 154.79560703102584 162.69126218595267 170.64092221064988 178.14706494567318 186.5488401176289 195.21107278701552 229.11715216444517 -273.29952576448306 -240.88198008638747 -232.63185062401797 -224.6696667555109 -217.59354575004784 -210.1253725333884 -202.70183812175478 -195.20419042567798 -187.54491179564548 -179.95575454967866 -172.68298072384502 -165.5242814602998 -158.29973677103254 -150.85437612669944 -143.02909187316564 -135.00830266640898 -126.99112330614597 -119.26413218868933 -112.03970961388737 -105.12859998632455 -98.40305005676281 -91.43600490386831 -83.84159376211416 -75.74670916190883 -67.26132589195042 -58.72958744404332 -50.36407186496299 -42.14796665691397 -33.983491139045086 -25.980759635183286 -18.021217968492554 -10.080714293926103 -2.113044738181909 5.827179986690586 13.705306695881259 21.52336906618935 29.181137971980917 36.78675156988589 44.32986048623904 51.76921753173702 59.24286249509594 66.76919949659701 74.38903725045903 82.0554783558815 89.72100972532462 97.34009523431259 104.86554506343062 112.39109205005488 120.01005724929352 127.83869305798751 135.9991354638072 144.24794000705157 152.27579010704233 160.159802505474 168.10685832895714 175.6100108154971 184.00620854171612 192.65985014293946 226.51463935969363 -273.42289672825177 -241.1124656149025 -232.8817033828645 -224.9556355190167 -217.89050297087195 -210.4143638008821 -202.99848679298637 -195.47746205104932 -187.7873302345412 -180.16725653112047 -172.8612034486316 -165.70355240505154 -158.53900411716322 -151.21574604859018 -143.59390542570682 -135.8413395527256 -128.12752000559033 -120.63000351637147 -113.4993909055997 -106.6032996625298 -99.78697294860599 -92.7101205458165 -85.13691727839364 -77.20093386811841 -69.01324310323746 -60.67832491164185 -52.29707400841686 -43.92842360296217 -35.63184378267051 -27.47602569376668 -19.529081495102368 -11.701813606978327 -3.9148467098976028 3.8329384671263678 11.555760681926174 19.265771450084102 26.900719696225273 34.50316597263014 42.062500350234835 49.581621865794546 57.10777307264702 64.67444379030664 72.27773909605509 79.89358950595137 87.48962694692955 95.03332855807663 102.4920746839612 109.95406181102608 117.52452184680784 125.32873571967511 133.4683106242008 141.6844836440761 149.6968941981217 157.57227219269691 165.5043469422986 172.9932295088222 181.37401268428474 190.01166809383724 223.80068525113674 -273.52157951898624 -241.309431595662 -233.11433654228023 -225.20501262804933 -218.16583971649143 -210.67965206140178 -203.2669901353484 -195.74129966422115 -188.0360968643767 -180.39913361615896 -173.07952191999 -165.92955477306108 -158.81029118872925 -151.59264108402868 -144.15414119416968 -136.61853904155143 -129.10437040365764 -121.7345090486395 -114.55442523682323 -107.27102370264777 -100.59388422607175 -93.64505727730457 -86.15588067459849 -78.34185817176424 -70.30761917555381 -62.09664190554664 -53.76446504465614 -45.402168924823144 -37.10238389558913 -28.965470822591737 -21.078680109338514 -13.272706576159173 -5.589774077753931 2.028456039511431 9.645333246611933 17.277404813867633 24.897353475993288 32.50118346763869 40.0942052941369 47.65836571236053 55.22219959351353 62.81367476124387 70.40759412427917 77.98440124500515 85.52966064892334 93.01779259797117 100.42442367926635 107.83487978542105 115.362140505356 123.14007824974396 131.2584078472474 139.45864686748433 147.44566604280257 155.29792653201014 163.21190805183824 170.68403302101652 179.0474745795873 187.66834613830557 221.3961782627984 -273.5916542680679 -241.47209559357805 -233.30355076037685 -225.41209915732586 -218.39343028351163 -210.90681292029154 -203.51699135497094 -196.0197387445186 -188.32235076092718 -180.68954691654045 -173.37698441017423 -166.24834170659187 -159.16839030983064 -152.02519917268785 -144.70699000883366 -137.29974695073588 -129.8894116572093 -122.56454561602246 -115.32789156137704 -107.78474857610536 -101.0626073585896 -94.10460815858113 -86.6427204245091 -78.94250873503444 -71.05761684856033 -63.01184861355043 -54.83608058260073 -46.61789303639022 -38.44537172439341 -30.4110068349705 -22.594822340046377 -14.844388848337704 -7.2139171497295695 0.3650727463614349 7.945919874710268 15.523118477175343 23.122152906085393 30.73401429577627 38.339755308125554 45.924451261834214 53.50082893738995 61.076164898115344 68.65081673717653 76.19645691937045 83.70391012310667 91.15160400735265 98.51972835372108 105.90343625515982 113.40034552730646 121.13165498039805 129.21812347182055 137.39013475010123 145.3592912907918 153.19498462498407 161.09002077130896 168.5441809491013 176.88852933001593 185.491168847131 219.15719108621954 -273.60402133164 -241.5825194887343 -233.44014840651653 -225.5708558028881 -218.57284157507073 -211.1424744207075 -203.77615560839817 -196.29089547404635 -188.6168897864693 -181.00799190443863 -173.71928373548818 -166.61990957706806 -159.5796567454747 -152.4919877707924 -145.25041134978315 -137.91905115257632 -130.56203416391966 -123.24622220914479 -116.03827686231777 -108.8403554843349 -101.6960480184152 -94.45246018169456 -87.0104516779137 -79.39791297368278 -71.63791565098774 -63.75110067293025 -55.75687865557474 -47.72341419668408 -39.71887216779868 -31.803866516771023 -24.038514110958726 -16.3773257087055 -8.783107286263396 -1.2187213433547763 6.352020418715043 13.926048306156071 21.509061707409085 29.098962182546845 36.68069358717999 44.2500729664177 51.809387876408366 59.36061403244946 66.90519875692011 74.42372865406276 81.8980392164105 89.31064182200082 96.64416335807138 103.9944446535785 111.4573749563629 119.15352901339602 127.20422219045874 135.33570394800694 143.28251865729106 151.09879918455056 158.9694247499813 166.4005101299974 174.720504122631 183.30015093150283 216.89011409653475 -273.25265924344285 -241.70901958994034 -233.7051240439665 -225.97788873073955 -219.10494980247168 -211.82759118703146 -204.6016816557104 -197.25324066324697 -189.73052575365855 -182.27623306065476 -175.14187967315235 -168.20450895105225 -161.34179771773017 -154.4547465989248 -147.44440170100535 -140.34051982009538 -133.17286101768153 -125.97302642097989 -118.77308977663985 -111.56361695496662 -104.33696580392035 -97.07395150156418 -89.75528238687687 -82.38334234357876 -74.9617524021564 -67.49370084446946 -59.98226139144476 -52.44663130952388 -44.90600786514854 -37.37737692890003 -29.877724371359744 -22.399363795159367 -14.934608769906779 -7.477024022731758 -0.02017473901623182 7.434353663173732 14.88500178670997 22.327418289849028 29.75722173340254 37.17469451914843 44.580196993609455 51.975102315623715 59.36077991215461 66.71855090482734 74.02973666159116 81.27738437206048 88.44454465670658 95.62708500633616 102.92092069741636 110.44653519967667 118.32507755122337 126.28828272191598 134.07715585321836 141.74281145604238 149.4654808753952 156.75985678829167 164.93899737748453 173.38662677502546 206.53446935919249 45.95155616971209 51.550225939594 52.968991380176796 54.33860772041394 55.558315916685096 56.85164898038094 58.13831943574207 59.45111715349783 60.80109734813886 62.147327652824465 63.44720042586104 64.71346676562524 65.9587674047587 67.19142513488346 68.41975467490676 69.65392852217268 70.90420520694306 72.18005650020989 73.491614749664 74.82434923455197 76.163624905699 77.49938926348045 78.82150582692076 80.11489594674629 81.36446167501076 82.56782129053822 83.72259307215255 84.82829276943838 85.88443613198046 86.89128272601008 87.84909179245145 88.75797002339931 89.61859176890131 90.43895058778958 91.21966055989454 91.96072727335104 92.66232404242221 93.32258395273362 93.93751861843283 94.52404711455691 95.09877210476056 95.67772519603027 96.27693799729387 96.89852029496589 97.5445819025026 98.21741815455093 98.91932476239553 99.65593828782612 100.43290053852077 101.25846605736449 102.14096245304474 103.04823009056862 103.94912701028947 104.84621828002746 105.75624335665452 106.6185030579373 107.56972197302139 108.53156107783695 112.17543975857437 31.505493594668483 37.019324196739554 38.42360266976387 39.77599422536044 40.968649242089704 42.238393847437855 43.503558352459 44.78868115155121 46.11522226978529 47.45910349501614 48.78038583185957 50.050375394715864 51.239799257598825 52.31753287837444 53.25026606929383 54.1290395379607 55.05424784974281 56.08811693837715 57.3308952517543 58.732154971512784 60.23824708179622 61.7743982029642 63.25508024163583 64.66206991967054 65.97522224258087 67.22475383168681 68.47893667467409 69.76774451170937 70.9764962341672 72.09445087134995 73.09297121635056 74.02605584243703 74.95461507778433 75.94041317655855 76.95688816089391 77.94344713955539 78.83931191092515 79.62950436310348 80.21640028402261 80.69491672848639 81.1333286942763 81.60015781088691 82.16650301669365 82.81308464307814 83.52014967511073 84.26818374293315 85.03768010056804 85.83556311111565 86.66878330701874 87.54859682387647 88.48173127018289 89.43424576547461 90.37977738550173 91.32013537240996 92.27508820677865 93.18082263459134 94.18393232556545 95.20246026071143 99.08506438664351 28.389844345006317 33.883288724274884 35.289123845438006 36.63194407516258 37.81139022481274 39.07247067348685 40.32136667787023 41.590298737687746 42.90355969323827 44.25193970169201 45.59362680262486 46.87521689663051 48.03977561318517 49.042395707429115 49.82445400054104 50.51455170407526 51.26821917114835 52.17940629555256 53.37613141667475 54.8018536388285 56.40010506847982 58.02444689258513 59.51609099198205 60.87963522075284 62.12755710052969 63.20595680235222 64.41914957697541 66.18834190167037 67.66432978763152 68.92976559506326 69.92012046532808 70.79317345703312 71.70045145176344 72.71021105558346 73.83970071038706 74.97110669087034 75.97759608421495 76.82292192121837 77.34459952461701 77.73960444759548 78.0973779490731 78.49520722808893 79.03829088389567 79.70413988299806 80.4499343002219 81.23904748915189 82.03516340660482 82.84910005517642 83.69066813124665 84.58135373542044 85.51568857697954 86.4743969662244 87.43438421802738 88.38348396155263 89.34725135588822 90.26137462075496 91.2745184656784 92.3041239568695 96.23435462105282 25.339135352656626 30.807804042489316 32.208473640628995 33.53020823858111 34.71179724433945 35.96992505802848 37.18170208442199 38.442286983686785 39.76711314385156 41.14642276851706 42.55019648517009 43.879910448881155 45.06520827185528 46.02454813129432 46.67086783052983 47.177115618420146 47.72194855021451 48.47977016076734 49.635767903487945 51.110981781665515 52.84547432596873 54.563796688589164 56.04712792233143 57.369880372599894 58.61349044797288 59.78736832581886 60.83951006193996 62.06571563027703 64.18567914816926 65.7395320496523 66.78331326702717 67.56557489096146 68.53231370021466 69.5869222061851 70.83321826783396 72.08364435486304 73.19422399341894 74.06684662081966 74.58051295522523 74.89227749651577 75.14121772407547 75.45863378126091 75.9997066812268 76.71596627250143 77.53135866846888 78.3797908483263 79.19559105856963 80.00251290014616 80.82012914573869 81.68006274627815 82.60898522458116 83.57527598575432 84.53904016803573 85.49551689831422 86.46685769944229 87.38827535580737 88.41036052411468 89.45001407486717 93.42421468562674 22.067258463165732 27.50124467989253 28.882299765733478 30.119218855183465 31.29345285242027 32.63019061724022 33.84658004930849 35.11833708079082 36.46629617510196 37.91801063616112 39.440474534045656 40.893647665777166 42.18363988286032 43.19936176383823 43.8295994076375 44.26556554564688 44.694898990508634 45.335410807400855 46.4081538057125 47.89747428537735 49.821299274718214 51.34055867956847 52.501540907606206 54.288848228183 55.074909675137455 56.49245517685091 57.24664326821324 58.39751111804401 61.290456120324095 64.03008869559804 65.34758307106856 64.04366249629355 65.18567177166922 66.34497233628673 67.85901636332208 69.07179080887784 70.23147040046638 71.18812412105757 71.67545232623048 71.90092821775315 72.03037552897482 72.28153487853837 72.87319073029025 73.69028285381253 74.615784648559 75.53976651350357 76.35232926634221 77.10513970359045 77.84764442338229 78.63314241902312 79.52776816654757 80.4739608874373 81.43081928264314 82.3935858857593 83.37188634147778 84.30034251097936 85.33147158484837 86.38151137798762 90.40159587404884 18.370165489222707 23.76652773249316 25.129858346933066 26.41646569741847 27.589441753294743 28.81738296746161 30.06469183572491 31.392345566557985 32.79924853905468 34.350200229203104 36.00558562357941 37.61371066332755 39.030569006459345 40.162077316906625 40.927147202012684 41.44222155573898 41.81981662262122 42.82110387285875 44.48305244316877 45.072080117556986 47.210537697463344 49.33704636387039 49.80788902406527 50.397304865730305 50.29676396175099 53.28686307914235 54.28344657751252 56.30929560674953 57.05387461853725 58.2521834399899 57.637039040193734 59.63025100660437 61.15535875915905 62.77970188588618 65.0407759725242 65.1495590737988 66.20298139619547 67.94006592207495 68.43104359267204 68.56371107448074 68.52777694726241 68.67192632091313 69.34517201441432 70.33850592884349 71.44291999550339 72.48246416558311 73.28118939760505 73.94011811115648 74.5574247204873 75.22289064582665 76.05156944609368 76.96753706070994 77.91785636084533 78.88685462810457 79.87231432340008 80.80818907042591 81.84910364471739 82.9105450107794 86.98155278302166 14.831422822478201 20.18719414625118 21.522542416958064 22.832201965460484 23.982079151897203 25.15108203439369 26.437093298284125 27.829473737634697 29.363728164603582 31.035631475246838 32.81946956772799 34.546101354430206 36.08243592504091 37.43168694701904 38.41201164519719 39.198542162191266 39.502299319185546 40.844687069698665 42.670932950213135 43.64899623958943 44.2952405266782 46.35167732130464 47.49366053071851 47.122779404580136 50.5732762915929 56.27477228524005 52.53711819967824 52.16790563938533 50.789957028004316 59.312573266193795 56.118345956718855 56.68323492428723 58.17257329677189 59.555626571036264 61.166742265096225 60.47854619341669 62.48184749203335 64.94094270856114 65.37068252196099 65.43423336633245 65.12936874168916 65.0764528654044 65.87012139193727 67.14009330617844 68.51739086778083 69.7323884608114 70.515405678988 71.04431671485246 71.49547203052046 72.01004140921994 72.74194100098353 73.61050575479386 74.54863027159226 75.52242112606407 76.51359432831929 77.45552339055014 78.50476319103917 79.57619597559268 83.69323406039084 11.388638575289198 16.69945493242051 18.02147609648589 19.283699220881022 20.430488024890064 21.677089566452455 22.995738029680524 24.469030921257502 26.114054560878703 27.875156164228294 29.697562242421984 31.371942479983346 32.72458412728119 34.04607513315051 35.370810502682346 36.85483316060919 37.48515108426034 38.67628432556562 36.63658767133823 39.59184949482542 41.13681516425434 42.802661700362684 44.862786965058724 46.89294179190972 46.590639467012764 44.6153681209761 44.947243008652784 54.08928471804681 55.03312165222931 54.40959976393989 54.007613907354354 54.037406357538316 55.010150739424205 56.245298744146794 57.642978302837754 59.01046877589004 60.82707320646017 60.79391556373913 61.902706632083 61.75866482902206 61.74699770437132 61.68786828449933 62.55942715313502 64.24340491973393 65.82620554626452 67.12668916289115 67.8564050891226 68.24443025062962 68.51924156835585 68.87826581109685 69.52577295290692 70.34332737688291 71.27070370953425 72.25065102995265 73.24756857516905 74.19489122296947 75.25122478339195 76.33127234345896 80.48997551708968 8.036305748907514 13.293221626654322 14.619659794905925 15.811835628400345 16.94587048555785 18.273681185032657 19.706002636779527 21.307974237846206 23.057717638136435 24.829728946860385 26.520216560537136 27.848223040193545 28.13378257100771 28.949392959703033 31.483186709795643 32.68701311249205 34.87716617022484 36.41009770677364 36.69912119615392 36.63276960765372 37.78785794485119 39.11346248716701 41.12855903375969 43.640817314573276 45.012194915347145 43.68636103045414 42.488750909805375 46.22263666165985 47.47201536368829 48.29664894585782 49.23788655553534 50.28408201138261 51.48932485724686 52.86049721732706 54.35296645665403 56.162689075125755 58.03441058219819 57.88046837649249 58.25706948254698 57.12127495191909 59.54600338364953 58.83702961207813 59.29250104898257 61.66689524957228 63.40937190094765 64.55715445246602 65.16000098933671 65.42443751860297 65.55256206697294 65.77495023693334 66.35607558684018 67.15607505693649 68.08536394451836 69.0748912888423 70.07888405816863 71.03147219892858 72.09369289484638 73.18078933989969 77.37638261020246 4.820424401736836 9.972532954930555 11.227268255211836 12.446696068522916 13.619640640330637 14.997503443588966 16.590979256432178 18.3731700102315 20.223413400087015 21.994653424731606 23.565890781587232 24.557284445906767 23.4936582269796 23.72206440524844 27.503483006379533 28.683006473082372 31.518178832191794 31.28845158760963 32.568673170187935 33.767200198560325 34.30448980099958 35.13187589837747 36.60637238001589 37.29919558742459 37.66545541319532 40.744035923797234 41.46342789898534 39.01474032602576 42.27800696349284 43.15747693637838 44.70827578189605 46.38387831492628 47.90339429140994 49.42886864829438 50.91186954351703 52.40273548246235 54.0556297215789 54.202404715184365 54.3513555641694 54.403268862710036 55.87777558066014 55.853597938037005 55.3548862906747 58.28412368857992 60.923869399585726 61.87784352853362 62.37952183240648 62.578171867042094 62.621117625281464 62.77081761432833 63.312996325355606 64.10843249847983 65.04083726584824 66.04177077670231 67.05346508861739 68.01057636026707 69.07688352079171 70.16896640438337 74.39544139865373 1.7912129614925567 6.818544561206477 8.013794705083765 9.261850648274882 10.48148362044236 11.952537602580362 13.673591818076801 15.64782985883978 17.606415422555504 19.448784605388994 20.9195885722057 21.987837162777023 21.82834839343076 21.34087167590681 25.61643752270737 27.288835090067046 27.776762370547694 28.455965713730276 29.15672307566062 30.08189347758387 30.54631737650222 31.248336817921988 31.86727492748061 32.51005303194859 33.12741571365466 38.75251845695444 39.99080634803166 41.47509299431027 36.557638728918434 36.85050366380598 40.299676761084186 42.62937463359016 44.35773596596296 45.91424666494441 47.29891950742082 48.47272099492035 49.55617226744923 49.76275837891117 49.83640935239616 50.08536245700203 50.665125272656944 52.3744948430081 56.462697383846695 57.66036073414528 58.024850090737274 58.94644355228151 59.472981359871504 59.708642283200696 59.748220621805565 59.89338771532364 60.4249936180608 61.215847127024354 62.18463851358294 63.20172225360813 64.22102719010621 65.18129269135936 66.2492769550424 67.34377128142764 71.59381893634631 -1.1121487441262379 3.8068712803584686 4.967435512488817 6.138290378904288 7.372984765744918 8.95065781087076 10.741452040391177 12.925404026577171 15.032479813210463 16.811089788822247 17.83134990345004 20.884296446344255 19.440881125285213 18.783412177863664 20.526315841351643 22.353825173426852 23.265036100091386 25.031237760234156 25.69121177866902 26.306597454711206 26.94756561832105 27.532921693166884 27.584215291726096 29.480504189890073 31.80750943306444 31.683554893819224 32.273126110980115 31.82500931167247 36.18962397779452 40.16074058235171 36.002770349750115 38.791385931554395 40.94257391436905 42.467870396815066 43.70201127932769 44.477647472124545 45.014155089428904 45.27730995315121 45.28538015014856 45.55322624071453 46.454537948894604 48.54509628914533 51.401788444625794 53.08971840883103 54.478151059516236 55.686222258455366 56.38099458378325 56.774343270872635 56.875317771824825 57.07430136849538 57.65716381277929 58.469572952140716 59.47029846242367 60.4996509899187 61.52336199107502 62.48337458382765 63.54948261284897 64.64334907276893 68.90990484104462 -3.9518855477486627 0.820901353536028 1.9385855016260383 3.0325669844973806 4.17255376509971 5.775844552628131 7.892983704973645 10.172181432057835 12.259100245514695 13.736397355977 14.043181120833948 14.463640789726941 11.608301162410488 14.539382353034652 15.10627469821699 15.46184239381259 16.968085932676793 20.350496669127786 21.98529964924674 22.906882702582784 23.618755350659992 24.454496849328464 26.1465936993479 26.48748319217825 27.962374732432288 28.36799570364498 25.451095196200818 28.492584705901393 34.96247446320512 32.725902789661 33.071709611804145 36.107141911464 37.873086192683985 39.3032160030395 40.08730026401725 40.55450492501389 40.91721812282019 41.116730699400385 41.18049937379744 41.5084710487604 41.72429489702307 43.472956774250385 46.54906348345973 48.87660374397941 50.39507117204799 52.0365115064827 53.02684614817262 53.680217078512435 53.99824319429556 54.37724646755515 54.98179275837654 55.82409668016025 56.847909079014805 57.88073536272759 58.90253331675939 59.856846745161214 60.916380173928864 62.00611399633837 66.28235301406151 -6.748828149239789 -2.152146584102241 -1.0907936911108878 -0.08580297459179861 0.922540326812624 2.488182352492814 4.756980274541572 7.148268892895058 9.285422713557823 10.47730429804374 10.138589778795604 9.983187232706214 8.525558334176708 9.5251177637771 12.418794097154592 13.110887782685657 14.24484855622491 16.742445558718348 18.584717396184086 19.936974992947853 20.485080157605594 20.563341347249885 21.764545120081227 22.348383670755624 22.934650867647473 25.1282572485567 27.266842337892726 27.351290016983 29.997079379417325 30.60800363967876 30.94709485338162 32.96040423150205 34.59548552887044 36.085244292454966 36.568353734565406 36.68637287822543 36.97169601675861 37.2249126984914 37.57258512427793 38.14690278901694 38.654117639258615 40.45142531070551 43.393936457394055 46.32627571889047 47.243085916819645 48.34032578710444 49.50767713390928 50.48851970183354 51.06717146595667 51.64518753157263 52.32495813490394 53.21365725372525 54.28366602957471 55.319383483399655 56.33607736217687 57.280989576176744 58.330219292922024 59.412771225364516 63.69257282583727 -9.523063985598663 -5.138758538875352 -4.158961472623658 -3.215119861478771 -2.251568065648828 -0.8032730204783377 1.3604582702322898 3.7186274418348058 5.9418600077408055 7.383030000804612 6.347013604869959 6.706391436730686 6.829682681051283 6.0360363523296385 10.87615582300113 13.416214606698714 11.972608009606141 13.918976291044775 15.95856607708602 17.940164148837315 19.343664270185798 18.767854646704976 17.08791518112078 19.954897704389854 21.249604863133264 23.13632662458727 26.957043260348442 23.037534414775607 24.218024031518837 29.23293314325127 26.551078952493476 30.30688474648258 31.999554839713152 32.75239377713729 32.61783150770926 32.819261816648144 33.40730930701082 33.8502453449995 34.61081341063093 35.60868358802279 36.751046188466276 38.67450266170771 41.49254250990123 44.41956061107984 42.5974672194037 44.538610998778374 47.112864975215324 47.697410038724854 48.094642552727684 48.89745875143346 49.80144355124813 50.70476545214181 51.74874849911564 52.790023071481066 53.80154986519537 54.73510295729385 55.77126902858359 56.8440452547496 61.12199262151673 -12.279657729516606 -8.065440995604172 -7.152965154456365 -6.268320465708041 -5.381775727363096 -4.075357947145829 -2.0655411952195046 0.29200060065206856 2.4824348467148614 4.214540292585697 4.85011783499605 8.682362069855072 3.334599782000196 4.620513205900511 9.001596343541388 8.319971679155477 9.832262159047902 12.232027812229473 13.696905871257668 15.664219369782344 17.331084532509763 16.185752033400586 16.770894869616086 16.21172639595172 18.25793170411511 20.999653796220617 21.452532304708843 20.350591579302012 20.806974442951386 22.87166878412227 18.628530061528842 26.30961139793409 28.891388136547878 28.950128334323118 27.585108978991485 29.84405092797185 32.11594364207558 31.881255530883926 32.12169232950978 33.72995019374771 35.356928957825374 37.73797972775807 39.04256456874362 38.92114486916387 40.34055383686531 42.85488942357219 44.09873673564281 44.70780212128092 45.301262175202076 46.21149833290475 47.1424634527792 48.10450404640291 49.19036453182742 50.25594425830049 51.27360256176389 52.201834091263954 53.227222878194226 54.2903271702147 58.56400222778374 -15.024180513629185 -10.873483228963698 -9.926519550410793 -9.060885839870801 -8.300029096100952 -7.212077563068687 -5.591301922135457 -3.251024064257461 -1.1471722705681267 -0.053776414753380436 0.26397886379270624 4.036554983161396 4.535278576121175 3.1693705961884864 3.240977806906351 5.333169745457722 7.310315993450049 7.936703037638077 12.009076481205637 12.168958323705967 13.112155765149247 11.439202865305168 14.259957479722518 15.582539371025868 18.059448922410876 18.71776169762059 18.976599790632548 18.34606386645303 19.96658634231472 21.173038048618555 22.026710871314016 21.573391077858627 21.462158038344906 28.73949510085505 29.662404810821286 26.05914856117374 25.88360842852326 30.195086018434232 29.767873002587198 31.77611996465011 33.851319955480264 36.49580250803545 37.01367251585414 37.75201642455289 40.5852634987906 39.38449970248717 37.771602341638626 41.28064769207454 42.930994966152774 43.63074334635346 44.513674787010885 45.44609851305767 46.55908922656689 47.6804385829908 48.726888590944476 49.663831579411294 50.68577573218687 51.742009444714604 56.01199283364397 -17.756951171332314 -13.59699121159792 -12.53721427077068 -11.541439064755348 -10.87225688727081 -9.965523957592431 -8.90251282908366 -7.565734022746058 -5.1254954501999705 -6.161448552982458 -3.358132542654876 0.0796780864202894 1.6321412400076403 1.4288416320652926 2.137370978786883 1.6817966327520837 2.5728535188745485 4.591002657182245 8.401553210832724 9.841146192188068 8.843642746044614 10.485255009861575 8.456962475949238 11.85231246858359 14.279000479707191 15.359580275613574 16.069181678044487 15.958618545852307 17.57899321126663 20.684339332158686 19.538698988891383 18.63246321901061 20.805192145318806 21.85939802223766 23.291912729666223 22.542667531948393 24.5226100750227 26.4717126150626 27.707593861520664 29.53327617885348 31.230887151570233 32.822035407185986 34.50622475698464 35.58560788474375 36.476707301579246 37.06685149281767 38.7608500668002 40.585041657737484 40.376260510303936 40.84975137248438 41.73630097357792 42.71003366121702 43.87671259559568 45.07755071267726 46.16902098184156 47.12370784284071 48.14574613364445 49.19551836391738 53.459945245979824 -20.47677252743936 -16.21902103882405 -14.997480432153507 -13.884013607028116 -13.087179753994429 -12.241061358204988 -11.37584384877792 -9.052179665782964 -6.584766704931553 -5.138123991630935 -3.784413660585785 -3.910676006018418 -4.035404344466868 -2.8105844910113467 -0.5646960576679199 -2.582897564515694 1.8573112448976936 2.7621961816636547 2.6794782011340526 3.2021455796241614 2.8049018381664426 9.850014967086143 5.228806296832379 8.129700404993812 10.721611668748725 11.851222517665416 11.797114383539716 12.898213494131689 15.447599353543088 16.06617325064086 16.023025325300985 18.294484248966963 23.622503910118816 19.70409822183518 20.60583268782572 21.809606933152963 26.304497096349696 25.116805824603468 26.02074337218093 27.802099135331787 29.2677982987798 31.056987708978077 32.42308328899939 33.19213169427551 33.34213583745336 33.444591288823474 33.7975913137729 36.426925296662695 36.95103320364053 37.72199184952276 38.7295990594759 39.85281719780907 41.16049237416273 42.461325415560715 43.607612864298126 44.58407540307029 45.60595272567321 46.6472803130897 50.90184036948361 -23.185228650421294 -18.801423174390163 -17.40834423263494 -16.121439949395537 -15.118231933232622 -14.150685601413846 -11.66141012277998 -8.836030468077398 -8.788520920600146 -5.307106573718467 -6.1745565558738145 -11.631442427004112 -4.3065705313768 -4.395594369787758 -1.4712069643036032 -1.364806872891447 0.2592693418984787 -0.06353234798140778 2.8520084895024476 4.004026459416984 2.9830626196649104 6.615776151552441 5.7514338618516545 5.948707010751349 7.840362122416912 10.047480223473592 8.541048903370006 9.629055076418483 12.061405526306896 13.431419597455495 14.674093090241847 14.81761521119055 18.148869328705207 18.27570848899765 19.62597977739175 20.04601961474597 19.27347311651291 22.571827426217357 24.23299097706202 25.287153421528924 26.853554214336793 28.990891762539267 30.398547797812302 30.600971278755697 31.061298346863907 29.904667882257126 30.449512783778875 32.52855600494305 33.30641385390305 34.59873504408273 35.83409486012173 37.06916224792611 38.53913663428938 39.92348806482685 41.10311805186388 42.0814081030174 43.085645923583975 44.106103518458944 48.3350574168576 -25.88354569851521 -21.379890706348913 -19.80340947987651 -18.28355669584038 -17.166950110167303 -16.424196353628243 -16.067324152966 -13.177318969758824 -12.184837074173188 -13.110378110785108 -13.074288029622803 -9.849241973001481 -4.297487386655925 -1.8889815329044475 -2.6967992068436932 -5.2596148032976116 -5.378459182736635 -1.9629624653289066 0.04785291635986444 -0.8065056871064361 0.8830893498119202 4.256014134640133 2.436865641757139 2.1710903370753134 1.2568730425895578 5.44797025394445 5.259265980248749 11.211490275111565 8.435439859534805 10.978430553521893 12.283601562557543 12.782852419485357 13.550560087716574 15.025962974266674 16.928052852869875 17.590376697659895 12.965139665022702 15.519722059242401 21.606619582938393 21.572734293989217 22.994230682452084 26.202057437549847 28.299214873359848 28.106221710497852 29.888758634949202 28.37923124363538 29.35031277986988 25.17822763565988 30.117084347390456 32.171681294282564 33.37300834673468 34.64795843499758 36.15069804774533 37.555764040842284 38.715990365321076 39.65217979280906 40.604076149868625 41.58079621340337 45.75697560782591 -28.529568816837003 -23.9393204420575 -22.257601704095833 -20.55008824441169 -19.16808609852872 -17.996070585697368 -18.791303612750674 -15.877144680174984 -12.987034875104246 -12.975193536585431 -11.943751029291903 -9.104219351934494 -9.044205620023762 -8.668171203592031 -9.480069473670207 -6.369680714321272 -7.233818102901219 -2.7540777141317516 -3.649576888702518 -3.1979616730441607 -2.7977513737694015 -0.915526971362356 -0.06797901426744934 -0.6979226830291686 1.5831297885578783 5.275755827776148 4.087903755743464 3.156677000383845 4.249793266582396 8.521199527278911 10.25585845241448 9.841307038708234 9.121328772488042 9.82163636777031 11.12641026783902 15.005667131241426 14.268503149063486 15.502449248986089 18.86191619353011 20.206734416015795 19.695936933812686 21.503029327663786 26.287618780247914 26.878737855528335 30.16182341429218 26.48190500311357 32.11883790721498 29.734613464952776 28.875899555194966 30.25369508177654 31.14630516872675 32.48161538610984 33.97504487891141 35.33728957585052 36.42849736159001 37.28206762801714 38.15074813979265 39.063989827321976 43.1646593776811 -31.080940147878106 -26.45926922655361 -24.798259206831034 -23.004407301996093 -21.41299605594384 -20.253406465406172 -18.2648626480288 -18.583518963130732 -16.89283568093482 -16.233982667636525 -12.992556826291398 -11.66266462570745 -11.097720793704204 -10.334830129474232 -9.803224306936693 -8.890755134704957 -8.594207727369804 -6.284564654347214 -5.621964537885201 -4.570127415144259 -5.193924755027729 -3.232824103288775 -1.664080611758539 0.5666174492653834 0.3659795832299537 2.302945817536564 4.053715586683789 3.1186488002344492 5.808947194303842 6.397241126627282 6.5484038903480775 8.7935415926753 8.54469778033962 10.278182839677418 12.961299984483462 17.998812481275692 14.583593475369712 18.421098065387724 20.239351237806066 19.273588544543244 20.254732592318767 18.895005986052045 18.108383828270586 15.625116871514102 29.316582388015796 21.99056245432239 22.480569345218736 27.03780797948841 26.67097296161862 28.297055467375163 29.177341199207625 30.546537418167116 31.979437511989204 33.24720098453362 34.22290659811013 34.95674876473097 35.715166629136796 36.54831579012773 40.5551731622191 -33.38720326045575 -28.710009155173505 -27.208255580530746 -25.58487472118982 -23.893443973791957 -22.672609603091168 -19.923001250160787 -19.911951624172616 -19.951234301892914 -18.387609603743794 -15.810903534975054 -19.79738806735169 -12.646508219814388 -13.263367328556157 -12.649430830516325 -9.724985195022022 -12.231265035386077 -9.620135766374313 -7.4476890806848255 -6.028574326782621 -4.255479005523134 -3.086057811687837 -5.75503463333098 -2.560508266110018 -2.0872749662906207 -1.6306829479446543 0.9037822703978751 4.606407383037798 5.18182410936448 2.1788878313498303 4.683214641592183 7.297155437894539 7.726613336735932 8.743878354222362 8.402880603093983 9.292124251055476 7.7888368966689745 13.071820994859754 13.01079136328495 13.337545007872455 18.609706214367627 17.079224318753752 20.785171723356033 21.255760905007755 19.74869020091557 21.648939485683375 23.11706801684435 24.183950739916874 24.55519935569223 25.791692847310394 27.32778490844664 28.80463819802728 30.034815647220988 31.1460645211386 31.995817233765983 32.606744655697526 33.25487639698034 34.00928828405343 37.92602993501578 -35.299314671974514 -30.513368782888747 -29.422473611170446 -28.35964533852843 -27.513035635802172 -25.781089128050372 -26.168390140882366 -22.02929740125774 -21.222291381015214 -21.43716362163952 -20.489356380251646 -17.472486921362375 -20.292134792558784 -16.11171696316627 -17.040720942220066 -14.03864244757843 -13.860171660000118 -11.201291868097586 -11.22295577278752 -10.037369649471536 -4.499087974209946 -6.489163237494161 -8.479984271951349 -4.5528769780603335 -5.606967815581753 -6.5631493807846795 -3.878203347199367 0.8300591367977171 0.6478758814314793 0.20611435611128306 4.795738276396235 0.9662153161382735 2.4462084092028653 4.42701219683392 3.523953570484896 8.381427873264924 7.962045749101167 10.44796906973164 16.46643914616057 13.011646603591128 13.710653190757748 14.8672819313166 19.752627880889545 19.215212961140864 17.95569733233066 20.699862033208174 20.607585558040164 21.9387034655125 22.610712534159944 23.490919089640247 25.339179324733955 26.910424703693415 27.915118879039635 28.89444092889513 29.643828427479864 30.162576753700346 30.727422222439774 31.422421491368905 35.27474266968301 -36.933132886880145 -31.852168609391903 -31.097013553067107 -30.826946049481247 -31.25366425385858 -28.858027113272055 -26.557588232096826 -22.932148052478325 -23.783079020144328 -22.387864494596485 -23.293905174774505 -19.82177277563951 -19.003667632557004 -15.269757527622067 -16.50398555911742 -17.891544857629018 -16.126318402859177 -14.354036070852537 -11.655394852568275 -13.293845546522016 -10.84600749926272 -12.400768076611964 -14.77626900266436 -8.28053678803113 -7.560441844575431 -7.395086778054773 -4.334235224543789 -2.400571680163521 -4.428717802802104 -2.5102972670360932 -1.401373334734487 1.318958127775424 3.114200545779674 2.448202837490203 3.0241194648047096 5.362742050706051 6.517089748724058 8.013700652727628 9.058541155554245 6.925854919590684 11.648976959814775 15.340705496720831 14.466261717919403 16.61450246926517 17.11351371210527 14.997328006497973 14.978892683541385 18.531260110187183 19.326003679011254 21.56241385027441 23.163040799202467 24.476470975978845 25.54222982744157 26.466511518425442 27.140268658754977 27.603857438392893 28.11905823676743 28.779194520075386 32.59950131137243 -38.40421733073776 -32.71620239718399 -31.94527443693222 -31.830962023511443 -31.769198309485922 -30.556651255393614 -29.248621783538532 -27.295060324791912 -28.83488170872326 -26.713876532660027 -23.61085352090296 -22.841648007158323 -21.175128693845707 -20.59247447399472 -21.35847597714017 -19.01941913481978 -15.072471322079961 -17.329964171410776 -14.851677828530919 -13.16006709476905 -19.08424154562645 -13.251407561788369 -11.680538428252063 -9.771014383280207 -8.429621681852971 -6.397828924273561 -4.912845749503318 -6.286053229466284 -10.039727663824335 -4.674198007427809 -3.552024349912761 -0.18030773113828308 -0.167994252486412 1.5414320218070665 3.063267126110259 3.370413024153145 4.750758420274038 7.202234784610619 5.822330917848469 2.653943085770583 9.41003198092229 8.448436336338144 9.22982265975931 15.512537594136738 14.145119623435473 14.042844180988114 16.467499043907214 15.726507429539298 18.71914528234249 20.416586712158047 21.061655056006842 22.047137328477035 23.025164691304727 23.83646365170128 24.45846640709741 24.910199089430982 25.4160385712185 26.07108647817674 29.89849580523823 -40.131839920021825 -33.84927903975864 -32.8343272257096 -32.3468805765887 -32.957130390908766 -33.114929868961894 -32.70382203640127 -32.65847481010906 -32.37026983876669 -25.490123654256525 -24.046932224922262 -26.250917296496386 -23.73585640537549 -20.67385379314825 -22.61653603106524 -22.002103445500712 -19.291343658184168 -19.942725478070273 -19.616979473632274 -16.502961963580766 -15.44463945294865 -13.088287277079244 -14.77292223018483 -12.115450112848158 -11.722293319257325 -9.49180718791231 -6.302119886165603 -9.546900287939769 -7.523880982762966 -9.724253097512612 -3.7866244899395123 -5.230276417984576 -5.410312027428359 0.9077129267621336 -1.2165539963807765 -1.1751073204179263 2.1186499505791376 6.520247903644904 4.101874124167755 2.851178940215128 4.674807485073628 7.157255957664331 11.286614243475235 7.714179484239305 9.771339661382665 14.362621656805029 11.590336985869778 11.413830398196874 15.234532854949924 17.17589101954569 18.25952370209072 19.317760206209513 20.303359983747637 21.022283591929234 21.623000497922582 22.09242312586894 22.622442561484707 23.29973795880351 27.170706117065695 -42.53481340923592 -35.93844770099332 -34.66416780994078 -33.429121899633884 -34.60081250058898 -35.831231683375755 -35.836869692002445 -34.32910156075103 -32.760780370108705 -30.824240481411934 -28.647537395006115 -29.13239857401972 -27.564084091432267 -26.810142121691936 -26.336049583380493 -22.670552868120428 -26.17519143534779 -25.09096384854571 -20.719660748337354 -19.196484076040182 -17.713295520339024 -17.447228622652137 -17.12844492583826 -15.91952326961093 -15.60429751973691 -15.163935201448094 -12.787715556891527 -13.181300206600536 -13.193000391684688 -11.721575799235099 -7.051485287057504 -3.3117144685019184 -4.268551268420502 -3.464921814610341 -5.216555949613464 -1.9790539052104912 -5.729034930511884 1.8090779938430912 0.8928724270285079 2.867268510334876 8.270090641060051 5.993113750729844 7.282453157001369 9.435529276882745 7.234645944873628 7.190033119399886 10.836753556258412 9.807356627583383 9.250855683131721 15.454434783931125 14.752993382262758 16.120930031337934 17.32238959800026 18.041941300056163 18.65844975664604 19.161350966761248 19.74234954325813 20.4667895550865 24.415112212640228 -45.656384845956296 -39.09485322148488 -37.974511988572125 -37.84622272023814 -38.2702541076281 -37.645571969371886 -37.097937809195656 -36.45453117059718 -34.73437332335181 -33.88286721488038 -33.02919804745593 -29.631340871838642 -30.669528826119606 -30.554183505238893 -28.458370697757612 -26.61102050963673 -23.27190614882141 -22.97682870742955 -23.301531401677735 -22.253120888162535 -22.248860333389754 -23.918113103034333 -19.94426184810652 -19.151671020111788 -19.689569839682825 -19.756272090837566 -16.23384149915753 -17.112424802529056 -14.530794034860733 -10.711467846425222 -11.69821720570408 -8.543934088017606 -7.671080915660292 -7.395395854583205 -7.186793351818351 -4.886686962995718 -7.3285416050547525 -4.74281823081535 -2.464582155650154 0.29029103389722205 -0.2677840202033231 -3.9122286306363607 -0.04692285406917929 2.784759138123026 1.9114881202557834 7.991665949104679 8.115313516282566 6.543196078304933 7.08774685271368 11.572771079750117 11.023135395517228 12.972516781284293 14.257211224007937 14.958569649669274 15.592897056911445 16.13915350160709 16.789670608759977 17.579036354424815 21.630708546818916 -49.54105023281508 -43.45435739947255 -42.58774918650971 -43.567409444086785 -42.6719449069478 -41.00059308930678 -42.43316348112594 -37.575428179681545 -35.75191781776324 -37.33715115475182 -37.13825983587442 -36.31469730275094 -34.102617412419065 -33.216193480556164 -31.74837549657791 -32.67877008114383 -26.407987923741256 -29.63949699597344 -26.960440721628014 -24.58754356864416 -21.01235903648736 -22.648404739942176 -22.569659461408133 -19.909512829476032 -20.991499642073357 -21.157316802652826 -17.777382408347798 -20.77771327743564 -17.151765786188147 -16.722073965540897 -13.913884009918277 -10.974899347605868 -10.569150411675936 -11.172279523691758 -12.37658611100875 -8.825571753504336 -5.061207548528327 -7.072284555860389 -5.787021089836085 -4.419329724739471 -2.1702382882379196 -0.8080449313654483 2.8091098279870597 2.0555504397079636 1.0153572723305688 3.6264029126544486 3.3302651524303086 5.605809504429377 4.854994449990324 7.141311114055109 8.862745984689653 10.301733772304893 11.267883058641148 11.835305457223578 12.454425272362462 13.048001619905703 13.778316850211521 14.643273444217819 18.816489574458583 -53.84096922851911 -48.33178195682898 -47.16518258702965 -46.501903150300855 -46.173944040757 -44.90583743368832 -43.185373482790766 -39.45798825613003 -37.31733702953273 -39.33267583964335 -41.44308972995852 -39.07364056186446 -33.79982736789605 -34.40503303574281 -33.84366535999128 -34.28132239875689 -31.598507370409042 -33.24494173155202 -30.44051351050351 -27.479638631262976 -24.749603571569804 -23.87922936810623 -25.374024363073552 -25.517503806980905 -23.20263880332334 -22.99666221308043 -18.380970425433723 -19.144663031019075 -19.592718605845597 -23.745144215667633 -17.971896790149604 -12.55493952134224 -13.517108473330547 -15.180002211661929 -12.73978025766919 -9.747889034250845 -10.159026766177085 -9.796517368823197 -8.878393526625624 -7.535761831147521 -4.082264092469236 -0.8094983311617777 -1.6434748439132618 -1.4936943345304536 -0.2456985366714739 -2.0893529465495173 -0.6246433418967975 6.097452929043089 1.3978572467481247 6.0317402544820435 6.9247529417348685 7.491655433090769 8.213362889626023 8.69304651901933 9.305670936018071 9.94465508165404 10.746371940716315 11.678647636429018 15.970575539835586 -58.20799526080825 -53.135796400924185 -51.26998015978388 -49.51441438038816 -48.824010938205625 -48.12977048912972 -48.87310613224989 -46.67666557767683 -43.09868978210434 -42.48026317416584 -39.60906729449689 -38.76383905255291 -40.76960212724207 -38.80803610387291 -36.25208184285496 -36.506428399218606 -36.72557825795389 -33.71700941548483 -32.41273999333226 -31.925010878178668 -30.905120341158735 -29.33080727932603 -28.83898786664736 -30.63107421849049 -29.02022403803964 -28.36669095942661 -28.629011193629733 -26.594120096633688 -20.3887374484541 -23.55360560726 -19.010750673820148 -15.759518330749447 -17.97033275809524 -18.92619454523216 -16.672274927486455 -12.250465647965061 -13.784427068761492 -13.039980191144203 -11.903235883199331 -10.37041377018392 -9.026499577823333 -8.505177429312068 -7.4514666690415385 -5.916525151850176 -3.1635438767402597 -2.898583536989077 -1.7233328412286129 -0.35541453149276364 0.3600085681488157 1.5054314013381223 3.2174601461591297 4.249253724220328 5.003491680080907 5.552729275567323 6.209270580897416 6.885873646849012 7.731919553377923 8.70430574302195 13.091086687226374 -62.47700261623476 -57.80212930379604 -55.51189252205732 -52.649282089546794 -52.17386041741901 -52.65074422485762 -51.77274751304494 -48.61107420940022 -48.480046749535305 -47.80334561216374 -43.816734178995354 -41.344800738142034 -44.794637884152145 -43.15249453523258 -41.97324627498425 -42.391578736824385 -39.09788956901559 -38.3465753815414 -34.954120753641526 -37.31955488473032 -37.48676964274844 -34.42231954116815 -33.26750759022527 -33.605483465478024 -32.740754944573816 -28.356326408914907 -23.914042792605965 -30.15838824471568 -28.19955735296896 -25.0892359674447 -21.617393425084558 -19.825394043349306 -20.744371719475428 -22.07766568476646 -20.216906414245855 -20.58687614947875 -19.090249139873993 -16.576564462698826 -14.929375681290004 -12.874090127277473 -10.010318511884934 -12.1375669161566 -9.447206280563327 -11.752011308181547 -10.97485642708106 -8.946059070128294 -5.86469695876885 -6.018156334814831 -2.343960694724629 -1.92436910995509 -1.1375286275997338 0.7827154783792516 1.7096555585262243 2.4285070098486323 3.1653937832809684 3.8718528794358975 4.735860403019413 5.721916581413463 10.180288640837047 -66.4848967763438 -62.35342512123787 -60.519566126495015 -59.734406611617565 -57.91920047728638 -55.306548659196764 -50.24687989203564 -50.42825260979248 -52.21304714363738 -53.072886279639505 -51.60286798346665 -48.21109851847141 -48.04143948883224 -48.104048522144716 -49.12168996039259 -48.905292255529815 -43.26205301015707 -43.40696043445958 -41.02523238578924 -41.13483521382356 -40.841554323412154 -39.08628396663909 -38.63122063264427 -37.606033398970766 -35.75220919892265 -32.996224050175975 -28.54610450320339 -31.17736441115828 -31.60885243880093 -28.579649086356167 -25.155712017202443 -30.107222277510935 -24.522158595001184 -25.2880167383504 -23.842610696669425 -19.34168754312938 -21.284820983596575 -19.767399390981126 -18.062117201505313 -16.061703794759755 -12.857343002295966 -14.168839519207523 -13.891308866548968 -16.586921968481107 -13.187127188713717 -10.9405729414828 -10.187803388128424 -12.10186418666738 -12.195976394072005 -6.70035989696026 -4.933060668951232 -2.91108397537152 -1.6180139119975185 -0.6654771311870457 0.17421011944914921 0.9027883433597959 1.7590952044637143 2.733148969020299 7.2404470248737045 -70.13138007095986 -66.39731741062755 -64.90232764095994 -64.10205381526457 -60.16520361608277 -58.60158361375351 -58.28468244220117 -58.44418124936179 -60.70473358553863 -57.96305087629144 -54.61585254198178 -52.15492282436406 -53.777848562511934 -50.69536592671072 -43.83248570915844 -45.29827663758169 -45.50936419881591 -42.064052198717796 -41.494643046522874 -43.12133458535264 -41.796572221824086 -42.024424228563355 -41.50705989230874 -42.26106248164945 -40.293247364629636 -37.4763938143997 -36.943672948962025 -34.02147772820639 -32.874717038485755 -31.637390801816153 -31.49068111288911 -38.05855433563632 -28.472594930621668 -26.258362134198354 -28.8967786095925 -24.808011581591444 -24.019747767299606 -22.915080445224756 -21.40595439626704 -20.073716651103982 -19.831724124888602 -18.60194504878014 -16.03679660858751 -15.1927132223216 -15.530966672539192 -14.819896878208803 -14.50742083797856 -14.220358907703226 -13.0080120595857 -10.543961169851066 -8.82589063243794 -6.453160490446796 -4.9064579760608416 -3.7700177754224944 -2.8375963070919537 -2.084684395234224 -1.238744020850317 -0.28010153663637455 4.2778246135864455 -73.3176671869904 -69.6281461709393 -68.35798158236051 -66.73185621798629 -63.36028855164122 -60.049495797926355 -61.044812165108375 -58.082920117476164 -57.789427956022195 -58.92709218642282 -58.176229856072915 -56.13247887028106 -49.32690503912521 -47.812862378032186 -48.56553151482539 -52.56866313667874 -49.9247652872 -45.94024496902581 -50.47338659302438 -51.44317253136905 -45.440094702057486 -47.37020626984068 -44.63295986748777 -44.056646917891776 -42.48055243165987 -40.979826397830095 -41.80105740028003 -39.054864318050946 -35.802934896341405 -34.271680181593446 -35.442778380008626 -37.61914841452855 -36.31302592605272 -37.302872566177946 -31.747585120323922 -28.801737963112465 -27.469457074258642 -26.38959349891045 -25.076789234723222 -23.34717155788701 -24.187596048694708 -23.728391913993452 -18.14051572556483 -17.15916649868231 -18.127355368243972 -18.112744209398418 -17.68200462821651 -14.68213434252141 -13.659586993346029 -14.713448933631396 -11.900759052587656 -9.614694664413388 -8.112614094397843 -6.925934061044724 -5.943341392836546 -5.153929770201432 -4.298025251484126 -3.335939378035707 1.2986841812250713 -76.10817773218045 -72.1207263067673 -70.84062437711994 -69.38344397015096 -69.08071318920098 -65.57506370721278 -63.527213053321844 -61.04625325742547 -60.72702480972465 -61.12387806592439 -60.84991239577628 -59.739570276016885 -54.16666584503997 -52.53068084204337 -53.40799130821822 -54.7555303857672 -55.95856916549415 -54.54765245322158 -54.11329360316439 -51.53869792137042 -51.86955736385282 -49.47346174245332 -48.06104489671522 -47.32253258514038 -43.60714452832959 -42.7359549545104 -43.87860261381779 -41.4719386825594 -39.32925069914159 -38.056310431762654 -38.21927626959623 -38.80898186201088 -39.66514935864898 -40.84217244281597 -33.11722026577086 -33.422685022844746 -31.39509547796436 -30.176592357585125 -28.774771659564873 -27.850240705973647 -21.821492213700115 -20.36448305858841 -21.556713844626074 -20.71100646839297 -20.921026888763897 -21.08718109962017 -20.498452032881843 -19.580218624986472 -17.861944353088486 -13.047680664568006 -13.454542518818029 -12.784321821280582 -11.372713366018486 -10.170090487850942 -9.145640905788152 -8.308266358446238 -7.41912623322354 -6.431232745935817 -1.6910149347566343 -78.56826690148169 -74.07345672536756 -72.6648462803061 -70.78986329230997 -72.13096632069269 -68.61649608967456 -66.84888091610556 -66.6426724143434 -65.98683525566715 -64.88357897184508 -63.19532936591929 -59.77469239020256 -58.68453304181978 -57.890769083492664 -59.585948765302085 -60.68801477308313 -54.41968730241373 -50.43225151837226 -51.85297375161962 -51.081542332611754 -54.7104533102095 -51.98884551297912 -49.91600013387261 -46.82467055050049 -46.52949646427869 -45.25881972160579 -44.93769484038247 -43.58984125367942 -43.48731421018759 -41.31210032914429 -40.79443758454383 -40.596274261814195 -39.75359895675584 -36.57169175432709 -36.76905671627072 -37.11212549369981 -34.86155291258998 -34.12201676489315 -31.898547737701822 -32.507023200235565 -33.27286917824667 -27.0091313075391 -25.60401982456957 -24.716696342207587 -24.448751963230784 -24.313722074725803 -23.741117715853566 -23.272042847942558 -22.42100413763517 -19.26064154464827 -17.7694621253086 -16.29261950447965 -14.801095178651295 -13.539300280142 -12.447110613950326 -11.551012736873213 -10.602424711854397 -9.562849831094931 -4.6853133969049665 -81.0024222661358 -75.93241710417156 -74.26709080228103 -71.2168857349471 -71.77767124760854 -72.14076065516048 -70.61986379394675 -70.45477897059304 -69.75439131996346 -68.88273026588774 -67.58846987371328 -64.50741835644189 -61.761576194968335 -62.43574427803437 -63.22297189937318 -63.50216807102969 -59.31239827264164 -57.527332106802746 -56.49147624315721 -54.99134770407916 -56.767913593884614 -54.40583792376876 -55.8107138077672 -50.46242109601527 -50.47543523191655 -49.49938418303237 -48.129686483401954 -47.231597443750495 -46.563426529709254 -44.533705654878 -43.72836770787384 -42.930389567424704 -41.527415876538086 -39.06052711707895 -40.97639850657241 -37.67287502105319 -37.7300898951937 -35.58068013421098 -36.65697540251655 -36.5386291656222 -34.03836353220055 -31.52764414934971 -30.02751375413472 -29.032484696749396 -28.237362629675214 -27.752939228646913 -26.686646272542585 -25.85660366033793 -28.390724273085926 -24.689330334133764 -22.06603337399957 -19.84207233254368 -18.235263564106425 -16.932568732579938 -15.785981523474819 -14.83532846228762 -13.815759605835137 -12.709775905118416 -7.677472430322506 -83.7154912158843 -78.26575169166664 -76.71960616954274 -75.07258254324047 -74.69646979645142 -76.02750490803973 -75.7320254693652 -74.40957776989715 -73.39517987848201 -73.13580487108659 -73.43893327641513 -67.65450551159924 -61.981981049544615 -65.91192994865479 -66.65803283045392 -65.32580745595918 -64.08286846332066 -62.50557431012433 -60.99727020438789 -59.97802018846623 -58.99095875289952 -57.615548279491655 -58.834827430063854 -53.421950074239696 -54.934266002198655 -54.04684679397827 -52.156635920278156 -50.313272847646 -49.04062349024435 -47.92296793449371 -47.35660689253277 -46.62569977250787 -44.98176370783557 -43.741981691261195 -45.270974961976684 -48.30009912897742 -46.62927471731656 -38.31229316600073 -39.42592888559155 -38.65861766667557 -36.6234831089894 -34.98349954751284 -33.860926746039276 -32.89725441070858 -31.768293099996338 -31.057986198411726 -29.530395264033036 -28.522851474390706 -29.35882647750223 -27.129927321102624 -25.05714681969757 -23.077567968161063 -21.53228893485951 -20.249148084536635 -19.10048464051332 -18.114373091494993 -17.026969833624175 -15.850996239611794 -10.660753260111877 -86.76109051211131 -81.33126259901982 -80.061212877473 -79.1090641652261 -78.692607787896 -79.55882043620576 -77.8681926189477 -76.62319658181163 -75.35120297889995 -76.77140486938971 -76.42162526463386 -72.68280277400036 -71.85177546392418 -70.533589964066 -70.29303677811193 -66.80636050901089 -64.73191872680944 -65.11168246559765 -64.1767878921146 -62.19417053182503 -59.45347374309052 -61.22487658019126 -62.15420086991872 -62.04303518499621 -64.95019597071516 -58.343918857258366 -55.630402100020355 -54.86160948838688 -52.90959804705609 -51.25407100413437 -51.31752036440779 -51.382364431772416 -47.376828446935484 -46.547011324746215 -46.565446810152395 -45.41857834183958 -44.31768483871888 -41.68339004250387 -41.73369112722984 -40.53493748340034 -39.15733204703971 -37.88422934768887 -37.09827569762079 -36.31073461680433 -35.02820910188785 -34.512903179028704 -34.11914579147028 -32.67132348076611 -30.400473447496825 -29.129361531711368 -27.53996451762991 -25.95173852846041 -24.638249999233143 -23.475543510064657 -22.367490983418545 -21.364390303702272 -20.216642345317123 -18.97238276802861 -13.628468483338095 -90.18858313443035 -84.90795611019057 -83.72954845948482 -82.72154768940956 -81.86152968793188 -79.878241518754 -78.65880099129483 -80.3259595796463 -79.62954683837633 -77.83872632846263 -76.96142212910168 -76.64870109155741 -76.54184765303438 -71.83879504355515 -73.59150803297892 -72.07740596544947 -70.4049333021601 -68.59509650145671 -65.97255245687816 -64.52045770261961 -63.28047377677277 -63.69901226747783 -58.700030506127916 -60.913507425953895 -64.5538705213176 -60.49161777204446 -57.573893153989516 -56.968412536474546 -55.532139231992375 -54.18281701014392 -54.77825373397259 -54.748893784136584 -50.04053878725852 -49.421357414161214 -47.84842605516356 -48.33048647991562 -47.41720699875488 -46.9385638955414 -44.49068794307735 -43.073317028306896 -41.59203391647398 -40.338176661548694 -39.826098677908604 -39.57934290041615 -39.41952201897683 -34.594433476781695 -33.51411877310087 -34.51593176293232 -31.679935184597813 -31.325743872586777 -30.055460201115526 -28.742355536899034 -27.599336654395504 -26.598649161304696 -25.56387157054565 -24.56162377811916 -23.36536409101199 -22.059807423825042 -16.573930697068697 -93.79019589121634 -88.70347962503313 -87.50962877751866 -86.30875667474392 -85.33725249071091 -84.16171548661964 -82.61291652623683 -83.95584256686055 -81.7765219049314 -80.84845362246294 -78.75524886022026 -81.27622856532919 -78.117745629665 -75.12303663163279 -77.24696176794586 -76.21942737212272 -73.01445281753827 -71.65748657520605 -70.26928398939883 -68.38539627996413 -65.93178727952296 -66.38995530561495 -64.52390406925343 -62.60545664949651 -61.36080409281351 -62.09919479625434 -61.51050032454409 -59.77340582411961 -58.28414474815841 -57.53106682708861 -57.13880671930018 -54.38830141999069 -54.813275764508276 -55.88270783888719 -51.60395570282843 -52.41317162445359 -51.1540232180163 -49.316663387126184 -47.317826850885645 -45.85480789853519 -44.23001518006457 -43.184839618888226 -42.108177708204465 -41.21531443458641 -46.099528366043224 -41.00585082462849 -37.25185304321227 -37.01219510206584 -34.87507779897599 -33.64813636313658 -32.45912073722521 -31.336981220828815 -30.46244989080409 -29.645216245422098 -28.684239718422205 -27.689127733423454 -26.45571555176184 -25.099803437688852 -19.48959303868373 -97.35823632104665 -92.42585846495822 -91.23558189631946 -89.93346612704404 -88.7922161713869 -87.12033221672408 -86.72119775566041 -87.42829152328827 -81.3999254243799 -83.70864959930806 -80.21200431615414 -81.23393108224222 -79.58583849275753 -76.67792112230656 -77.31478894690264 -76.90480128933171 -75.42367364698653 -74.67022204099209 -74.61212269623972 -75.65844573697788 -71.88340598544553 -72.8590844319844 -68.20799286510194 -64.35138824255407 -64.63990704834184 -64.81679475610841 -63.57108775644223 -61.77519753903012 -61.21078574587061 -61.03619857152987 -58.511831655508594 -60.811802028301074 -60.78982181423829 -56.94588839087783 -54.19308919686745 -53.40512391105006 -52.08355208033909 -51.365756514772194 -49.795163182647705 -48.469754715494545 -47.207126751183004 -45.72902954412243 -43.00519225192933 -43.53715869405191 -43.647610505175415 -40.834599978787004 -43.269405208390914 -39.23151702866569 -37.16862707512867 -36.04677563124074 -35.01242651033802 -34.09811209297338 -33.36939796576335 -32.64224665241647 -31.72320874361415 -30.729956388331487 -29.47027720865816 -28.078904040346288 -22.36790864560171 -100.83213371692136 -95.94405357656419 -94.67933284047828 -93.3208488067169 -91.88350005857862 -90.41373757449719 -88.0598324838962 -84.90554753083542 -88.76748763610803 -86.95961597900119 -81.71066700103242 -81.33514567801477 -79.62690272128191 -75.62969219709369 -77.1460575891494 -77.60348565666011 -77.14183169028888 -76.85423806413452 -76.59207560158578 -76.98824665969968 -70.13434799660055 -67.98458027709677 -66.59582749808293 -70.64191406851188 -69.66612922060297 -67.92067851208922 -65.14017518504869 -63.343172136765745 -63.498915959420614 -64.93694888642025 -57.71369599069992 -59.94370704159186 -57.92621534452821 -57.75697157567708 -58.02078364844696 -55.57867741673526 -54.142970869127986 -53.46973328129792 -52.313228264546275 -51.172358541822454 -49.30401104188828 -44.31290076589178 -46.81643402166597 -51.40099566195219 -46.691792428496385 -44.142457366668175 -43.7215189525515 -41.51976960900896 -39.971102392696466 -38.7345839111026 -37.74125653476631 -36.941438847219025 -36.27548523695147 -35.57714476495697 -34.66906288392927 -33.67344678470215 -32.399803481102715 -30.98917914107676 -25.203726646086796 -104.15137900507774 -99.2119490945571 -97.81439207558955 -96.22279935680703 -94.4487519700237 -92.61098499691943 -89.43506891114316 -89.15495316285855 -88.80361174579927 -89.41705718362289 -88.51588657657848 -84.66274028948449 -84.06076547281036 -81.96221444463436 -80.75307195657784 -79.77641353950173 -78.5849923751494 -77.89840414080449 -76.36604369390592 -73.91118191700453 -71.7623779333831 -71.39611361812798 -74.56708555093311 -74.22384734414838 -72.50683183350438 -71.4549175501154 -69.89398998338336 -64.92307450478762 -62.7235155537463 -67.90586830727196 -66.2916538782477 -62.53938664154026 -58.52080926446759 -61.41244328204125 -59.889311390424346 -58.465742975926354 -58.119662206417615 -55.7877487978433 -55.43022274096478 -52.93066818037352 -52.055282710039194 -53.71069106501265 -52.164379343581246 -48.06198161658402 -47.55329445531013 -46.57296276166778 -45.083588150367234 -43.71318721083934 -42.511937157201054 -41.4836028596855 -40.59955283251626 -39.843082812733414 -39.16904311536334 -38.43757464723136 -37.51008637771103 -36.508935964930764 -35.235048789034025 -33.822698649696946 -27.99189616894131 -107.3289306845964 -102.31256299381968 -100.77648610610146 -98.96462914089871 -96.93155766825012 -94.87836302346034 -91.30262667064729 -92.41637605107815 -94.61699045700428 -86.81386868766101 -87.03583282035918 -88.26132073842143 -91.48731075668898 -86.30179325294834 -83.64492420696911 -81.53619613531517 -80.2876374487573 -78.89047195998461 -77.15540536375781 -75.36712568505284 -76.36652882899665 -76.49701488289278 -73.91818395921133 -69.25893683851004 -73.61349382910684 -75.21504228187257 -75.11343394231436 -71.19271923983435 -67.54894178533324 -68.28189560130996 -68.72282867553616 -65.44623054164936 -66.23704607631203 -65.4301738118496 -61.10153553912029 -60.31396058709614 -59.079426598917586 -56.706822279430334 -58.5482404024145 -56.91571654463381 -53.82690173636196 -55.92474202638718 -51.09500895235064 -50.48554158927603 -49.89435455045226 -47.98524976224642 -46.806266374627185 -45.760834462701666 -44.90449015582034 -44.161240158139826 -43.41574368391842 -42.67304402388103 -41.9574277243127 -41.16656017820885 -40.219411162220524 -39.22478649820238 -37.96893146872023 -36.57192149189393 -30.72597234072861 -110.37775601484148 -105.32637137715825 -103.69617032839018 -101.81821925663789 -99.8160126525025 -97.85207869622198 -96.08605582889828 -95.29011277838184 -93.99648820686294 -91.78063019801638 -93.50624181663743 -88.40254476712872 -89.905404287538 -89.78872236861062 -86.31710026832296 -84.02835931869244 -82.29767610010668 -80.77036313175414 -79.59867727047595 -79.07526361430338 -79.58599398396271 -80.1356108587664 -79.55133983942609 -76.43858039646048 -77.88714580196722 -75.01775840315152 -73.44882248413529 -70.44340328621108 -67.51723343586191 -70.97195078530096 -69.26083196082283 -65.63202531199437 -67.80356862906267 -66.78149569911128 -64.571215193062 -63.03671665918221 -60.987770791054274 -59.49903335010195 -60.94315909074597 -60.100047348604825 -56.26382876959662 -54.465584120428154 -55.23108828235742 -54.45288805915109 -51.1773531559537 -49.78366813466238 -48.75497579455143 -47.902398502791165 -47.26325726087784 -46.69914770501868 -46.06050080289326 -45.31134566307124 -44.53489128405213 -43.707059722334556 -42.770169182178556 -41.80936096117145 -40.59436986390678 -39.229306600838505 -33.39951029550476 -113.30496661142415 -108.2693712465493 -106.60697354194113 -104.76043312077694 -102.91786294632529 -101.08733192311641 -99.48233423765633 -98.09582796030693 -96.78354157722768 -97.1838274646724 -97.78287323265639 -90.72496445667288 -95.16006641160281 -90.9999489779979 -88.0959843815652 -86.65608079104283 -84.7337355918334 -83.32662098790087 -82.65252147840567 -82.76485109234726 -84.33105339401749 -88.21502190387636 -79.9770401284742 -81.10662768970477 -76.42392511427425 -72.9682720554945 -74.54857521387655 -76.34304630147857 -70.45437669384788 -70.55535650702568 -71.48402073670793 -69.1279574372567 -70.1474735577882 -68.03418057159371 -66.4737210253711 -64.68173266603601 -63.024453583275275 -59.46107718819685 -56.55099089009232 -60.106473582707395 -61.15275490957436 -60.79516825058823 -56.01182054144432 -55.095997127763354 -52.87697457796597 -51.89253422155478 -50.96341254851037 -50.18408139681049 -49.628417868438056 -49.1160311114399 -48.46705489502618 -47.708848026946114 -46.921400007094036 -46.09064252890268 -45.19062088462423 -44.286032847155134 -43.12870466731435 -41.8071800245972 -36.01894786920886 -116.11767390523471 -111.15725702458958 -109.52302810843555 -107.75977404120106 -106.05297806205155 -104.28311773196677 -102.57209721235243 -101.00984286791063 -99.6261007976829 -98.19426281099025 -96.00152281706005 -94.40523729998402 -94.82893048419069 -92.3860084219915 -91.10226874181284 -89.38147803430522 -87.60857841530688 -86.21674435761255 -85.4648374295404 -85.18071777109213 -85.88561730923921 -90.23360968975598 -78.6649216635882 -79.49139112954329 -82.29738815560346 -79.90839455756195 -78.72206003370908 -77.99237701914421 -76.21399340717188 -72.8740778386496 -76.53687420857774 -71.62791262330629 -74.12189317970586 -70.31357260502254 -68.13316983982679 -66.70363817357064 -66.34909971835046 -65.57062623924642 -63.1479356971606 -62.75652391335305 -61.568569747015324 -59.72815063438341 -58.76120128561644 -56.99195475782651 -55.53482473851281 -54.587912083190275 -53.55949686491972 -52.6409263954996 -52.02231521898338 -51.5263383711123 -50.81645132146329 -49.943243175088256 -49.152327151392434 -48.348953607827646 -47.509026820500054 -46.67817575350332 -45.58927667581074 -44.31786791546801 -38.59072300213866 -118.83304750051082 -113.97573661135395 -112.42049245409999 -110.72098672559781 -109.06293141240957 -107.30487775834887 -105.54906948714209 -103.76172845632621 -102.1744005677551 -100.66844753239921 -98.42300476240432 -97.49942363780198 -96.67539340882472 -95.53075687506337 -93.94694937386717 -92.33470162582387 -90.76614867088118 -89.41121173562843 -89.04710552789143 -88.00440580832647 -85.60472554866612 -84.40935296832544 -87.2857163766861 -85.34308848764809 -83.27119993376778 -80.99953296877057 -80.90614992028084 -73.47437450958995 -78.89671252424635 -73.67180857472462 -75.98219882441052 -75.93427079338377 -73.37208549461256 -70.64227148305598 -67.57916742900595 -67.5415015259239 -69.13412572658557 -70.2272929259105 -66.89637561816839 -65.82750499391277 -64.0240621126495 -63.46237239187625 -61.70772962772576 -59.94492158438832 -58.44549663144812 -57.3545011029078 -56.24629767143664 -55.225257530096926 -54.473604860912104 -54.20762754037259 -53.43884299084312 -52.17233335965692 -51.369766430423795 -50.60358563008436 -49.821653593474956 -49.0543217557591 -48.02365003214133 -46.79545526515495 -41.13150616219359 -121.46825830210184 -116.69091634715501 -115.19975791203768 -113.55741778299593 -111.92173279859523 -110.18508088886416 -108.41717188054716 -106.58944101906499 -104.7848912795186 -102.7627172280618 -100.59782594589238 -100.28228387547186 -98.81188622701328 -97.69496735894998 -96.7135478590692 -95.38466774381757 -94.00216421175148 -92.82396286813531 -92.50563885655812 -91.23980322696445 -88.6427243145509 -85.50047619086314 -88.39924988799186 -86.38748508806165 -82.48707452986726 -85.68774983535458 -85.10316664777622 -79.42135008711222 -83.93346732237299 -79.43078369346324 -78.37520387902477 -77.6117261562843 -75.07873682369342 -72.04199199641037 -71.89308302313945 -70.10396618366953 -72.82035913451966 -74.22445792776738 -67.22914494081091 -63.22082997076263 -65.13361458021417 -65.29179532227353 -64.06960918367768 -62.55133474770737 -61.24929314974416 -60.14396744472412 -59.019320216972886 -57.92974698489967 -56.96696139749023 -56.07884620217452 -55.18503644543573 -54.49041286828241 -53.71700586464298 -52.97606593635945 -52.224769254412664 -51.48300437845409 -50.47939032963558 -49.27402851711566 -43.65796927080735 -124.05248760757557 -119.32577432647031 -117.87255562317371 -116.2645941706862 -114.68156673151331 -112.95963342723032 -111.15638084048823 -109.28423341670918 -107.35878689908135 -104.94971116709186 -103.10431852477606 -102.84201530481344 -101.55424821691606 -100.60375517535856 -99.60606851656986 -98.37671221553795 -97.13071484524411 -96.63904753347721 -96.0817634776733 -93.92398705586477 -93.11202599963256 -92.05423013355939 -90.82894938128126 -88.92543336142974 -87.760718876085 -84.5610198494907 -82.35627206453296 -84.56136858061296 -85.76799807601203 -82.56262337197376 -81.5161917404875 -80.50177852065272 -77.90217185663032 -75.90660330914731 -75.6275365384222 -74.27117627392113 -74.28616360505497 -68.74251664773298 -70.48910356840989 -69.7741401729985 -67.89674221847638 -67.24190215928927 -66.27612830053762 -65.07909579756269 -64.06547165284012 -63.065773327793906 -61.93739211486347 -60.77132709842282 -59.64079666959776 -58.59231821200752 -57.75778873355893 -57.12674839441709 -56.26755944804546 -55.50351567783648 -54.74677354189333 -53.99362701398077 -52.985965288635796 -51.78263506132984 -46.19729121499066 -126.6149347782426 -121.90447902425399 -120.47719643689076 -118.88856098720201 -117.23234853055666 -115.58678019260066 -113.84104651581266 -111.9118754015445 -110.0108803712139 -108.27445365609736 -106.83613720542104 -105.54158495168805 -104.3689798560024 -103.31186051606181 -102.12133202993024 -100.90521714903639 -99.52772295105981 -97.79889524834664 -98.46061435888805 -96.62116744309469 -95.81399159595907 -94.90052846202354 -92.41249264038734 -92.48821785594976 -93.19554040272504 -89.94325474365696 -87.29346090547662 -82.29544906150336 -80.03331512745932 -84.43036477086132 -84.3480864637413 -83.66595846932391 -81.50003618384264 -80.12529720197573 -79.52576464301984 -77.8158742310792 -78.28160589119281 -76.63489163634102 -73.61021411364504 -72.30579258397 -70.99122653568969 -70.015649071433 -68.9686572467917 -67.93759598402436 -67.00793868211973 -66.06114272831847 -64.95749499998934 -63.78395839445316 -62.62021454101257 -61.53721895545329 -60.63931808993927 -59.83691200789715 -59.00995641390313 -58.22314428626235 -57.41608635132122 -56.61561323654056 -55.572862833516176 -54.35034250809529 -48.776671126877986 -129.23120194443683 -124.51880437514743 -123.11575288781701 -121.57766759904722 -120.0036475908132 -118.2849684174044 -116.49418283547003 -114.60984685200101 -112.77333461625203 -111.0446003371765 -109.51705308512645 -108.18536888963295 -106.97577423942327 -105.86101990408247 -104.73477205362411 -103.37258390538771 -102.14884449354732 -97.69159994811531 -99.53109333022097 -100.38445985108538 -98.78409413068971 -99.92008303542818 -98.38419744723517 -93.48112797803832 -91.99270107528362 -93.23060816357444 -90.52395292611756 -89.27847113410829 -88.23641676248988 -87.88191736968422 -87.03098901505416 -86.26549523849624 -85.05203867176023 -84.10111021227242 -83.90312852884476 -84.52330996882635 -81.51239981501904 -79.09010758768623 -77.3081998393039 -75.93945433731155 -74.52518517560374 -73.1944528760189 -72.00379595544358 -70.95718344905505 -70.03521151931889 -69.11820430480199 -68.04455498200544 -66.89832433611299 -65.77167258763436 -64.68991764395949 -63.713912773817874 -62.802646992510475 -61.95211655285382 -61.11512410901318 -60.23933710040173 -59.377433355232206 -58.287315184619594 -57.03731775292041 -51.469760938738936 -131.97715347390786 -127.25877293242439 -125.85880729868369 -124.34008016918187 -122.88015739845223 -121.17976492206624 -119.31929542205937 -117.5182589956461 -115.6993669072273 -113.97404948414302 -112.40660169614743 -111.01689953861077 -109.77709389035493 -108.640853767357 -107.54440343947279 -106.43348995271468 -105.87693321706054 -104.3845978694967 -103.19324205215133 -104.00094012474183 -99.52498432569209 -99.02509757919906 -101.26265438712177 -99.43718929356362 -94.70897916367618 -96.1589421302316 -94.31724092131242 -94.3647043069735 -92.81031497717083 -91.14538383090522 -90.00416583805526 -89.07932020122841 -88.11771594262494 -87.23694332411515 -86.61342096814326 -85.88092650900363 -84.09225659195754 -82.31238689526367 -80.82009409241942 -79.36344912667728 -77.78796526812515 -76.29971282014566 -75.07079546528455 -74.01764644411392 -73.08981972627393 -72.17896850470909 -71.15849566727374 -70.08010827830203 -68.99144939790607 -67.94065321223009 -66.92642227812112 -65.96409517573883 -65.05117762067255 -64.15993576003086 -63.223435955179895 -62.307838775496926 -61.17683596815045 -59.904009324016684 -54.35049456103913 -134.8194494878261 -130.09695636268725 -128.68579347873523 -127.18082482125654 -125.70795167210714 -124.02524671789023 -122.30092607942775 -120.54932013349259 -118.75705151512715 -117.02468071099328 -115.45116055310163 -114.03078115204474 -112.74497777933202 -111.57127667244474 -110.45970357662029 -109.33483551148825 -108.21364541667405 -106.96602310629159 -105.60199441620489 -105.0955737095082 -101.07329759499308 -99.06323349732786 -101.26930841860391 -103.12754965821722 -101.36919360405436 -100.49075355618535 -99.35068959481727 -98.92383693218936 -95.6620303878737 -94.14509004148418 -93.19853312226206 -91.94031918008426 -90.80085743774045 -89.81113035923077 -88.97709746621614 -88.03088248792041 -86.86538372732896 -85.52601279727224 -83.9750595535369 -82.37831997415995 -80.77282375768553 -79.28498557787667 -78.08529504882702 -77.06059641687877 -76.13650367023739 -75.2348070902347 -74.27268583156753 -73.26870726210107 -72.23371001907016 -71.20038084402238 -70.1811532244557 -69.20461607333829 -68.23445784070782 -67.29041816916616 -66.30774805883567 -65.3522643116915 -64.19187717030174 -62.904176050920206 -57.37526388078398 -137.7282370150892 -133.00561853275647 -131.5986018534948 -130.14058620071037 -128.66739696886924 -127.03987290193194 -125.39501701824346 -123.66765446851859 -121.92612060398895 -120.22526856984962 -118.6443770588236 -117.19031763646741 -115.84205380897342 -114.59909011223793 -113.40204764199831 -112.19823671587407 -110.96503535533765 -109.54282804723967 -107.87087311297579 -106.06664888517325 -104.14696662550658 -102.92379345574193 -103.25601415593535 -103.72313131600268 -103.40677477236854 -102.92016427286154 -102.27604362975201 -101.4338268985029 -99.355212455245 -97.79675278471815 -96.0591605229749 -94.52464900328803 -93.21909423168044 -92.08518561386343 -91.11236046771936 -90.12061922082559 -89.0775569470598 -87.92273190491962 -86.48373510234012 -84.99130643840765 -83.52004021056867 -82.15928219609351 -81.01637257166504 -80.02383331083051 -79.11985452834791 -78.24224990413107 -77.32817838093204 -76.3813315745104 -75.39604248856453 -74.40428155121117 -73.40767212348412 -72.38994920903664 -71.40983897085191 -70.44226003800102 -69.43554887447854 -68.46005994516206 -67.28681025529623 -65.99549940069458 -60.50438823460035 -140.70510917815056 -135.9914966240464 -134.622877690146 -133.16536589660146 -131.69877931828452 -130.13417173202893 -128.51898584676874 -126.8570839947786 -125.16016734563856 -123.4916591313939 -121.91539467651654 -120.42900347454021 -119.01787752153044 -117.66693642443272 -116.35023045483261 -115.05016613165435 -113.69649484648608 -112.17407971897516 -110.42075716303324 -108.58391339537899 -106.90756175206718 -105.83838381396419 -105.70334400455893 -105.92907167394304 -105.86706732163988 -105.49005480495839 -104.76424365150967 -103.65322688231004 -102.13552409701549 -100.45077184266876 -98.61927942837202 -96.99409825905661 -95.56448700871847 -94.31134921724248 -93.21419763908324 -92.14484020307317 -91.1008832209269 -89.99789023912336 -88.7548296560248 -87.46889368361862 -86.19150832082192 -84.99020080792111 -83.93600151634271 -82.98813033951794 -82.10601240279404 -81.24828574041707 -80.37352749601523 -79.4742104439063 -78.5383060588826 -77.594739282481 -76.61532143317598 -75.59726549531051 -74.61371296074441 -73.63855586265981 -72.6242605578365 -71.64332960767898 -70.46927260664735 -69.18247556617494 -63.73777518182416 -143.80060151447466 -139.09437777650118 -137.74272799075217 -136.26719421706844 -134.83972353439026 -133.31245896313737 -131.73130711191104 -130.12343438327846 -128.46736486590615 -126.81889045818203 -125.23801457108434 -123.73715990038421 -122.27839900775281 -120.84975425994008 -119.4379136218516 -118.03980686947516 -116.58860257169775 -115.02069467981859 -113.2846492516851 -111.55850157138272 -109.99657752935019 -108.929587795398 -108.60147353133816 -108.57919499408557 -108.48719762298607 -108.11991162675893 -107.28064671239635 -106.04564321213728 -104.4916912231599 -102.78942341232603 -101.10904167521386 -99.5137865830434 -98.04930788765327 -96.73082702710424 -95.56316611211588 -94.49803246593898 -93.48366854793332 -92.4158096383872 -91.28018904603691 -90.14441469732756 -89.02406110380223 -87.95594782109245 -86.97900666365585 -86.07133427893505 -85.20919625641261 -84.36955354190032 -83.52912208322905 -82.67055062585571 -81.78652347327859 -80.87503673114378 -79.90238780938905 -78.90556682765552 -77.9316638376885 -76.95711969459062 -75.94576899532271 -74.96870847251841 -73.80149289443223 -72.52423603287836 -67.1300345983053 -146.51793451450416 -141.8082933965601 -140.44119832911807 -138.98131183207192 -137.57178957067472 -136.07727447373256 -134.53550611771738 -132.94722079706742 -131.31670294782816 -129.68218619855347 -128.09176414046348 -126.57956543094235 -125.08557568014378 -123.60793894371601 -122.14399254633919 -120.6716522358539 -119.16223460964093 -117.58560301242667 -115.95718695456272 -114.48379611793298 -112.86822166996232 -111.77230815560412 -111.27038102914983 -110.8894324941892 -110.58580299500703 -110.08253610825506 -109.15296873064595 -107.88807756682544 -106.3822203005616 -104.73924405475663 -103.05356999380913 -101.60116704266329 -100.19225753899394 -98.8715115594662 -97.68819318016729 -96.59857180238771 -95.58401119943285 -94.5736072998019 -93.5410387708548 -92.51786531670037 -91.51394043638523 -90.53860905010728 -89.61033404373075 -88.74819350255262 -87.90603519041298 -87.08213337965283 -86.26877477796042 -85.44141311643988 -84.59394302128196 -83.71769511066914 -82.7662016641426 -81.77087242411285 -80.8111527679396 -79.85350654231114 -78.85240528394242 -77.88535947035614 -76.72988185224489 -75.46516228627488 -70.12197072665822 -149.04207560538978 -144.3298660516115 -142.95823091621284 -141.4973638588085 -140.08234166522982 -138.626721578517 -137.09856008333583 -135.51482200825492 -133.89543362571743 -132.27422793995046 -130.69486065642025 -129.15348852131115 -127.63571330232624 -126.13695475575135 -124.65252067810785 -123.16489305441114 -121.6565316746991 -120.11347255014073 -118.59160664503355 -117.33460380120947 -115.65984291031288 -114.40019282791089 -113.64766213427376 -113.02063734422588 -112.45931744753467 -111.75989203130028 -110.74147124896565 -109.48074723836791 -108.05545546409226 -106.52878506470314 -104.95446085115582 -103.6077451824382 -102.27049320569473 -100.99545751322971 -99.84551059432987 -98.78061051204152 -97.7688261187304 -96.76020136832838 -95.79889071505646 -94.841461757705 -93.9037669344822 -92.98386159596066 -92.08880454049009 -91.25173281506414 -90.42425384990374 -89.61373100548207 -88.82019927049964 -88.02337432616926 -87.20470430910466 -86.3422181160194 -85.41118344052218 -84.44257228007382 -83.49076718190183 -82.54164502112785 -81.5550824303799 -80.60196774594826 -79.46120874754916 -78.21060727185534 -72.91629279107825 -151.6559419540988 -146.95508285190996 -145.58429971507354 -144.1377593774413 -142.75518520150817 -141.26677504897552 -139.7448745664679 -138.17437162953033 -136.56188717030102 -134.94578540595776 -133.36857069463142 -131.8231454103269 -130.30250581632896 -128.8031263875597 -127.32148833988762 -125.84561070421067 -124.36351299540426 -122.86630450777157 -121.34898061475563 -119.8972633463977 -118.46526582693538 -117.20386093541508 -116.24917164701124 -115.4282530835182 -114.63391103574192 -113.752113236115 -112.66460959079008 -111.42224261743476 -110.07585512972165 -108.68469032432031 -107.30757814886103 -105.97559362525372 -104.69516170873409 -103.48508679213703 -102.36542001263462 -101.31710902363959 -100.31038609220148 -99.32722635916915 -98.38337417777542 -97.45410844460628 -96.54642396787075 -95.66026685387935 -94.79525916008689 -93.95341521300884 -93.13161155335683 -92.3300123805837 -91.54832036895283 -90.76600314233593 -89.96252072081943 -89.11355563367019 -88.19474357723061 -87.24640112955595 -86.30729845148403 -85.36674349527614 -84.39323199620642 -83.45250129680632 -82.32421051216444 -81.08486723733225 -75.8252725813558 -164.13796061369166 -159.61474797843584 -158.30067469265333 -156.91606709243987 -155.58230946995562 -154.13761417476843 -152.669656569175 -151.15827423081018 -149.6017854485719 -148.039197191682 -146.51066886289766 -145.01129944949463 -143.53627828129032 -142.08404068745492 -140.65302848346087 -139.2403283940873 -137.84302760980876 -136.45953695729133 -135.08803286360387 -133.73134111641596 -132.39084105459327 -131.0803528517264 -129.81788933346732 -128.58901962230775 -127.38341394932722 -126.1891667877232 -124.99398919114677 -123.8010344905056 -122.61345601670718 -121.43708116321649 -120.27773732349816 -119.14034600885782 -118.02982856161469 -116.95012563093232 -115.90517848643685 -114.89215853495111 -113.90808885314964 -112.95133927288768 -112.0205239070867 -111.11302000856573 -110.22672676624472 -109.35848002367905 -108.50509486962673 -107.66887546216057 -106.85212592031044 -106.05689972080421 -105.28524979656402 -104.51601853464331 -103.72804074786484 -102.89627019589203 -101.99555514297634 -101.06605576724944 -100.14646288529438 -99.22563587496104 -98.27196854782139 -97.3497078760618 -96.23805226552639 -95.0112035780357 -89.77314931290466)
(UseCyclicTransform "false")
(UseDirectionCosines "true")

// ResampleInterpolator specific
(ResampleInterpolator "FinalNearestNeighborInterpolator")

// Resampler specific
(CompressResultImage "true")
(DefaultPixelValue 0)
(Resampler "DefaultResampler")
(ResultImageFormat "mha")
(ResultImagePixelType "float")
