(BSplineTransformSplineOrder 3)
(Direction 1 0 0 1)
(FixedImageDimension 2)
(FixedInternalImagePixelType "float")
(GridDirection 1 0 0 1)
(GridIndex 0 0)
(GridOrigin -218.97617374881293 -106.75897819735161)
(GridSize 66 69)
(GridSpacing 101.57322622300413 101.42249310817508)
(HowToCombineTransforms "Compose")
(Index 0 0)
(InitialTransformParameterFileName "results/lungTMA4/my_reg_project-modality_fluo_to_modality_brightfield_reg_output/TransformParameters.0.txt")
(MovingImageDimension 2)
(MovingInternalImagePixelType "float")
(NumberOfParameters 9108)
(Origin 0 0)
(Size 6206 6524)
(Spacing 1 1)
(Transform "BSplineTransform")
(TransformParameters -111.18669810447982 -105.81255145533953 -104.72717316016958 -102.978225563309 -101.30302067428873 -99.5349336581588 -97.74616671016541 -95.89524583980294 -94.00072244288874 -92.11576265897874 -90.25657130467296 -88.40894408443073 -86.56799059097507 -84.72882449138788 -82.89047921742957 -81.0567707684318 -79.227020436694 -77.40564418664025 -75.56626000661305 -73.64812569085169 -71.60506362382105 -69.36307410206214 -66.97329980368833 -64.6164157513857 -62.43268525928251 -60.59980244351371 -59.130826879391506 -57.87412377374166 -56.717438375266624 -55.54464635654066 -54.23612070142681 -52.63483753667224 -50.70480602100022 -48.51858679389255 -46.1584832779745 -43.75110938977337 -41.40279469047361 -39.24266792024934 -37.2832179846916 -35.4179618492139 -33.57133463137452 -31.643186456857965 -29.623901529439486 -27.593642513498086 -25.61013307388272 -23.751406606687333 -22.02383923760319 -20.3639761782056 -18.722470005078033 -17.03388146699164 -15.277028107888256 -13.47319157448078 -11.633538946032099 -9.77500953050444 -7.896934268233104 -5.981826095307661 -4.014919510345286 -1.9671164971651365 0.14254973769201448 2.238296301077486 4.293906517327607 6.363826955040542 8.354545646681428 10.506049081839503 11.825278151344698 19.147347487592793 -107.15696336946183 -101.65760892939869 -100.54224399756049 -98.7484597012539 -97.03376205246508 -95.23164579577966 -93.41689496922365 -91.54450823288897 -89.6267070685381 -87.72455326485904 -85.84295093593758 -83.96152468685068 -82.0785418910432 -80.17610164390973 -78.24916596797242 -76.34710567984884 -74.44254681836951 -72.54709989018939 -70.6460160892558 -68.60802742025021 -66.37536073066576 -63.87269549293182 -61.18165274023155 -58.63896153817893 -56.424106844758576 -54.61963734615318 -53.25057475358575 -52.25676978768235 -51.51871380362936 -50.86961762271635 -50.02101124420937 -48.339569808408044 -45.867992581225316 -43.35488897313829 -41.017449794281276 -38.72594685180714 -36.45457631909137 -34.34677175256497 -32.404131202257894 -30.526220938540973 -28.602161192253707 -26.421487017900116 -24.00109380030647 -21.5642421713393 -19.285056929657845 -17.367065643585594 -15.821646028351163 -14.461358976181273 -13.157402048863098 -11.761084593679367 -10.218415073632896 -8.56980602129976 -6.834512680380239 -5.040691385169253 -3.1974406273016 -1.29675875261758 0.6670395293062175 2.7127794069630555 4.817423003975221 6.907706986455879 8.957484304854347 11.02163380557843 13.007238939194727 15.150490387171333 16.466181115521128 23.7208000236364 -106.18690797616458 -100.66094006077208 -99.5394304904891 -97.73795690508595 -96.02399887493074 -94.22525094939171 -92.41674671719056 -90.56315383969445 -88.65083874522566 -86.7612006410313 -84.89515148427611 -83.01582845654411 -81.12984094017972 -79.21004370489659 -77.22722447293592 -75.30504573158484 -73.3700488680601 -71.4403622678257 -69.52537628049829 -67.44684314872124 -65.13962442838317 -62.58659056127076 -59.892712275572464 -57.42623870007767 -55.37920878450225 -53.56078019287787 -51.922805704833756 -50.75020525371676 -49.536882925413984 -49.12693111626008 -49.38071431354984 -47.26199520495714 -44.21498177575704 -41.68990609688145 -39.449641332084056 -37.696562994870035 -35.583371975341294 -33.49647276293644 -31.555561567863165 -29.67226108183666 -27.71494986010554 -25.384789780699528 -22.71113074781949 -20.019457781745622 -17.57045586156805 -15.607271302322548 -14.155672651256092 -12.928314667796334 -11.75779975340926 -10.476482951936507 -9.020829982228795 -7.436808465037016 -5.746122689328715 -3.980166738783695 -2.151589107717432 -0.25695958452219436 1.7047807339377985 3.7469870460820367 5.845528218372864 7.936484551747008 9.983137825052504 12.040020679921307 14.021717804702897 16.161784757133578 17.476176295634062 24.708950419521457 -105.16371037477589 -99.61371711395078 -98.48765616966502 -96.67766993996806 -94.96306998067112 -93.18873391310058 -91.40704001747453 -89.58682673583661 -87.71596386754652 -85.85461480846142 -84.02168065924232 -82.16188565150098 -80.27479483396462 -78.33769497628978 -76.33521338230827 -74.3225845542346 -72.31013318820932 -70.34585857561812 -68.39331037696742 -66.29912505894332 -63.81836939114589 -61.147148419485994 -58.669651419727685 -56.28959508473402 -54.43639149447316 -53.953523655892475 -51.269536677836186 -47.938239072556506 -46.024674667884874 -47.53738415237215 -49.79685458097792 -47.348119741766 -43.07086393899778 -39.23397628177131 -36.39012260410474 -36.78859274078185 -34.27073711583026 -31.6640576883498 -30.728493366891165 -29.099272906075043 -27.125251813051094 -24.594932650250968 -21.654992238480272 -18.659463538124907 -16.03010495666328 -13.983856590746598 -12.632129354210974 -11.536735394012895 -10.471066395237578 -9.268149605436435 -7.8730001847479105 -6.329623576903919 -4.6628397795369665 -2.9099938484254975 -1.0869656244396155 0.8137314832171585 2.7722813422955452 4.803473139657101 6.8863386612076525 8.974822837901643 11.017437182806619 13.06590052723504 15.042594280862783 17.17833035590964 18.49094100341726 25.697382271322684 -104.02597332375261 -98.4537425262857 -97.324397482786 -95.40090575730744 -93.59627249515744 -92.05013733568451 -90.34886887110335 -88.58252696847204 -86.79865487118641 -85.01027611035292 -83.19542478695419 -81.36140931003473 -79.48645366508697 -77.49874445750977 -75.42456922694853 -73.30921609076798 -71.2133739647453 -69.23677081350037 -67.3143449069046 -65.23411283017191 -62.82015677434783 -60.1646977529178 -57.55204962842558 -55.12966033190995 -53.26081430492933 -54.053532753567715 -51.53337343374086 -47.9351713399041 -50.02508823148426 -48.963731611645684 -42.63643779475507 -42.690567349699066 -41.77635896880077 -39.262928388965136 -37.15224911677937 -39.117338501498246 -32.48089150772449 -30.26904737540053 -30.060309092024347 -27.586892544564744 -26.47356248093257 -24.1332862982848 -21.755508028763327 -17.111750178539797 -14.639775305320027 -12.790089890063566 -11.521756437923626 -10.498800021336438 -9.437989626453227 -8.215433468598771 -6.79662704177299 -5.222269529891342 -3.521900470231274 -1.7415204310288543 0.10610418219365401 2.0259587663844107 3.9803297036056926 6.003952109488725 8.076222653305907 10.145306611993538 12.168672746795458 14.207845563866071 16.179341673582673 18.30963853947827 19.619927572703702 26.795901256038043 -102.7131742663276 -97.12090524598098 -95.99244479614124 -94.0798389338464 -92.30443070262852 -90.81377363699657 -89.19433760534909 -87.50245997478204 -85.84286386592767 -84.1313710574162 -82.33412518293224 -80.52448187692808 -78.65529980261992 -76.60990013494899 -74.42362853755853 -72.18406556132435 -69.96388790092084 -67.9150773967432 -66.1361058839855 -64.12380941833334 -61.818347464854035 -59.19273823537937 -56.4054926992729 -53.94349333141132 -52.05434753055401 -50.8748828605312 -48.51366331526496 -49.90765783723199 -49.73982014823294 -45.060670469484656 -43.17102133209232 -41.389256402821715 -39.798905024631004 -37.745501333182375 -34.47520033756344 -37.37565866412698 -33.08654608030815 -30.8775477221901 -30.344193878103397 -26.50749319136572 -25.221951389315414 -22.750876658596138 -22.396938081427994 -14.808250077321599 -13.482992736250159 -12.024891600005956 -10.620226959254547 -9.5000717720606 -8.397350368054003 -7.149476104983059 -5.66853862992793 -4.0166368512390624 -2.239680425044136 -0.4010083211550177 1.5031920945807216 3.4458474900435214 5.402177392052416 7.429409956561303 9.497316129054404 11.548468498211957 13.513507628453041 15.531847943827723 17.506475223940576 19.63067357460575 20.937581644316637 28.077221155200426 -101.38387305412598 -95.78101210316991 -94.66053909300011 -92.8899822823556 -91.25478123621491 -89.65905901389137 -88.11706335175238 -86.51709245156175 -84.91174818692735 -83.29641576430966 -81.58971046653946 -79.80171787977929 -77.9292396339161 -75.82176911766481 -73.51134507831624 -71.03427508351884 -68.1967704225347 -66.11605106991529 -64.92570637254951 -63.05847074324266 -60.747263727260844 -58.18281500015715 -55.462884855221745 -53.0107219960351 -51.1256996310469 -50.278584668639134 -50.12118534598783 -51.15740535202338 -47.740375253468365 -44.00237879071521 -43.85729300400208 -41.26683054573409 -38.053677980469566 -37.83477418298269 -35.09171536938973 -32.467940350892 -28.52369567387876 -29.475990401639635 -27.6655439069458 -23.96166686624748 -20.38915597154922 -23.58042740768673 -21.698449488111265 -14.982647367979416 -14.876565912015007 -12.325800066293096 -10.062329690808614 -8.61358819451331 -7.427151259551627 -6.127548469312711 -4.615456682551412 -2.8796358664993553 -0.9735964631824805 0.9759405617755317 2.926798284756801 4.887903805019435 6.8469486827137604 8.883214722916126 10.939062606858025 12.947812661524093 14.854544471863013 16.87023158259226 18.854901147492747 20.9648187020684 22.2651854949611 29.36450612347308 -100.02115981284595 -94.42255094331377 -93.31709299702052 -91.58125388469104 -90.00986005924034 -88.49821197576446 -87.09149509651348 -85.60456898942779 -84.10145460219948 -82.54019767879899 -80.8083767078396 -78.97417917671207 -77.08789074051447 -74.91555819717829 -72.52663516778478 -69.65778994291882 -67.30906005251865 -65.17539634194866 -63.57597575174422 -61.6898752904828 -59.47309209145054 -56.97303239114555 -54.34669643373253 -51.996010299772806 -50.166737720075425 -49.371462080847664 -49.961040369305415 -51.571591848312416 -43.03380862832497 -38.73112125723128 -40.1344468266074 -38.46043213869138 -36.68381979875592 -35.36199679262897 -34.01290826715896 -32.753398392502014 -31.103252416798973 -26.531811410741412 -27.458309684521236 -25.73770123225178 -19.829759621611498 -24.29999112305017 -18.446930249916036 -15.909631323435754 -16.037527079654243 -13.681636729760891 -9.841797384642511 -7.855176118457021 -6.7392255843363404 -5.270833552159942 -3.603391537137255 -1.6848239717662752 0.3967981092378697 2.4596033923399907 4.43026840991716 6.395045921583898 8.38521832638446 10.39555344900064 12.394074774550292 14.378893471300318 16.33411193681621 18.320822072346193 20.243539700480152 22.331254416753616 23.621464374032897 30.676794503824837 -98.62385407741047 -93.05022978602004 -91.97409677957947 -90.28893548926828 -88.79835681386346 -87.37908593608496 -86.06685285734234 -84.73448929301694 -83.31476485503065 -81.66249149577651 -79.74365938492863 -77.82317901412652 -75.86129536642073 -73.84058436690607 -71.58305143294386 -68.38571599005196 -66.2714070244006 -64.04801263005972 -62.069280993346894 -60.11104493988403 -57.96840615632432 -55.44174214815267 -52.79844213107825 -50.5713786161235 -48.857192547199205 -47.888704961468925 -47.859065397464875 -47.544797585839326 -42.58243269391233 -39.41942628402716 -38.54100792791337 -36.875900091613005 -35.20972387038303 -33.61238089979485 -31.86763246895144 -31.039186347485423 -31.0794160910379 -25.431368081445974 -26.21834155708484 -26.168190328336415 -19.184840326680774 -18.66229022040001 -14.536414987805248 -14.654940833278705 -14.875076983143368 -11.817384005541756 -8.606538746377876 -6.776316958436554 -6.066974309187534 -4.773237278974013 -2.6216020038031855 -0.29848379947285175 1.922472476275673 4.040820299548429 6.028434722275482 7.974029775020818 9.974330563910703 12.004489788426689 14.008339422912393 15.88627947412182 17.80617633692053 19.73725193380809 21.6515611727533 23.72832623410054 25.006937743306665 32.01520778212914 -97.20611510908944 -91.68057775677833 -90.64870708031681 -89.02688511722378 -87.59991248560614 -86.32635747800224 -85.1406897293503 -83.86360504781625 -82.39499669845233 -80.62543436740285 -78.51017479276506 -76.24678610998714 -73.73974299029398 -71.214978127852 -69.7169594110003 -66.77107218906242 -64.36988864420113 -62.20356700217157 -60.36061693144437 -58.36839088293009 -56.433260814257345 -53.90250691002916 -51.901680866876745 -51.38904798336939 -47.687641427694274 -47.04277806373798 -45.62775520336625 -43.68319470719992 -41.188772715666715 -38.49917950621475 -36.966549621999015 -35.99589049004927 -33.838348745809974 -31.569090497438655 -29.914497825451804 -26.22864334240364 -23.92360645985434 -22.23486695513338 -21.192637612531158 -21.109453749565166 -18.24664600501557 -16.291555301922156 -15.87558501956248 -13.941366889690462 -12.413762015765045 -9.466869626478523 -8.73514474193559 -4.245510689066509 -5.251179013372628 -4.489198486193834 -1.1468419927882998 1.3812084034474454 3.558326219469012 5.695346221911858 7.752481735870562 9.708650682420942 11.561814016121383 13.518440403302034 15.617445940506279 17.467259195783434 19.307785795592245 21.185252375366996 23.076465012078227 25.142184548269732 26.410270561021637 33.36656070094257 -95.7832314899247 -90.33128853718694 -89.35945099700139 -87.80989234593861 -86.42604134371221 -85.28730945310006 -84.23360099724475 -82.98373782399402 -81.42629318379213 -79.41732181422813 -76.99301967969082 -74.28194872765216 -71.38680967191863 -69.55512000907459 -66.61696279872861 -64.11803046808062 -62.53673377668076 -59.501868310230144 -58.16870842465896 -56.52078685508612 -54.8015591819468 -52.974921512389386 -48.47318046151083 -51.060246538858216 -45.627497612414125 -46.22132548002074 -43.762617051125716 -41.702312038293506 -39.961512597143965 -37.531009098387706 -34.75948880553156 -36.1771136886293 -33.33380414237808 -29.70870495157029 -27.051355937131277 -25.348294552010795 -25.88424886431943 -24.046574475059366 -20.5760184118289 -19.251166339735654 -19.227546441269432 -16.098991677591144 -14.287162056049143 -11.88676252932949 -10.760537793573924 -7.878813816813967 -7.905168081101872 -3.545039511244477 -4.905537032145926 -0.9315697752644491 1.0697474804644134 3.4547559186749677 5.371042295836264 7.3046532525183805 9.496738396517065 11.50719839171055 13.254573310130192 15.058519205831796 17.12014000173673 18.980044810740907 20.801538135124616 22.677310714065584 24.517980400213624 26.563345073954032 27.81916543975514 34.7163816303584 -94.343070961001 -88.98892257372023 -88.08856210755057 -86.64108443860083 -85.38889557630684 -84.25415874813096 -83.22429358920512 -81.96055698037713 -80.32290687404517 -78.09497437858849 -75.61928313921672 -71.48822750748333 -68.72855941935248 -68.41675842339235 -63.46886610364924 -62.649535532468455 -59.54059494020094 -59.422045328703405 -55.503210841473624 -55.43065596314653 -52.772932295611234 -52.259481319409204 -48.62979382315222 -45.66566513035948 -42.033839259551605 -43.26923694711341 -41.65658148939186 -40.22110357315683 -38.21404884846133 -37.42445302659162 -34.74412562763529 -31.462800385074885 -26.937812203212168 -29.704687017054916 -27.921649330745147 -25.669046007079405 -23.96147121339555 -21.059003252160725 -18.661184457470547 -16.530342125469108 -14.98148687707769 -12.622793026555469 -11.711894885200504 -10.107679335665102 -9.435900986230422 -7.032110920841779 -4.619656446856089 -1.9341538117604034 -2.784542558921765 0.5916022024954971 2.416705522887595 5.577801836060061 5.61679563456462 8.764765832160624 11.158638209012334 13.132915464723121 14.81142200336502 16.611965042683927 18.475742758457688 20.420344214695728 22.308844781642364 24.197382214843095 26.027081173415013 28.02823642504856 29.25867066487979 36.086014206103606 -92.8735823449868 -87.64012392421925 -86.81845484787348 -85.45113268255156 -84.24660646740757 -83.09430146623151 -81.98678240440952 -80.66993343498292 -79.01639578328931 -76.7032636593384 -74.50485531420546 -69.77845918999473 -64.49639941820197 -61.3552938599406 -62.59282286202614 -63.847918685112184 -53.73526218300746 -58.189944315192996 -54.60965787956917 -54.49439089116463 -50.430037575755016 -50.886246260306734 -50.05339270998434 -46.35202177032018 -44.16315028010452 -41.593601658743424 -40.81234928431022 -38.69541649087453 -35.37112072937828 -36.231379103052156 -33.218360928416864 -32.35219033337672 -29.63304102729424 -24.166694512814953 -26.079141080118582 -21.599488859961237 -20.857325267921595 -20.8748069402097 -17.239985496961914 -13.958842264575903 -13.262181934673576 -11.305599426694007 -9.542454599161724 -7.74024336886897 -6.0875117541552966 -5.098746241227243 -3.3468614572013546 -1.2556362296851165 2.017816422769522 2.2748693355192344 5.054907274564825 6.747978121951004 5.155303730888998 10.677946981799444 12.93710822603437 14.62969282575992 16.284385078391864 18.1096260844149 19.969559041207173 21.912818495081954 23.866866363918955 25.778064979509754 27.590777675850116 29.5508040425497 30.752900019947827 37.4967097065173 -91.37097255875163 -86.27199572139274 -85.53239672843895 -84.222256875117 -83.00099965975849 -81.77389540626385 -80.50745103592433 -78.95615358043572 -77.07678314980318 -72.68084594606002 -70.44769509186321 -69.89057499282053 -64.24416937169809 -64.07575189450807 -61.74106644095093 -62.666986745997995 -60.41978559982479 -55.59399846384677 -54.867261168670005 -52.015537963682476 -50.258455391856224 -45.68159702897575 -43.61729937592699 -44.66926327887956 -43.42196651331186 -39.90566155137852 -37.683419573064405 -36.239131561781235 -35.32075235932458 -33.64515098814509 -29.295573985984923 -29.23937934676402 -25.95534870326826 -22.0894997804893 -26.83985027177492 -20.994784489202164 -21.112807328661617 -18.742841051474468 -16.16582100811754 -14.036810113370208 -11.031612670743682 -9.444363390887565 -7.38584665630768 -5.893098014981892 -4.775992550572403 -3.4933300797762166 -1.7349788940696471 0.39355384252784437 3.5869946929444225 3.911960485980848 4.218869795088697 6.964355839428394 11.695549712839364 13.369967267779055 14.349864891725842 16.511602093633112 17.6457683803423 19.593513717769042 21.533585735559008 23.47357131800002 25.502240830971754 27.45813773930759 29.22890392361382 31.114124923495652 32.316420794052675 38.955412472445 -89.83145434056087 -84.87164710097504 -84.21298648286906 -82.91619791758046 -81.60981700332317 -80.3057711025491 -78.7583595473029 -76.61025210079985 -76.69379380441656 -71.28175942968399 -66.27826542076633 -67.96165325285654 -61.29350959805719 -61.610246404735534 -59.59951975965512 -55.32510334683516 -56.3738080143335 -54.73188681339469 -51.29873874796379 -48.432540113774174 -48.66906000026698 -46.62012739524536 -43.44881598674476 -43.3396713274528 -40.18741875929981 -37.61349688044035 -40.11152617668706 -37.71614104914438 -32.5725399572176 -32.39337712415342 -29.5632344869057 -27.1872410739436 -23.92903106778771 -24.81863318214606 -26.822362955516624 -21.157964603563197 -18.437398000042926 -13.501992054756952 -13.9220919466323 -12.207416939394275 -7.9461960702203305 -8.721978433504544 -5.840550129583975 -4.134339082242954 -3.1906267485370474 -2.2258044887923956 -0.5340143905346765 1.4935761094053257 2.6497928560504476 4.527458742806216 6.301311613759709 7.984182644316311 10.579099054974296 10.5359694911685 15.065697182349142 18.432111451059573 19.007842532616024 21.071028020842714 23.08293977257025 25.138702927836942 27.259555433555782 29.28030762286649 31.041638912955868 32.8675784893456 33.983362154693566 40.46906021376971 -88.250995868794 -83.40000442141195 -82.80611568382314 -81.5716298622904 -80.21423937774819 -78.72106509475282 -76.85338463200573 -74.45336227841767 -73.08635794678895 -66.00175014442125 -63.42323539095962 -61.075617663662996 -61.7284999916613 -59.54956429843713 -55.81566628202291 -57.166566965659285 -53.572386449372566 -54.19156962650721 -52.7321586469351 -50.734353053278085 -46.41371799068446 -47.72038289056104 -44.043691579790526 -40.002592062711855 -42.456155229837385 -39.47835299669353 -39.66881932534094 -36.32457687071229 -30.946056545361134 -28.41740442070718 -27.468215667664015 -28.982361551696535 -24.4784852067647 -24.892953596856746 -22.05254954915212 -16.806174698220698 -18.333164472491216 -14.98785508619903 -14.757916179623612 -14.059664964375356 -10.220786664031628 -7.8937710507525285 -4.156670105016561 -3.556261053622889 -2.3462667088949254 -1.0909882360988876 0.25255939345857825 1.21842677411609 3.5346936917088057 5.86445857790419 7.618124849071491 9.3243113527795 10.598483475195067 12.327522499191014 14.50722667120895 19.998632651196008 20.73006983983803 22.646425032357293 24.785877801212642 26.982381969682432 29.27274853125427 31.34850630275551 33.07764896297005 34.80535614088353 35.77551606627924 42.039440063400036 -86.62556573978834 -81.81799447214634 -81.25818036150282 -80.18688749365558 -78.56399773679146 -76.86216411393464 -74.94956358581408 -72.43427849310864 -68.9083537995708 -59.816837012417125 -61.04907370024765 -60.334563179527855 -59.344838686470844 -58.626240518437605 -52.5536404928319 -58.12072697859169 -52.44990793895394 -50.81796621524673 -57.59950873050468 -47.62449261009705 -42.336267395936126 -47.1796947082412 -40.41180142297096 -33.062134700016806 -38.60937896445021 -36.487380538242235 -34.555228302750976 -32.45907645292052 -29.610046886850537 -27.543211119563367 -26.289607287382154 -25.77324020258817 -20.110750124077242 -21.980969792503952 -18.602870801174934 -16.852301680162128 -18.17973719194881 -8.930175775024184 -7.544911573075902 -10.060930588842513 -6.336844265047317 -6.153224440651534 -4.452868319903053 -1.9560250561636254 -0.8070761396080436 0.42187699884802893 2.4862434900257044 2.906700155503669 5.4314831643665515 7.802318679389712 9.752102030063499 11.490325123184595 11.717822162283877 13.88656086781158 16.94174462961739 20.114339553347435 21.88484670567179 24.325429362619282 26.816534023153647 29.257357022794363 31.69760452926265 33.7693540241886 35.37832914612319 36.915279120218976 37.71527520814013 43.668338678162996 -84.95632496383082 -80.11284137187072 -79.53840485174007 -78.4176616051989 -76.81628064636324 -75.07221746227496 -73.19926234856348 -70.21283911849137 -64.2985494665339 -64.6759665302901 -62.9416902382471 -64.46567739181741 -59.64589611203996 -56.262269146584316 -53.01649100439014 -52.27138382241128 -49.3350562401154 -45.85959926582614 -48.18263610325897 -45.64792405398597 -43.20356783771331 -41.806375297895755 -39.466258950124214 -39.54513022459755 -33.5867541388325 -31.80520204764637 -31.432086680624877 -29.866380478798202 -27.779361719961237 -26.11318892947792 -26.476615253991685 -26.17714404260528 -21.49821035400957 -18.748492900575272 -18.587123539478167 -15.861421413580857 -13.844048318539125 -12.93222869416565 -12.13481258551633 -7.639932698888398 -3.574156794369051 -6.720327774578432 -1.9264418952442914 1.237033279643515 -0.9706011856642321 1.2851975875348125 4.5466884231746425 5.945044279860245 7.462324795985686 9.029132675829805 12.60097999812124 12.69779735718844 13.523257103570815 17.050947736440556 19.926273281087223 18.843178987267763 23.209844607937434 26.32460173123893 29.180729769314905 31.90518593008946 34.417100147388226 36.43344330431589 37.87124272960714 39.16623977915103 39.759402707765545 45.3417540579606 -83.24443458121743 -78.27176927022043 -77.62689382945882 -76.34809438924643 -74.95982783370995 -73.26179050402854 -71.29993281631542 -68.7901067490062 -65.74825863648174 -64.4405044773085 -61.59999417062472 -60.193030627189465 -58.60883227979856 -56.38449361534543 -54.40551310371076 -52.07341106425387 -51.17522393929874 -48.36117628611798 -46.176395050222396 -44.7147881803739 -40.01729557796 -41.155841029735406 -42.3808202299472 -38.53478694723278 -32.16407940631578 -30.244122788694025 -29.644899683968042 -27.446719638509773 -25.043133019235114 -24.037835419440043 -21.355638809629102 -22.9931451902396 -19.32991353859228 -19.55583371594939 -15.163316933696876 -14.747754077856142 -11.99842165859214 -9.463985293189701 -6.675601862711439 -2.5200322139216413 0.9148698410946197 -3.423971145690839 -3.7139652270107386 0.27635758911547764 1.8809391294127213 5.131182819787813 6.233956990264956 7.307813178572376 7.850703686914519 12.972940104334805 20.203033281780808 16.00245086126376 18.1095435502876 20.27185205404026 19.43285370471011 22.23470210051396 28.356209526622727 29.016261424763602 31.770239939204927 34.7416425848536 37.31091238860094 39.23013492804822 40.462709790126176 41.49039328519723 41.860520356191486 47.045684168513475 -81.49065189484047 -76.30682606210159 -75.54549821149291 -74.16509393380235 -72.77636744890461 -71.12945071487765 -69.22862914060106 -66.73086992505971 -64.1776657771034 -62.597589655098005 -60.85066026712952 -59.031321509670036 -57.151613002801916 -55.1732028860195 -52.43300578717688 -47.66769718675299 -48.54704443157123 -48.134470023769914 -43.32007839162512 -42.28007655844445 -39.240483581924586 -36.55968704666626 -35.643683060870735 -34.68492667225233 -33.41590516149283 -30.500594019379747 -28.43146850297742 -24.707135777710263 -24.319274154744264 -23.69222300206622 -17.2850899894239 -19.468799905022458 -13.770908551836282 -23.51377484307004 -12.189990660840149 -11.569746911360445 -9.87662360466135 -6.941982017309724 -3.602947053389644 -0.34321793780140725 3.8286768878298583 4.750013465538136 0.5814978791780689 1.7422435325344225 3.7932113571261907 8.593256171980661 6.658788387342712 9.221280000588502 8.899490467911797 10.324439961161394 15.675278370078132 15.6744700801769 18.389988835507644 19.696656538456054 20.963549326276954 23.99878625431195 26.68542942371018 30.708367933625023 34.398720035084885 37.393776703233065 39.9745830564491 41.76451417741719 42.830245656710375 43.651606212799976 43.85903918428051 48.741645593184835 -79.69573420974726 -74.23005963841038 -73.30990935049009 -71.76905138162793 -70.30920025099545 -68.68741814509086 -66.97422388359678 -65.15936545016592 -63.27217684715676 -61.39972286048392 -59.571418582516785 -57.66032356256177 -55.577928533260746 -53.30151810059587 -50.75567650395208 -47.57794182294507 -42.61977006482379 -46.85605624157936 -42.312462892560326 -38.071823325279425 -39.12192614854104 -39.24908970980487 -31.394497547108806 -32.0586574928768 -31.111577818365667 -29.650186005449175 -27.73091299846803 -25.527611540073156 -25.673576080786994 -23.809404746785766 -19.916797508653616 -21.11585190639998 -17.887744699239153 -18.56531417214473 -13.892615673008105 -10.802823288505117 -8.034775139154126 -5.3159923804535385 -2.177526898094817 0.991905181129335 3.6389635548711774 4.286847550711764 3.317766103173784 3.19102935267717 6.711572865582695 9.90854213432648 8.307618040975067 10.912260567140422 11.268383278410752 14.165095420311651 15.559470190141228 19.0091636908974 19.877993336112905 22.324374823112038 23.540577848846894 27.118109559378116 29.776278526526664 32.802830572829244 36.794870164309174 39.78748791241797 42.064228679500445 43.6715315713966 44.64659508337269 45.40662318823675 45.59457618953475 50.391154912883735 -77.87816354808746 -72.08697768858923 -70.98016863141622 -69.2268786064367 -67.63404144318835 -66.01532269135542 -64.44306054462609 -62.82265251790832 -61.18582169214797 -59.41626819350948 -57.666500367785964 -55.834095905483856 -53.8591662156807 -51.75695516894807 -50.36573619526407 -52.49195851408579 -46.73516270432656 -40.847492886693765 -43.05639945635912 -36.18211585098441 -36.751312355938694 -34.93771083367856 -31.82580073135252 -34.1225853548846 -29.33410643891962 -28.23565832998912 -26.967680762235975 -25.263110437355536 -24.09531502844031 -23.55442747565734 -22.49351939519801 -17.14103407801204 -14.007682094147528 -13.621349753046324 -13.022551757338508 -10.429062700449395 -6.695700709966882 -4.109404218798256 -2.1001989043464433 -0.17525662141865053 5.352265157787385 6.266267582899089 5.193718194464874 6.370541861529565 8.814282708871644 8.100477800085397 10.992645311099764 10.771206909701805 15.913507932747647 19.57738359083693 16.09836593090014 20.633425648962096 20.14798917783297 26.0995445027498 24.037777633859296 25.899875488247126 30.45840961231274 34.81396321789848 38.631755001984736 41.25716470215442 43.338939185089316 44.92558826662873 45.922191037711016 46.7656314931311 47.05987969874731 51.98420987456589 -76.05642193216606 -69.92308794688248 -68.61728344359392 -66.62980312300134 -64.86805722521235 -63.20349510022473 -61.69784355853328 -60.213424592530316 -58.694538316723204 -57.043197648572274 -55.39118008420303 -53.65585951373762 -51.82078284004873 -49.88704185613374 -47.99110298944479 -47.03383201743331 -47.541375883858414 -40.41792075145149 -40.71289567678288 -38.40290589633523 -35.10934975181262 -32.42452070179081 -39.12970464163878 -34.795948413987674 -27.515002207616153 -25.830188990909704 -25.78577644831748 -23.988428518736328 -21.64028938244783 -21.28087200250756 -18.684674969314067 -13.718617506241722 -9.670130430189424 -10.433547880041004 -9.573022550027531 -7.951793379619749 -7.755052261273005 -2.6547743404111688 -3.890313635291245 -2.0569753381908757 7.410159399924598 5.235805954211259 5.229892367346606 6.156041535878229 6.688641098146486 9.601786752144383 11.242589857020535 15.248084345924845 20.126181494902845 17.731114038149933 18.410545615517357 22.891616123452433 24.609221160099167 25.479793257300468 25.620818295218697 28.787198971736387 32.05275101167497 34.16327137373145 42.3095199259334 42.26550988641061 43.674108407945276 45.50305057643758 46.65236344453362 47.71274018031802 48.24542889550034 53.51080822501082 -74.27646503083037 -67.85997825796957 -66.38499278619337 -64.19870121086589 -62.30519901780393 -60.58586240291661 -59.04970100173496 -57.55957528895344 -56.02614112353465 -54.476440368102125 -52.99650416804607 -51.34639035066905 -49.72842026236688 -48.84695802430793 -47.17148018606346 -42.156345609592144 -45.46265060456899 -46.849619448567445 -37.059554181201136 -36.273049414943486 -35.156344359306125 -33.206425060639376 -35.080056505405835 -32.35696315404641 -29.410168959779263 -26.099993173298305 -24.114836828977435 -25.168415543872666 -19.116790708083656 -21.57339330423879 -16.263124279240234 -13.11851639356104 -9.552036720781759 -8.421194563283862 -7.754185142037106 -5.971933594610448 -6.286390391576144 3.129356599699609 -2.575478146326923 4.57247510868657 9.638660984720634 4.024646823511168 4.584004841299149 3.776717264010127 7.001140610470678 17.89900019457546 13.534896449503474 16.383354401650948 15.153234180189518 17.922739864593797 21.033021520814987 21.910045976556074 24.548407616457087 26.52588728000068 28.425224817108695 31.486331927341155 32.155425221796726 32.02236944392427 37.843545611326874 41.706252085375446 44.914506360933565 45.6737710603636 47.0784780149354 48.455731582519306 49.27389133128458 54.982342104368605 -72.58424851293894 -66.0192365206232 -64.45028474470328 -62.163609779751226 -60.17356637291552 -58.625901484227505 -57.249279926650345 -55.45501022338358 -53.82432213533753 -52.293845781396136 -50.80707326385303 -49.121686648188906 -47.65402542972097 -46.56528846654244 -43.87036860451708 -41.07765142109295 -42.34303301528827 -35.734791007990225 -26.656297765499147 -34.5680011209081 -33.93482245678104 -31.919559520918344 -30.12672612608498 -28.26349320948222 -27.257749884831505 -23.307066377271656 -19.011275059453848 -22.52328709729836 -19.418001021372763 -16.711159332392732 -13.973397828319797 -14.238494274803578 -9.80421464511079 -7.7484297333717365 -6.656049162617064 -5.033463651515481 -4.318190096076081 0.6493806264805702 -3.783523046308665 3.817380305902231 6.530064419839454 2.228976367851447 6.995985940095783 10.449930521508334 15.273587003200962 14.312491163346852 11.266113041737551 17.702824217793975 21.082210784385566 21.278093865029184 17.246750163792527 22.643016078483985 25.507275504691044 28.168636893170895 31.38187373676021 33.632230051097075 32.91964575032989 35.268269077725925 34.35268906116082 40.0390954522438 45.53281689397809 45.65316848310768 47.352762538606555 49.1491019337382 50.26752822684998 56.410203652776524 -70.98792450954116 -64.40597385604408 -62.807281593178885 -60.48516108495758 -58.375257591233286 -57.60184277637743 -57.282758678675954 -53.8814340268603 -52.0601465101705 -50.46824612376305 -48.886968888929346 -47.208125381102455 -46.04717490809981 -43.531359356891954 -39.86176221339637 -41.430161650055155 -37.72428476398797 -33.81997914949041 -32.60742352485644 -34.52256525120779 -34.1957541100644 -30.33268983333024 -26.95026331583985 -24.624389736709773 -22.973988620447503 -22.84245154550322 -20.60428586886177 -16.266510610010112 -17.84560595298021 -16.003334161606958 -10.93967415575814 -11.233335954077631 -8.660395341773725 -7.022329775826389 -5.791766171548069 -5.32258702647968 -3.6560392031405153 -0.9255848932878585 4.771342936344714 1.4747907264925983 6.782947807131818 6.552354299391842 11.310381270160951 13.134988549432903 14.642733112451914 14.1017656574715 11.223415618967314 18.184177685599575 19.95924442458249 23.16198161386918 19.194235703237975 24.829048609983925 27.456346838371832 30.454654017538815 35.53598255836373 37.79563570500057 37.23334172642745 34.27967221919923 42.065396849901845 42.54776817235048 43.876935916851856 45.65159922213989 47.698643885979635 49.91888408153278 51.29285417977982 57.81384817413675 -69.49564515168746 -63.025301393544794 -61.45699943151842 -59.16008698417787 -57.10153002401062 -55.17992019999841 -53.6160250209712 -52.205875806715575 -50.611221685553346 -48.65375482455601 -46.07550561866866 -44.07768913985541 -45.85189582099168 -43.644824598721925 -40.29156758508948 -42.19182524408608 -34.24577622211574 -37.03245429192627 -35.86076445412614 -30.60242159299817 -28.02516752656633 -28.924466286480513 -24.56923138127928 -22.653888705949083 -18.546011661617822 -18.941138190904667 -24.420907179441286 -16.79252088104448 -13.33807858459936 -14.235537875231833 -12.410745895356833 -11.787884663994696 -7.608227040272423 -4.674110388176014 -3.447633582788086 -1.4396175549177177 2.624934626316573 3.4052015589280455 6.813316100518506 3.1317780080047277 10.908571620563126 10.669798608777803 11.62744777386232 14.267449073267612 14.16877454375093 15.885316080053652 18.03771123221154 19.51029064987165 17.163824618406085 35.561490587802126 34.87110500234646 31.81377406401801 32.00460760939831 33.468155478242274 36.885926863577005 34.24795635396777 36.66442786137416 41.82697162656715 45.81075830655928 40.50191168338344 44.9699718219562 46.237188184008346 48.41527360510135 50.87590464648738 52.41612216055325 59.212730972350656 -68.08577246071572 -61.76677572505035 -60.239136959490274 -58.00747966464695 -56.31323712089506 -54.00876782919164 -51.668026257884485 -51.03177032515128 -49.214058163031346 -47.672726844853486 -46.86915557193179 -44.2723826209632 -42.98465263060676 -40.939100162634546 -37.58453222017043 -35.99514013902359 -33.72568910823705 -35.16184515724751 -31.31404053708123 -30.179274516968597 -29.5831448028518 -27.447348110284516 -22.88430846961717 -22.27730158033755 -21.0794674696523 -18.146530723120136 -18.441356366855675 -16.500532994311772 -12.358372662635318 -13.249979825353453 -8.260901746679483 -8.313345374786401 -4.974454979291267 -2.640435107067055 -2.998914737678459 0.7528599294297786 1.0904149196226802 0.04744169038401306 5.935143845459233 7.801524190998457 10.230437540888305 9.797006022307354 11.336949488251543 12.223142301837177 14.769503576719176 17.558158572263306 20.98900887885469 25.819803614220568 31.58696430638787 37.98542786557659 38.51417400725566 37.54823087359498 36.240509965251356 35.89425066733436 36.785713260585844 36.83452291501771 38.04065994689794 45.7914200008051 42.29434285327856 44.29904296919001 47.040117617062116 47.32214358651661 49.518660106382356 52.075777485018705 53.69631577308743 60.65211656030974 -66.73666845796453 -60.519953439119696 -58.9920812081006 -56.80484301879785 -54.70460775991159 -55.12779361519799 -53.52930140852147 -49.79193284378024 -47.75518019741483 -45.21487803820014 -43.82467165502477 -44.06290287735995 -39.81458900165941 -39.40150001685442 -36.38620555358839 -35.036534684481815 -33.67823035894786 -34.84902515080873 -29.462088592541622 -27.67244727536995 -25.407472284920477 -18.034628423090055 -23.265034931002013 -23.901211463466886 -18.327787890901536 -15.98894558212529 -16.50956049899612 -12.043094442776546 -8.73002577879533 -11.744862147109282 -7.503781537036385 -5.837304365356416 -4.00802234800899 -0.5630638744145189 -0.6390033700057728 1.3677814701818751 4.7487237812221474 5.6065791328632395 8.915100314941293 7.790136490291956 12.489569529586468 11.44402237712615 13.048208953093383 15.033829353074374 16.987612282328286 19.875558052112297 23.931459368813158 29.28114934634354 34.93033369396736 38.46277227761583 39.35212861222279 38.848881129825486 37.655406499953735 37.195284050618795 37.78967325229518 40.44293872227078 42.18543947200173 44.92439516540969 46.1021573997916 47.62162872397899 47.416712806964135 48.84136899749085 51.049171544591125 53.55975310985636 55.19124613160892 62.17726945090539 -65.42285457743091 -59.2544484160186 -57.68970946300482 -55.5299798050926 -53.14357281412356 -51.90473508851768 -49.98186532923731 -47.891070492084346 -46.83957222763606 -45.249882537333875 -41.67941703558415 -41.40751768653781 -38.144649412212864 -35.18244814447599 -35.947306059682234 -34.7055763284776 -32.386679334444544 -32.115554095270255 -29.553488760964957 -24.42424683777521 -25.953909259469125 -19.754158277309077 -21.941558539983827 -18.770263594427373 -7.067276731436309 -9.678044420885742 -11.592503051423426 -10.611618660461609 -8.990323304089033 -6.543488409481862 -3.949558238600327 -3.150969739634269 -2.138927688228928 -2.232930459433303 2.184031147844112 4.384053408385766 3.9745064337537483 6.187987380317539 11.382950278508844 9.721972096922714 12.660669369067607 14.49688063765163 15.222340972601339 16.910997472313337 19.021380031526103 22.1586573759625 26.2701859429777 30.88981336044568 35.218247220887825 37.77522473000197 38.35280466962253 37.974614682550666 37.321720729253364 39.09752625296088 40.6068280151301 40.491114722165094 44.1531538522921 45.01680452276422 45.19596604734756 47.32116535789677 49.094904521328836 50.832828815221006 52.89980281521657 55.29032643607069 56.88386857563307 63.78434360369468 -64.11885225311252 -57.939874518908965 -56.30669214249135 -54.166207443076345 -52.111190237289925 -49.897939903997234 -46.471523704618804 -46.986995307733245 -46.55932043856493 -43.04860771735838 -42.46531473216073 -40.06466877020478 -36.45484704226986 -35.6760275395282 -32.32597723873163 -29.47411096161969 -31.492609623266564 -27.811042289749132 -27.213352624170277 -25.997346287367236 -23.623358806215148 -20.476665269757913 -16.596590033366382 -10.359806257358283 -13.16452543173895 -13.755204547813392 -10.791828211074728 -8.86940485090356 -6.617009677358575 -6.867339298828346 -0.4230242217265752 0.6539028640688493 3.5789300034957825 -0.42664929660037937 2.6654438018553055 5.490157379135464 7.50197445567381 10.172405337978105 9.845620781552851 11.545484978574624 13.275811390665 15.351863666697943 17.140165200653698 19.1263594576432 21.149737257642585 23.969266440950193 27.489907749836853 31.092878857773588 34.25076607531447 36.37173798616326 36.53652164561422 34.08392218362373 34.28297576632818 39.42029345704655 42.482725309708464 39.66108826017245 46.00001717837412 46.01214656710509 47.49784750568199 49.859075553348625 51.163219087515664 52.966891892187064 54.96372223510529 57.235289059988986 58.75698207578993 65.46949297823464 -62.77285120142545 -56.56345762075837 -54.86992082744741 -52.677892088161684 -49.288311999393166 -51.24462341748722 -46.61150710979805 -45.94361062884026 -47.00652442770755 -41.3670447722778 -41.164139929654574 -39.93890809973947 -36.93383614877359 -33.88357474479998 -30.48514948965886 -29.354269596862416 -29.817038718526128 -27.970331008683065 -26.84103600455951 -30.167867423750778 -22.85354608803027 -19.497005852550615 -16.179670393115774 -4.189029553360849 -12.617916581037466 -16.850878253636452 -13.295698268171979 -7.631347063935471 -3.792163364568054 -7.448779388170059 -5.024510956960725 1.9537823799944911 4.648408346565616 2.512353367613373 3.684491211629472 7.108207331116655 8.247084933774437 10.09927472786238 12.129830114277054 16.09512315669771 16.16840642573266 17.377842416892353 19.348550645939152 21.498656536905415 23.342116898823605 25.6438756666205 28.247728750437826 30.35955547023689 32.384371797112514 34.51110949324184 33.5156867062823 37.072308336071856 39.887213413952544 39.88682770617092 41.28855215923513 40.434489857390076 44.73687446927754 46.44808335399138 48.54712439626851 51.531728337203795 53.16926845778384 55.03327843326962 57.036005551012565 59.24038599277399 60.688721719156156 67.1788422451052 -61.33304113878562 -55.11241609128103 -53.40532316198059 -51.189077975308315 -47.25053095484416 -50.14011234013133 -43.925988699849135 -42.44931558846184 -43.42135235693928 -39.10085756193353 -38.65651747045289 -37.18291141862382 -35.37954001051704 -27.48605735800132 -29.524904121608937 -29.210061410969846 -28.99563951197881 -28.51016561369214 -29.222648750335473 -20.448568136127072 -18.370718706821222 -15.594194692678494 -20.408974256560192 -7.013550047148606 -10.244957197687356 -9.25103982484336 -10.895720652550432 -9.312485936312024 -4.454434204834075 -1.3382350189941257 -1.8478322175339248 2.1338391287934257 3.0603462219644313 3.736631868283897 4.541697958543135 8.202820732969021 7.8596402555451155 11.770781019543149 16.15393059161481 14.952735675851576 16.4073699647688 17.506022369445496 21.939308016389024 23.63332492026721 25.15401578539583 27.67783781234063 30.402016480974744 29.560615348058434 31.798089310244606 36.04297230424675 37.62601759246876 40.136626102479084 43.23648989881712 42.05399866376154 42.95155939715768 43.92843120184115 45.551064234095136 47.90717196666892 49.79693926171794 52.65688753258202 56.60765332206943 57.20945071106815 58.918896657446396 61.149577526318275 62.55720764235695 68.85851607488654 -59.82082658595305 -53.589608057139564 -51.88847595417423 -50.06689134213313 -47.15446581365836 -45.513128112191545 -38.28950029414442 -38.14085326658775 -40.811637001935814 -39.95976741472138 -36.75585763041146 -33.748793768002905 -34.4540445088885 -28.37199507337058 -28.867639258687284 -28.301956883201754 -28.060705005759566 -27.869495399044588 -31.80049358770989 -20.6434633811438 -18.149221910858046 -16.758910315864146 -9.965986253276263 -10.607857570995618 -17.616730476107218 -4.306654091615216 -7.082611952777167 -9.091590154758336 -1.3096409663242328 -1.6444713211678856 -0.7042338582881774 1.0877889417609763 4.077707417489607 5.3100734509333165 5.97541113448925 10.882327161953025 11.781316078755797 13.744900592349603 14.969373525017284 16.55188846703107 19.73558840424666 21.159594894159344 24.668466259385482 26.411868790312337 26.710640895722072 27.673946129470174 31.950575812900556 32.114076962105855 35.114001266030726 32.81506229539639 37.423514325704254 37.228318085745876 41.99355237006918 44.14338503501124 44.35392589062749 45.7382489502961 46.86884617629287 48.36300761598553 50.29572347077673 50.20431765593896 54.89016956229801 58.88374169496093 60.701305099653794 62.9403746293465 64.33066329466118 70.49349822837473 -58.257612063687645 -51.99764171067612 -50.28544297704214 -48.27329789866259 -46.789953384433666 -46.96944834921687 -44.69904650546492 -41.185648720340666 -37.951166287811 -36.989810308812764 -35.20350681640097 -33.21666857513337 -30.536115312143508 -29.949656982395876 -26.749372291613167 -24.867726569285477 -26.31418846542234 -25.258332532057942 -22.497927302094016 -22.031464798853314 -21.302128298673217 -18.423130776860244 -9.352976629147063 -9.322738495697644 -15.034540370718151 -7.034409149040089 -4.99233995154562 -3.6827459084224325 3.4693479808429735 -1.630856685499362 3.383632708196814 1.9771330581419484 5.082371003129094 9.266338468672735 10.127102173359578 10.543236702341627 12.850304776357625 15.199068367728454 16.866746116754292 19.452425126059655 21.000888165144588 24.135267413534688 23.392559423391212 26.910263519929707 27.05029869779941 25.57386215113096 32.20924346347156 32.23981111849157 36.03677238332332 32.81051646053522 36.842202150907205 40.00254033570516 45.02385547868448 47.09611242052848 46.44752988074903 49.32045463213405 48.45514684945925 49.038931818287736 51.54004875340282 54.09167596475869 58.016489829578916 60.41582706703221 62.414267082357334 64.5937910575782 65.97744447557439 72.06877246636626 -56.75395448855038 -50.467386004408915 -48.69170035013022 -46.17829438640077 -44.435703005372005 -43.349563451197966 -41.781770831749064 -38.58831328836131 -35.10334535230559 -38.34692850074276 -33.42635886690888 -30.538942795432046 -31.182454745059754 -25.967000165028406 -29.549598456019194 -25.718798433865835 -21.836340236776596 -23.213807101573966 -19.752398355063317 -14.859910117859812 -17.795564784954053 -12.140458670993787 -12.020554078728956 -7.818442386341564 -1.0550886107712867 -3.7902651022901757 -1.909535799631276 -4.185322462610729 -2.4359137896886995 2.0800724646839432 5.1521350931707826 6.118957420469483 6.938530211262256 10.628464499719882 14.328754351312025 14.515217442666414 12.389206324516858 16.155407144864505 18.924230516760492 19.105734658035924 21.74517551196928 24.68790428963004 26.104587064595407 26.98560749120597 30.58711083272279 31.15533890771747 35.526367577610635 33.3520263519785 38.04588053233041 42.93499346194882 41.076342580500196 42.76188191255336 45.58515022791333 47.38171674029978 47.96272149269796 49.2008967074142 49.04828502991496 50.265732247977446 52.97739657382703 58.18503321512814 61.110154714485056 62.090822379154254 64.03632637182524 66.17103513388895 67.55546854575519 73.59291002730443 -55.42041077710235 -49.130027298705905 -47.24277704116836 -44.81094793739383 -42.521703269576996 -38.71854038281641 -37.58195004875333 -33.75253870347878 -32.93295764662771 -36.18690622587317 -32.15195043960314 -25.619906491158844 -28.137027236970606 -25.049768586979866 -26.045189075314774 -21.468353300442583 -20.290086917259856 -22.30196384798632 -17.13465133844553 -15.177907028610266 -14.867994433335868 -10.82591969325738 -9.616522734188695 -7.942907884605104 -3.839563159504103 -0.07618603946584679 -1.321226805390595 -1.6037557953181731 3.606325907299567 7.315302644543914 4.04246134105275 6.696324828985093 8.233954807548479 10.83397998843499 15.847869123440836 16.9567948806912 13.719877022466015 18.796250309327366 21.63368620683553 21.20001312639296 22.88249196349597 24.75754723643402 25.965865109173237 29.474462876074035 30.366610212606894 32.526700020266844 35.0138292087203 36.02661737491027 38.94963350437067 43.31855193046924 41.83606453029962 44.33363652938928 47.7647576446266 49.449922151305664 49.47650440444324 50.087303762150924 50.732718113773586 51.9254285155857 53.936903377243404 58.06766692143162 60.94357421545023 63.422251669316566 65.57915259456453 67.75184543415267 69.12308763761752 75.0744821496331 -54.238945882932214 -48.020666843603614 -46.06058592949853 -43.647916403828056 -40.040251884749324 -37.987039811392435 -40.443626381704206 -32.325213736036716 -35.098750440435026 -31.491472745193093 -30.42744920906928 -28.105300165388165 -26.062060650771844 -23.692985925449953 -21.494679237847 -16.952868801038907 -18.25407868590915 -17.714516794391052 -14.993271694179578 -12.896759996901192 -10.755736852409209 -10.496519833264319 -5.117953720055852 -6.605177266779147 -5.568892837169507 0.925677639695203 -3.7752032012201604 -0.6596192455616294 4.225290756159739 6.282332964131195 5.01442158922133 9.16246504690103 8.713966137733914 10.847838863377522 14.401164401056276 16.065344087649155 16.39310023646479 20.185639176497777 21.24340557483794 23.618113327891493 25.00898984641124 27.13080321771442 29.106223087664414 31.485777361480743 32.261864175491795 32.924175987141105 36.30714066941115 40.397554214228016 37.89922680786192 40.34457385376404 44.41171944139723 46.02491630323689 47.59611620400872 50.97303580326369 51.03274961459909 51.861466804978214 52.73993485926487 54.735225997175064 56.97000532065958 58.77879687104493 62.126350510099215 64.99866198096166 67.19672795906592 69.36538359689975 70.689461456322 76.5158885207848 -53.1915247596283 -47.173618180376444 -45.234808641689234 -42.59201481685728 -40.23261338679531 -39.26243541015674 -36.92926921397958 -33.67933217147097 -34.113626291024836 -28.84746688222634 -29.89316463018008 -27.543507881760615 -25.767422896923193 -22.612124115723656 -22.731493894169027 -20.95927594180911 -16.75834636284194 -16.256053481536412 -15.17266178254358 -12.429460906448144 -9.776566733614063 -8.16016346040883 -4.344690914180832 -4.144508621076157 -3.8963300946170714 -3.2117045834611595 1.1869269863746452 2.8225527894285487 3.345160921083059 6.147024285089107 6.419812370798972 10.442635671639433 10.548456343967336 12.829459679376113 14.78967150386088 16.464720573121106 20.68612114108783 20.69710652137174 22.000597576821495 25.563309444775392 25.67875092223955 27.73903944832474 32.54570014509679 32.011228319197656 34.362009215532616 34.71135931752162 37.44102552094562 39.7990143684976 40.693047001062496 43.66200126879792 44.905008567203154 48.57449125460048 49.349392862926905 50.11267877441944 51.40228847275215 55.353559218613 54.659065931885195 57.52602399608347 59.72147193621053 61.836971887921464 64.47157292229 66.95599915432852 69.030524179055 71.04552485292407 72.26388283627485 77.91952882819201 -52.15123250814378 -46.40767457758482 -44.553755851216124 -41.851373056443904 -39.798922833362106 -37.82422154826683 -34.28198073979503 -32.745210609893185 -30.611375722910115 -27.443579249493773 -24.185440570509495 -27.14109302847922 -26.114922976066893 -20.479327418268724 -20.95885262940402 -17.270586234071775 -16.431939818942148 -14.416536839363564 -12.771889050563301 -9.893149318240514 -8.584074694931942 -7.332847889294628 -7.9144958180145695 -5.262617323830868 3.9138948669818947 6.960191045682638 2.455396897857099 3.7470622734120145 7.53742514532789 10.468038264403255 9.385412723753522 12.039299721349277 10.754670194666156 13.152541880273036 15.330326933852586 14.215570506830934 19.093492531464673 21.907288378400278 24.070839508598233 26.740004196627254 27.82263881808333 27.603413713903905 31.81415798955637 33.39306060512127 32.541405187591074 38.21277638954992 37.86084944997665 42.40750319411631 43.10627870321999 46.129839323736604 48.241406230935375 48.24934209304202 50.853930977960935 53.494807562608564 52.26478651930332 55.5972698878184 56.42667360737343 60.011901055656466 61.69553198456537 64.86445004476775 66.9106738280466 68.99023223991875 70.87760275694886 72.72212739586004 73.81776910160583 79.28640245955535 -50.99115422943107 -45.541283818581846 -43.79516605756101 -41.12361413839005 -39.59884236699943 -33.66991902805671 -25.82107966937479 -28.073955014470634 -28.862135443302858 -27.854796882078187 -31.54260043117004 -28.370352345039407 -21.50028998187656 -21.670221184589064 -18.641367203988732 -15.19355451562894 -11.009259727882267 -17.229953770881473 -10.67507427854101 -7.879479406918222 -8.299364125679762 -3.7903868531725857 -8.221849174726188 -3.6907969565157956 -0.6993734732881668 0.5798755756363698 4.669094767412481 5.392688975788115 4.901038605948515 9.71217173601765 10.948160270382736 12.184361418864226 12.945362882059856 12.631854917264945 18.25819458878193 20.866124437892367 21.87655627576184 25.107866688252326 29.196411983712917 26.535027422939553 27.983992786613573 31.78899633169905 33.557607346982145 35.724531001528796 34.537205642438394 39.31874787235893 42.60321104441835 44.14413415810424 44.69626012247131 47.689926032815094 47.39046600465637 51.598695190140795 51.8316991734295 55.31988623112242 56.54460745128672 55.79165851232408 61.33661445934878 61.59008581867849 63.53085093182845 66.71382312701398 68.12198037855168 70.6358200090742 72.53105879905056 74.3218321250808 75.32242576876035 80.61750880257497 -49.68035164085941 -44.472291792470934 -42.826067124631294 -40.222501336452034 -40.21903855989724 -37.5884514416412 -25.633673322428788 -28.813491041025628 -20.53837150514477 -20.624593540837047 -26.086873545016406 -18.3563552744808 -18.906845647486474 -21.96043913763878 -16.73219374992733 -13.317269404051258 -7.132086048097474 -11.203963622706784 -9.288281273289261 -7.536019106167758 -4.51723861980967 -3.7096510964329226 2.597074395049018 8.00721346759116 1.1697082660706513 5.701850914168571 5.930392446777697 7.194707048330888 4.098925997585345 7.631244904269158 14.528820608159757 13.312330954884638 17.999125576531934 21.565973254808227 20.151255825815195 19.691342657077076 22.94471718465372 26.411348809477644 31.340631816131225 30.30285754064559 27.968995674057076 32.1816444873375 33.445272321295796 37.933125321266544 36.92532623176914 39.84224321792699 43.49039754943693 42.23174199397584 45.39441459423777 47.83860890254463 48.6512514059162 52.846299108007045 53.93080444749284 56.06846124093071 56.383616836334255 59.38429489173907 63.483824203514565 61.367830348802634 68.88137084340286 67.1411443372407 68.07863312410576 72.13094908003657 74.04894149602228 75.8376910747485 76.76629408877437 81.91507985413551 -48.18788645979782 -43.098541527508075 -41.516975768234865 -38.98032663437496 -36.577190559874566 -33.057115576918534 -27.221819253344975 -32.37939133607049 -25.902968799971752 -28.06019097485143 -22.843474200184637 -18.991030898404386 -23.966414206387086 -19.29496483014101 -15.008173387506005 -13.340573105494459 -12.59314460298217 -9.078711682499392 -9.657431687375883 -6.344645476318033 -3.1027074113865964 -0.7692469971747146 4.954617134836318 4.6869305196805175 0.4713475983143206 4.341450445420385 6.869339790898367 9.18854805020957 10.201036921123665 13.946611601698313 17.998359238198304 17.123101470015346 14.919670349411817 20.801177127011623 21.16169944722387 19.799098235422385 23.476002873883647 27.72305387253337 31.605876634853807 31.347793118898394 34.053273945880285 34.63856298857874 35.660927332761005 39.676362457272006 40.349200232000676 42.29057854676396 43.86185720158201 44.71398142223107 47.64125890421537 49.748323227569166 52.747506253936145 52.76705006856871 55.87465158661613 59.19745916211052 56.665646792677805 63.267927769179195 62.93230405596419 64.87474246548672 66.70884837408745 68.78615435172928 71.09362997857446 73.60212471978794 75.52903785735056 77.26529617086649 78.13782526164623 83.18134761112022 -46.516821109638556 -41.44561260836515 -39.92053968570417 -37.560142544403426 -35.30502303271361 -31.845068975522437 -28.18976337428195 -27.238002795163496 -26.916342030911387 -22.533810310776218 -20.915940544752807 -21.373592081599487 -17.20828109507042 -15.97371042005454 -14.350551207655208 -11.956574233353644 -8.948908845496197 -7.321080514062741 -7.337367127469545 -4.911302249394196 -2.7671834764970384 1.8016658249295603 1.8227739424256473 3.09850566197889 5.573701365389261 7.947799415170201 12.130387138098484 10.519921866974627 12.791857793110992 14.640652669078747 14.869031438851435 19.404584570634377 17.91481663765967 22.420588953425423 23.38418391616867 27.779809608648897 24.805881913191055 28.57413248455688 32.40496543558017 30.5445256160433 35.93562099437787 37.133839026952685 37.054984500058865 39.42570373909236 42.31100397877076 44.18317254999897 46.07955233718508 47.749274187335125 49.02992713345373 52.939706971149455 53.00762713511717 56.24900645548562 56.724599157963524 58.73489957597396 60.88865249236337 62.452168377054285 62.7142710603487 71.15366541317564 69.07140758278732 68.38441190269236 72.6654868484969 75.07205623340697 76.92158743457966 78.58400976806331 79.42701689438637 84.41648033374423 -44.670218013774026 -39.53899644920533 -38.07339993933446 -35.82156657709284 -34.036250478651645 -33.279774279617826 -29.014947366035706 -26.953745703220104 -25.201711216163872 -20.62354183510193 -18.343059948026806 -17.266214145665266 -13.287834640211706 -16.37542384650656 -12.933256619112218 -11.388404473286645 -9.847706332927254 -7.385661084936514 -5.624724349241579 -3.6660227391027482 -0.9559721353280501 3.2863339514841323 4.057261608741677 3.9468888281220793 4.447635941383803 7.1481368711248185 9.32941532633764 9.632210089514166 12.041410118856362 19.11599424253593 18.302675563216106 19.522763066394457 20.560832566898107 21.166287819451348 23.690530816814444 22.836532509327707 27.664463141207676 28.684379999822635 34.4646749694066 35.75569853812245 33.40043508231622 37.352551117999056 40.31204329698751 41.08720059133396 43.95048130271479 45.11947587837037 48.24459594222742 48.90724148746164 49.21558770024842 53.084919911256726 53.38032540185015 55.7375266286041 59.32855430381767 58.77963714341879 61.61967721144828 63.94001259470832 66.39171031363566 65.79834622787021 70.63518980151775 71.83257164533858 74.31040391879434 76.38211346483918 78.14102513611239 79.76643920466132 80.62384085218883 85.62064628222149 -42.690515097602464 -37.4076972125887 -35.98238023350805 -33.8028951332838 -31.600744129045754 -29.209903567827975 -25.27653681998184 -22.234215937785123 -22.11379447769824 -21.359544956976347 -17.272878595944892 -15.151107614555778 -12.419320623969332 -11.691573050816027 -9.546553274726682 -9.615934533556645 -6.112479465094293 -5.3657283538111615 -2.52423698116211 1.4617054898830661 0.322682543518691 1.6202730692331813 5.919446980937954 7.608724308026597 5.853370616427719 11.013901222566876 12.364521332707836 12.036742879874472 15.74079311417298 20.604089777613712 19.229542116447753 21.943565823506813 20.16902439695468 21.001354231968385 26.792124513742014 26.690854953721427 30.397359062912905 31.3252402181304 35.22304914634954 37.07832905225732 35.03467093152655 39.92682047442898 41.6209321716647 43.50197880404992 46.078096337127576 44.64598924599293 49.004200327975234 50.18449557080516 53.17371279572551 54.50390501982515 58.29990945151155 59.083012526020276 61.29504943368019 61.867414945416044 62.86104050043299 65.57786159132685 68.80573593019217 67.1891134855541 71.18420610022626 73.30260392102608 75.44387419767338 77.4991291586654 79.21659385679797 80.83658385375281 81.74468311461224 86.79733773664256 -40.62015028652087 -35.08107447009854 -33.65303427698722 -31.489947075108194 -29.32437846204638 -27.160386296122912 -23.084655233815024 -20.86892356181831 -20.860080570663314 -19.31320920535225 -15.65097583625167 -14.540454332969352 -13.624373327870925 -11.226465417877776 -9.976068605115971 -8.354698383602948 -6.497990288148879 -3.721021356647204 -1.8071554712053624 -0.32696827237739834 4.765967689083622 5.805159778514135 6.4470339533270575 8.690361182430266 8.659507427761847 9.978862322193326 13.588878886224117 13.643548453158585 18.438399428954643 16.931560950199163 19.77880614673505 23.286846740221375 24.933870427349607 26.750917957426715 28.77600576479516 30.1560168704699 32.662664735391886 35.925234371026896 34.90708260670901 35.88404756100043 38.972637099543455 44.0070816893101 43.660905066546434 46.265405167354395 47.29827310424332 47.012972825521906 51.069854855902896 51.47307633683195 54.67580183197514 57.0805078260195 58.97393226007024 58.362862071222054 60.50430269314627 63.79509577416551 63.305675840213055 68.1208483817856 65.86019396870435 69.76461675804529 71.68833594171775 73.97594039906274 76.26713328742284 78.36607846031819 80.12417171517654 81.81360473007304 82.80593508389727 87.95004697709787 -38.55681144158419 -32.747167702188925 -31.30955439930607 -29.137739476111186 -27.084256742578958 -25.138996061558455 -22.463207938262737 -17.822136520514345 -19.442516662856985 -17.266037649164932 -16.118080278904664 -12.628987652422754 -10.239459456537947 -9.70182107538875 -8.704862836266404 -2.781479669597248 -5.444859631496576 -2.765457379312142 -1.3497877912470648 1.4969771597906658 1.9946467185573016 3.932557742067652 6.580902653287967 10.278410206686063 11.294696884986461 13.605124835794088 13.795734759863334 16.147183917590837 21.058851728091426 14.860656327699191 23.01582049026323 25.290103534794195 24.728828846094995 26.530000127706188 31.93105799791302 31.154459088792482 33.21549460132939 39.00132554680336 35.07579376085876 36.05317444624636 39.2826223950848 43.82334862667907 41.31661229127802 46.63316935692838 48.8165149854423 48.06273507369164 52.116388304887494 54.41017479155543 54.40221439843557 57.66169793292323 58.36955788085272 59.12415626262996 62.96692016561453 68.54867702386233 67.3949812877978 66.52292611522277 70.30060682053639 70.98930872003918 72.45974089851335 74.87714734164955 77.11302433009075 79.19828539067787 81.01221888053087 82.78973765316782 83.86596356475472 89.08949146681657 -36.59818642383141 -30.593833026625052 -29.17210984088247 -27.049218942110038 -25.179215079608632 -23.503476003289734 -23.860057419367575 -21.40834310999161 -16.931416548059843 -12.551137514800708 -11.647730142833066 -11.936028694311917 -11.1681797377057 -5.928129024531951 -5.713740930759548 -6.44871061491951 -3.7153248394153073 2.8583666302524318 2.942293349545797 1.8418128473673687 4.922127937693872 8.36811054067301 9.035063475294777 11.530293683891642 12.612955065388672 16.427368801142176 14.008260122731905 14.943592281126769 17.90995889787016 23.13012063301628 24.32298717013325 23.456478132619306 25.75304893097167 27.83465374765609 30.57789845329632 32.36995815653399 32.712872965503536 36.59474951613401 39.78702916603022 39.59610718849686 42.06344407955029 48.42916774794834 46.6544052360106 44.738803946293345 50.50471407953514 51.489112513160016 55.275040903227314 54.05467293133598 57.879498051699194 58.72929534650079 60.0249121540293 62.723886412491765 64.42262339894143 67.51727016242212 69.11204099577112 68.7368180102704 70.59535423819197 72.15935808983193 73.99994397871176 76.1645658098916 78.2570605129442 80.2429988023995 82.04883590248646 83.86281429880853 84.98314310299763 90.22638866903536 -34.76179680555414 -28.651606044800563 -27.27438799068309 -25.232933463243597 -23.515028283401765 -22.098403614006436 -21.57843858572275 -18.104216307766933 -16.61914574926541 -16.96704568047005 -15.002088309248709 -12.591817072804766 -12.787403809531348 -5.292265934754146 -2.3372733971473756 -2.625480811190219 0.30311687598562254 3.124748015154989 4.462914417320901 2.6834749758094123 8.429812736023203 9.752909958154442 10.922939032255517 13.419778419226937 12.11774592521963 14.993905409732097 18.294452012569163 21.17832828697141 20.780649341306404 22.980630254550952 23.82980360795568 26.890906737633298 25.847001745036042 31.55785086642539 30.83234064139699 34.47071381230324 36.69412686666895 38.10809687032466 41.3966957085453 39.99657353072007 39.88278078984359 47.78901229616124 50.023699347218546 48.73172150809871 51.71857561307709 53.105948057128195 55.70367842501091 55.27336414992389 58.478793318470906 60.69599366414082 61.06666702905674 64.57178076070069 66.17884105023879 66.15592404400917 69.55292322013949 71.02367624821682 72.08389047432618 74.17432436958656 76.02982728611536 77.8464702404127 79.70248973311831 81.52196252771527 83.25462992108841 85.04093632461175 86.15964261818439 91.35729408711063 -33.06516415882379 -26.950659582199776 -25.632250616409948 -23.657743411875675 -21.922577693462497 -20.281490543097668 -18.7179194603376 -15.94372986821834 -13.05281143843239 -10.258139052178375 -9.447449339704015 -7.165482152416553 -5.18793574934122 -3.479458340031747 -2.8603551375944374 -0.1584428530437584 0.873523620897556 1.9738573668000396 6.344251715554147 4.698974769730842 8.040331633847794 12.656465464543892 11.981505850452363 15.544135494286355 14.964170957185086 17.020657915837297 19.34355680234513 20.92491809126886 24.50187255648478 23.849245761471646 25.005367184716917 29.949928510597385 29.94554182046254 31.107646887042247 33.2124339852688 37.59937183745671 35.68951026115459 39.64611047467251 43.15458917789241 42.54678167468219 42.68711228697915 48.85936525333103 47.87880147435194 51.170217073337014 51.29062804944591 54.663206479559435 57.626504347204225 57.84222413247498 58.52327785790989 61.236503144938375 62.97739902304848 64.40424419179847 66.71805291731108 68.6966485831913 71.79540400379857 72.78420599782118 74.3250088324437 76.66125927522367 78.48086110096496 79.9172322326379 81.48254735076158 83.04961327423658 84.62942087176306 86.32979989384957 87.3976553972076 92.47876322451054 -31.45173185897731 -25.377562741564 -24.108110632816423 -22.14642328894486 -20.306389992198184 -18.332648995969986 -16.308530367133052 -13.913533852967202 -10.34308806217977 -10.900250379835487 -9.26682501594387 -6.961913039720416 -5.397077071648234 -4.387688594084127 -0.8862104341265931 0.6728961166570419 1.1067788027340004 5.23323855074298 5.044135241125301 9.633904315698516 8.95321464086199 11.434683753354383 11.954779327447671 14.765458277292204 16.99597522491592 20.19615223501453 21.69517815525338 22.828414229114475 26.109623407735132 28.24803526871751 26.247088068115975 33.34651173279211 32.637954938688196 35.314012708541476 39.00614830884464 38.422539330122085 38.58647813560621 41.85191094242513 45.241272273228226 44.3411989488 45.441333674735425 50.01049807762901 50.1412526223948 52.47942397077592 52.40681367849171 55.89631583070057 59.90560261857889 58.55393432646864 60.29900021384851 60.471996376289276 63.151352564127315 67.59011200097254 66.50385642556432 70.78938132704344 73.50413319364738 75.08785832230781 77.45371674341098 79.40008616821638 80.83888087228566 82.05735521554124 83.30420312524807 84.63542001603349 86.07066377931159 87.64009984009503 88.62396937069572 93.56789785958769 -29.864943278287228 -23.81904017540499 -22.573533666634813 -20.608060657569975 -18.744527884787757 -16.68257852551198 -14.558984746798744 -12.341300645563278 -8.856500179025502 -8.269565250840879 -9.56156570445269 -5.794145933224569 -4.120644503830085 -1.8032954535578736 -0.16516710693702458 2.6867121464263493 2.1995035842837725 7.160845072530773 6.490859996530058 10.460752346404702 10.4529129771371 14.049327635928277 17.881556084701295 17.047479210030602 17.03771263603184 21.57159639848765 24.317916770436405 26.232130203705186 24.756813474891924 27.4153552120357 29.38772913976614 31.345968185854606 30.52874067756136 36.294079743559614 33.68294877655764 36.4854100928385 42.32128722002959 44.483330114485426 46.119159025750044 46.90550825702007 49.28861760157493 50.78271220806306 52.31592460238274 54.49159190456425 54.74052864094496 54.97770993544837 59.06732020165172 61.4003069948652 61.44415217426626 63.65987846819787 65.31176583237908 67.66605901426978 69.55974422424691 71.1421853695059 74.2614844410235 77.98801730954371 80.5877455324425 81.7846209741214 82.9045810924454 83.9244202520946 84.91598405384018 86.0832171356567 87.46047282739032 88.8846773302425 89.76545237628106 94.60179977224406 -28.289480093800414 -22.250320835574517 -21.015148375763342 -19.04979548968977 -17.157588342547694 -15.07876786626879 -13.00118194320533 -10.93561730742159 -8.222594805068036 -6.3512749806085695 -7.533937366665567 -3.965689339987405 -3.165954969043734 0.9543301160410609 0.5715298862794669 4.775681843087747 5.6579308847833945 8.791699678558091 8.809658867625176 14.266420162324904 12.4475498079239 15.233593163006327 18.147733142283435 17.92712791747964 20.82702781408304 24.241283987186474 23.12883051856405 25.93657084206565 28.391483275910176 30.92598940307858 32.66314696497999 35.73964995439721 35.66362066068105 39.06970597951197 41.6050087916054 40.772748976227724 45.00639245997736 43.794639970311174 46.77625765296246 47.71296944743871 49.553274397660466 52.48542935068857 53.55955199752465 55.44538306632396 58.88077828463356 58.55731298201939 60.045130272927715 62.81151757881765 64.60580419638747 67.79329068559541 69.16008314017387 68.76287224298859 71.59716495227475 72.59884238577983 77.40120596391803 82.19553482810494 82.94294192219438 83.79668068414257 84.70978557599715 85.49459724595131 86.31122993704574 87.33637759446943 88.5511282402676 89.93260281948055 90.80896158768974 95.57953231805043 -26.710023939884746 -20.64662038467925 -19.39584631647551 -17.391802683412433 -15.448796471092596 -13.307113059834018 -11.139405837901649 -9.019540974069653 -6.807151696827713 -5.301176232697538 -5.430621749089815 -1.2496616704119023 0.7724410865079417 3.1328893606518102 2.4496425129047936 4.840240414720961 9.063874089931499 9.655912127502857 9.831166479980071 13.723955213960535 16.060878472478223 16.906977427959585 18.150920598991267 16.452346101583025 23.020440665926213 22.493753940144245 25.80468388342715 25.8481100387913 31.445450592504 32.804728193169424 30.927432359112323 35.849255787955116 35.7590000764212 38.73899100061141 40.787060736972926 41.417897526741335 43.22005610823599 45.996671053479815 47.64957057975358 48.67883409371425 52.70139678574074 54.204051388388784 53.60384331809468 55.46087477769433 59.55826777107528 63.45117759415228 59.23076993601364 64.92141519885794 68.92064948371032 69.0475899300663 71.9335137928576 73.0363088574753 74.75362334502292 76.95786340790559 81.38813475580432 83.59973845233509 84.27080767067791 85.22931459175064 86.01876854594977 86.69660124091287 87.42329303442389 88.37103385978052 89.50107877837009 90.8614329438109 91.74302968056365 96.50015887414897 -25.1382079583783 -19.04142503302227 -17.780359753094523 -15.739404023280146 -13.740976863800999 -11.548538746065862 -9.301471942179333 -7.087825918161556 -4.995044313413383 -3.2037028419144806 -2.239626330184291 -0.5985422628779352 2.597744860838244 3.023797395232505 2.338589196988772 4.230776429747121 9.374641436791832 10.34688970899106 13.98592028282044 15.653315524264276 17.2789980083381 18.874344096388928 24.93795357665858 25.3287526399988 27.36998092034563 24.159158862980515 31.926199908681827 24.616057743955007 31.10187379298801 36.2314858336596 32.73234094593206 35.50373189016432 34.26232522631257 41.71592943485312 43.316761292010824 46.64611367407833 44.71946035758341 46.33267307477262 50.607736999226994 52.277541051711644 55.132850164323706 54.66068957554914 56.24215493696165 57.28764292283613 59.36434830179609 62.476685495584974 62.520741953771 64.664259757219 68.1192998280012 70.44585090369979 73.21296780042024 75.81547741908807 77.60175517450816 79.80868410207731 82.13858901803138 83.95937628042138 85.21681546401152 86.16575514406915 86.92609294734542 87.61480075818963 88.32611876163001 89.25963713358618 90.37600349023421 91.73018681088533 92.61541848765458 97.38351045513666 -23.585664696675803 -17.46756669192059 -16.207007845743206 -14.151950223312513 -12.128140923117266 -9.916541417411894 -7.644997013321126 -5.404781655887199 -3.321075492209204 -1.4757560587232963 -0.023756284317675846 0.7542869526839941 3.1502513357875515 5.789726507143156 9.273673649465838 7.392922009374137 8.914165851555197 10.83655323214305 14.120592747919337 13.994761371079468 15.696480625033074 18.284801254654752 21.134583427185447 18.65069444677742 24.139797044889345 26.139159978756624 28.928389049568064 31.060183670915723 33.26657242675754 33.80474871533843 34.699324684656354 39.907279581559806 40.25826711830054 42.24776096337911 42.90776064265238 47.64662655997356 49.144601143066836 50.75193110215765 52.41921188557744 52.44777223204964 54.22953503093585 57.28852653494229 58.33299567916004 60.691619509185564 61.95781403587957 64.07921319327723 67.25856232671336 67.33251878405343 70.2641684166951 72.93860200460126 75.36972135828834 77.5437260178616 79.51890145739168 81.44764351797502 83.26111085152215 84.702469808365 85.78867566840329 86.74032184049639 87.55678933018393 88.3328997928886 89.11212851514824 90.08739512789309 91.22151570784258 92.58481971344798 93.47373715396762 98.2494183760611 -22.048460799620393 -15.92372851603341 -14.680581833774175 -12.635184108029627 -10.61401121635628 -8.428735628271893 -6.195524952290484 -4.000038069813855 -1.976237243948932 -0.27244792178976396 1.1070556819966888 2.4537250655967497 4.04859170529515 7.110968431177763 9.45385364617142 9.719782940528601 13.24637734051953 13.928286450350678 15.144754078757153 15.595522663063289 16.967752464280668 17.713217801924777 17.172873129734615 18.819222373635245 23.877013196668745 32.86758667623565 30.028207725610468 29.489011835344098 33.539151996989666 35.58481344156786 39.19873311680073 39.23602451340357 41.66439477202348 42.73524760201949 44.89520074924447 49.04380942925079 48.14755049645606 52.249663621024744 52.63203265641719 56.615428223564194 55.9147078448226 59.51089389530966 60.76300335462282 61.2220511266786 61.8035152304376 66.90290177129256 68.15829033460926 68.70078396555493 71.78077596295323 74.17943921942299 76.52322562259937 78.7454052347765 80.60834221060695 82.30300050656079 83.81695532469784 85.07007905025866 86.12580999416575 87.09836073886295 88.04818637332266 88.92375948180077 89.8161634353738 90.8751547146787 92.05190221403262 93.43489189450376 94.32801295089268 99.10637886099003 -20.522654632523984 -14.40633451823041 -13.17799935711663 -11.189774315287961 -9.225857365260575 -7.116315971289163 -4.987433368568064 -2.882959310414637 -0.9512177544469046 0.6217305829288242 1.8836361490506002 3.0230358318502866 4.238213839528641 3.9897484222722523 1.490085957624012 10.498119771432378 15.53002844277553 18.20782243060864 18.717070934264 18.171439757390136 18.754828020561572 19.35889716881968 20.332484353169267 23.09863047173771 26.729635258304047 31.000468961442984 29.562722969386186 32.98967491013846 35.47298005970947 39.79204857912734 42.76719541546878 41.073326152978346 42.50342191880468 45.11741948983504 48.92027034846666 48.76301941694568 51.32286024945772 55.090994528501 54.62473063860985 56.86717521774707 57.17829320529286 61.34545049567011 60.78069740658908 60.59930033928227 64.69091348510972 67.87973889317614 68.9492011379291 70.67274642262406 72.8410060537157 74.89932749605576 77.06579035634002 79.14833164274411 80.91142358793195 82.49432691518896 83.91477686171491 85.11780059618536 86.21178125973059 87.29890571285736 88.39310757892763 89.43356425737733 90.47843684671915 91.64642767733052 92.88134717834224 94.2898950050277 95.1882774094406 99.96289231872017 -18.98116646983897 -12.878238713753165 -11.68954862475819 -9.821860723875176 -7.887237736518057 -5.84540282607304 -3.836531308500929 -1.8661358960634167 -0.05169747968766547 1.4757010091654927 2.6995544371796636 3.7536550932963766 4.887739662577587 6.3990386285863305 8.5336541518006 12.471916854963723 15.466848376714344 17.763670358511263 20.314490605358458 20.33527626861958 20.41414512128832 21.126815060460423 22.33771905358071 24.707396262332285 27.740749908068562 30.234803296934007 32.09831240822486 37.62028569270691 35.54868330187075 40.176165363847325 41.46755311230792 44.63602511968843 42.64951599125516 47.88352802595514 48.55933865912739 49.07029304887026 51.36758660810375 56.01169978708246 57.773584953581555 57.95185299088581 59.55087727499814 61.64661452146233 61.57623733584882 63.87286184969504 66.46874247602109 68.31259402882506 69.94727609588863 71.72782234099863 73.56339302264084 75.44017930320688 77.36657786650322 79.21241387722094 80.89836285136575 82.43764425161517 83.8460962852148 85.10263703051359 86.30828463786897 87.52612436809652 88.77097372591024 89.96646422932872 91.16183811748525 92.43737365003184 93.7300399228245 95.16296090847975 96.06566724650685 100.8294820648982 -17.39680126702494 -11.29942748450916 -10.124368224797058 -8.241708282947096 -6.407936287850454 -4.4632421113245115 -2.5626423741379214 -0.6940811114966082 1.0573000591584973 2.560310830256987 3.8198212493848507 5.006027096029441 6.369680734697649 8.30854465610098 10.887848760919923 13.945302068563965 17.109329297223976 19.35948168789559 21.090977068796896 21.471790590287192 21.778717221343502 22.66586689277089 24.19532482566464 26.356890680831132 29.13715536059235 32.040313524673635 34.604171196555455 36.72656668084984 35.60216850923181 39.40727857619628 44.48192335877056 45.59433214325639 43.38742956578292 50.514473320838135 46.87925200513461 53.78254535668428 53.84990562475245 56.631520649789735 56.9582987038559 56.296023542896435 60.55430089962525 61.400675157333346 63.3126552632047 65.92242930524856 67.49133826372422 69.26993343244116 70.92879348771054 72.58672592996108 74.29466018622206 76.03146696733502 77.78074628283309 79.47225908135691 81.0708777286286 82.59073053989945 83.97752786898711 85.27908989383663 86.55976655114917 87.85690358001672 89.29064411544053 90.61790404715342 91.92609578114725 93.28276225180537 94.61819626701678 96.06728332487106 96.97138048585585 101.71672970090924 -15.790776867524603 -9.688261021886616 -8.523966236254587 -6.638480250530121 -4.865120217107626 -3.0039859287723636 -1.1612569704305926 0.6559171545540234 2.3883147806391225 3.9039431108461535 5.228540416102314 6.62988880620834 8.266163017807886 10.413521374103373 13.034836891242325 15.801800554841023 18.517817008310182 20.53837683521715 21.81498029830417 22.670293707983845 23.388052477343738 24.60336124448363 26.319792400682058 28.39894954899286 30.978812433524443 33.81678431275197 36.654739390695575 38.90633973537058 42.42568247773734 43.502496607 43.81897668055402 48.56395574818424 48.19072360865787 50.892738238644704 49.3049542146325 55.85159073418755 56.059842787517546 58.01416976361383 59.474394919717376 60.09363126593684 62.29570253997882 64.8281550527763 64.99782465039077 66.64418803991022 68.48866565296288 70.31374783688584 71.9512409427525 73.51728185315132 75.14047323133713 76.76621936084227 78.38384462338642 79.96691707695668 81.50326554904632 82.9796793801823 84.37799715441304 85.73124195939599 87.07663774141169 88.48416729186036 89.9576359726313 91.3819698962668 92.77011657581505 94.1758540732716 95.53522322187504 96.99078282548552 97.8928501063068 102.6127463970842 -14.18270492841823 -8.061710646448674 -6.902736821076171 -5.026479295884376 -3.2650301017371293 -1.4138402591904682 0.40447048717965534 2.2182933454280716 4.002797069487804 5.586933576196816 7.042865745572378 8.588536511932931 10.295584076404815 12.4588395944075 14.996122616651082 17.49316629688146 19.880927605260254 21.81813107650672 23.26712569834871 24.375119758711207 25.448362295541088 26.938019039886974 28.767972693402342 30.898487998936428 33.33892470176934 35.944428278138645 38.65923896384365 40.95510458684831 44.755482268827876 43.43349005692304 46.06268517620853 47.872917480167 48.87160304683368 51.71223945674479 49.41444699242031 54.11550322024097 54.884661408979085 58.774560532140846 60.64289644379634 62.52819843042768 63.59669014260733 65.03873095017944 66.40335115624956 68.08349006077675 69.7686702487507 71.41857733996262 73.02412170930943 74.59527447207103 76.19232564455288 77.74762569344028 79.28906270960155 80.80693615558128 82.29252139273984 83.72700298647554 85.12610375725527 86.51320052779116 87.90444329288162 89.35536057985618 90.8185499063713 92.26943185834956 93.69181490496761 95.10670705281663 96.4703720835933 97.92224938424138 98.81836298187919 103.50645513935517 -12.576828898335965 -6.429080583477189 -5.2738657475943125 -3.3940968460542225 -1.6245790919787333 0.22437076098622233 2.055598237464365 3.886357610335103 5.764352220675848 7.450654093990884 9.018566189192043 10.689932492795723 12.434719171854224 14.463661675432538 16.777987240492802 19.072064498014456 21.303235941018027 23.224407489702585 24.837567081764494 26.219241228168706 27.709606557666635 29.401770810716815 31.2951058134157 33.443702561553 35.73929079246695 38.007531421565666 40.49254855440277 42.728521573484194 44.960326732542846 46.652617261476024 48.46095035494495 47.88814122645037 50.56562299856541 52.61450558876671 56.377758503081964 57.610333482204126 57.8719320254511 60.14864149372528 62.081755446382196 63.63419728555125 65.09556950313052 66.23804721785041 67.83012753132358 69.47362045881549 71.06387281318675 72.61715474378471 74.1795653880489 75.73876770896135 77.2932795938616 78.8327517090375 80.35765578377976 81.84829038388786 83.28710299718588 84.70434123945421 86.08933862432555 87.47588317247363 88.88970918547066 90.31862862171054 91.74817271007599 93.2192604582854 94.62929374755137 96.04416423138815 97.41166958848234 98.85332986327539 99.74088369343795 104.39338913541809 -10.955020935832525 -4.776587717374024 -3.613600976386218 -1.7226220937082257 0.04367401655661786 1.894563592141926 3.724728204824173 5.571203993478684 7.479598101075911 9.28780727896311 10.947769977526152 12.628145795190182 14.503933194608889 16.45323297326765 18.55009416909024 20.660319856301484 22.739850427815593 24.648552014910205 26.334903892503178 27.971701019336255 29.71449634413503 31.673662205192155 33.740812557764954 35.78289316748628 37.95024360325064 39.993764605408394 42.064201379857586 44.194643517111544 45.92357546892244 47.43794090325498 48.75978568749705 50.087221003143306 52.118881537464034 53.50496901765726 56.17905338161829 58.36903702787624 60.10331799814701 61.8495603494498 63.43036728254251 64.80269836976898 66.29113532495253 67.83636359210537 69.30253791775716 70.80317778637213 72.34320017407892 73.8627904980609 75.37882066970079 76.9105423823695 78.43859363703001 79.95196257145828 81.4307988777482 82.90683293724761 84.34200218167604 85.75475626188307 87.12925966518328 88.50424458773158 89.97329486933663 91.34613711589856 92.73825442215808 94.21631063167024 95.61240131706057 97.01402295662623 98.36318625992861 99.78724480409983 100.66526995603925 105.28038872564603 -9.544617732405298 -3.335916697759329 -2.152767615952243 -0.2507695538331738 1.5029825559694057 3.356228054895086 5.213018134977917 7.084278356578546 8.990472142610782 10.878551669409049 12.626685772374977 14.356103298299443 16.19385232505533 18.08679840129959 20.047033193844175 22.022741910466316 23.985033007152612 25.911765202867418 27.74748442940438 29.590747296314973 31.453725752607376 33.483662500513745 35.59232521286269 37.60555322021282 39.634098943141645 41.4913711966113 43.355571069021934 45.22402591309694 46.943721687075005 48.4052082793633 49.8261124211594 51.48028852450785 53.24052065675821 55.23671109420963 57.27764806302471 59.411875497734755 61.3194851926631 63.00306393848963 64.55038959093406 65.93433527390475 67.4117332377204 68.89578814690206 70.40253255590255 71.97228397844809 73.45461873843675 74.94661759044699 76.45345683246954 77.95239965624909 79.44387772592603 80.94018888955655 82.39199210109896 83.84343097198182 85.26689979832243 86.6774475276965 88.06022689093604 89.36084197855462 90.80167447147596 92.22270957220307 93.65645219328896 95.08186463745758 96.46426707654203 97.85726907386773 99.18462075945186 100.59744953662725 101.46875156217098 106.05153765725218 -8.26136410485955 -2.0252770815960033 -0.8576132284622023 1.0401514014006747 2.8198859367665294 4.681546768137606 6.548928986775654 8.45428715428669 10.363172150298174 12.237400968360209 14.024822273663148 15.811528447828499 17.634795065893112 19.483539609891206 21.37893060397538 23.293670479412 25.203129304994082 27.107735832254544 28.995970972855268 30.890477384901217 32.81393675054789 34.80280944139683 36.85196329515 38.86800176150343 40.839050763223334 42.693860865884986 44.50511391309013 46.246942098918495 47.960328523313486 49.555951472513435 51.149783044015315 52.82223034252842 54.579735617035205 56.53768719162791 58.5733389322984 60.54377138282289 62.39586656045116 64.08833536095764 65.63305514917243 67.0637246462876 68.49609349831746 69.90503255142649 71.42958543605981 72.95103188101724 74.44022618202355 75.91640949819626 77.40075029432468 78.87474393205093 80.33914321269617 81.80732382016902 83.25514365283271 84.69039782723479 86.11506229034603 87.50708783623494 88.92622012902221 90.26950312435946 91.59098982646984 93.02426184705904 94.46632321277424 95.85300838025672 97.22876490729008 98.61008212849335 99.92694791572082 101.32892913696246 102.19421228141378 106.74840771933115 -6.989578710565771 -0.7304263699747036 0.436174728512612 2.3333281673512585 4.110439691177423 5.970490205590547 7.83206170431209 9.74040104982795 11.667445746300952 13.548683873915264 15.37085437443573 17.172256231013108 18.975045450913914 20.800448636237107 22.656456012201065 24.5302593040239 26.41367926190703 28.294938838451916 30.17569411286085 32.0705775107789 33.99013478507593 35.95234745219967 37.94971448972088 39.93546618531811 41.880276395189505 43.74900955556292 45.543362509279056 47.2911087661825 49.01507890276925 50.7237005457326 52.44621680634828 54.20095095256975 55.997113080265 57.87223997393198 59.79572910354124 61.6735046827031 63.46545310329449 65.12878862381226 66.66607788179168 68.13085040763079 69.55965523612664 70.99970537003348 72.4592201691701 73.9226776269451 75.39182281011178 76.851988176752 78.30872224863515 79.75896831100337 81.20390844522201 82.64764635708994 84.08111325346515 85.50465484165309 86.91912736517862 88.3086246184167 89.71249163081123 91.05722959962044 92.38334384490574 93.76858224958926 95.1985964146977 96.60581714238567 97.97153844436878 99.33828527054732 100.64534732162197 102.03746644683333 102.89695363176166 107.42149427268295 -1.2736652512808149 5.043892910447212 6.209789240520295 8.107466223711924 9.87901459366279 11.73045960489147 13.58042304410941 15.475235232802408 17.392052376922432 19.265231015008023 21.079847200840526 22.864244621479198 24.63434761476895 26.407404475184386 28.191601891828263 29.986135332099796 31.79188422177752 33.60893476012724 35.43773877957706 37.27901817700355 39.13302229135913 41.001278450639276 42.87895064098503 44.75457095575188 46.61879332854322 48.45957084417625 50.276420960150666 52.08028398687044 53.880052239091015 55.68952191408488 57.50765128623598 59.31869065200676 61.11142556364028 62.87486334875881 64.59971816547093 66.27931093945882 67.90318099248991 69.45157671471073 70.92801301780558 72.3582856978172 73.76287486579976 75.16737970764271 76.58031458929119 77.99400943220371 79.40426436447785 80.80474291251126 82.19430398546947 83.57639817138943 84.9533402805126 86.32856977396011 87.70147079124143 89.06771837868064 90.42388781593553 91.76421035392954 93.091934083458 94.4134430203527 95.74103600984196 97.10005861647906 98.48235354534673 99.84287435501909 101.16784223559685 102.49217656439804 103.75900788051047 105.10721632975623 105.9394998600491 110.31481813176337 150.39476758826135 144.1352652134381 143.00023221369997 141.15160063170083 139.43962542977212 137.66027083418078 135.89502696717085 134.0993959207173 132.29762251834958 130.557031743803 128.89351358843433 127.27924086067877 125.69831098037815 124.13308813761667 122.57421647352717 121.01883952060149 119.46560991003946 117.92632123441972 116.37499594193761 114.74712606226358 112.99280319982073 111.0329033773465 108.91533248498814 106.81692219824093 104.87942564964037 103.2760048024245 102.05752116111455 101.15822912728164 100.5256049964292 100.10235126927986 99.78314197346967 99.40806614615626 98.83337324753573 97.88069465596321 96.5074622665539 94.78649948411416 92.83423083664348 90.88267366988346 89.00742586709522 87.15050181733028 85.28445417646601 83.36225993219517 81.39385206822102 79.44525981432248 77.56485360350625 75.80949834573632 74.19333305028265 72.68825309310331 71.27358305989154 69.92354367149069 68.61742252656417 67.33843188903074 66.06843557330363 64.7904090407657 63.48189525224382 62.11500445637546 60.6621736566743 59.07956406632747 57.381204848410505 55.64943217110927 53.90815604280722 52.09061196183237 50.290744996621896 48.223129083370814 46.98122320549462 38.79620401500968 141.68893328727543 135.4349722740154 134.30120755288672 132.45348039950267 130.74020073320668 128.9563255150633 127.18024697953791 125.36249228695834 123.5165253898354 121.7074460920424 119.95095508850768 118.22413552987669 116.51751281366867 114.81716352987283 113.15402898732758 111.46946748316012 109.83106961815979 108.30665948301193 106.85416895673703 105.37245203067621 103.77947555905502 101.95401217456329 99.92536123001229 97.86295462865048 95.93336722651176 94.35636237039199 93.18917737638245 92.3762444972329 91.86334581978251 91.64631602938663 91.53349037811259 91.17397230332016 90.46308982397828 89.41045764023484 88.0585334915783 86.5548553102925 84.94640634810996 83.26126365250363 81.51230636099055 79.69672634860405 77.78095588606571 75.66418557804352 73.36587814153357 71.02814963935745 68.76248772535301 66.71436239125325 64.9229161743396 63.32133378860105 61.87155449929088 60.535710045477096 59.2774688763279 58.061719843448095 56.853116159388456 55.61396368470378 54.31574371149058 52.939020360263555 51.461574259896075 49.84637770456458 48.11126269661293 46.34046179525507 44.56028913498047 42.703092152123794 40.8652304092653 38.760654275623544 37.49416492363805 29.23714306992421 139.96917790510176 133.72875426568206 132.59888782048395 130.7562230306429 129.04980418301676 127.26763747478746 125.48347197311465 123.66142909134417 121.78794837356996 119.94474659499136 118.1483738673062 116.36539463692596 114.59558179995439 112.83331255729392 111.15673274358598 109.3876583085705 107.69873366955818 106.20497768798869 104.83685425819573 103.48825799777958 102.06837441262785 100.45016490081159 98.61848168687439 96.69518808213883 94.85198201518058 93.31217462602426 91.95705313836558 91.14213754303965 90.24672289165825 90.0496997018363 88.8054454968509 88.37565672257452 86.90334718211109 87.21774772212848 85.63115499525682 84.20963374056075 83.10577721384405 81.82070119387726 80.25178515460776 78.48535569866279 76.53984989663067 74.35570494527535 71.94034004861437 69.45960664718436 67.04264106055028 64.89800004234719 63.06656489595519 61.44319854921863 59.98086274028877 58.64668855599306 57.40270664030665 56.20985807864261 55.028706240458654 53.81631534396112 52.54172799410973 51.184106464792954 49.719344893405356 48.110019528761896 46.37069175116208 44.59103680990538 42.8093773673 40.943349804500706 39.09462688248826 36.97850278535 35.70402242293491 27.422130402140365 138.32381186309934 132.10126095409802 130.97686944056144 129.14197425742634 127.44119722633837 125.65929859266367 123.86952842521342 122.02648949112654 120.13739330006962 118.27296911341061 116.43580149294266 114.60211297525292 112.76932547761042 110.9257088504791 109.11391831939629 107.35459363067734 105.72054381006265 104.28712744246148 103.02531403843531 101.81776594347092 100.5624816674978 99.21199832299394 97.6208860820029 95.95888368326561 94.20684175944535 91.92729209258597 89.55278206276212 89.4553902330038 90.1143417856004 88.95697304163771 89.90498545781512 91.36114014414201 84.17002299612983 87.6805881778483 83.68176549512754 81.64626821090965 81.35401677476717 79.9245552934723 78.09120644348666 76.93488005951693 75.02637142433548 72.92969888708996 70.61163120787532 68.0786238508409 65.51790062444914 63.27382245248187 61.400071977209805 59.72806220476291 58.215420306411374 56.836446854114264 55.556423583731025 54.339855541364635 53.15248803976021 51.961618454979934 50.73427618759373 49.43443243902461 48.01923707047911 46.45079042773635 44.743882353861515 42.97365220751863 41.189917292296634 39.31669249014728 37.458403233584114 35.330394041161185 34.047125770508934 25.737251946127213 136.47555616906465 130.26872374732116 129.1505580190859 127.37721964204475 125.71136225278255 123.84378371895193 122.05548686519498 120.21507864350717 118.31303241992056 116.45743085530064 114.59480106971711 112.72858876016753 110.8669892474093 109.00003382292103 107.13680500612224 105.4056179747094 103.84971159836914 102.51085691348378 101.38379603800715 100.3695079394697 99.09205374571641 97.80527597655035 96.45537157611179 95.12323660594127 93.44100861830326 91.27123580434832 93.21383962631066 92.08346928347505 90.09815933924794 88.0371543618579 87.19997422780803 87.73559057201527 84.41025856680805 83.48634921512023 77.89876926255425 75.60439131583293 80.71234667773146 77.60556661949214 74.81370241760384 74.6452213554328 72.04344058090834 70.56425836682993 68.80739954701478 65.20258830170572 63.75774780575498 61.685439913987565 59.743642181075415 57.981353990980814 56.350985710048484 54.83539782124078 53.416234006949004 52.07512719450786 50.802205735411626 49.60837749246133 48.45858282553701 47.27552121332058 45.9904861781621 44.51804806840637 42.880828838017656 41.15582702075596 39.368589356323085 37.492937754333845 35.62930325472386 33.49085836921308 32.198962195837716 23.861428771486548 134.27064466491953 128.07012458986188 126.95243164995266 125.19573687928356 123.53556495932771 121.63614425739891 119.85223964019008 118.0017536598419 116.08808255287425 114.24554355585536 112.39509147284208 110.56124608973961 108.74732279407397 106.86410875934774 104.9878612235748 103.26600312071587 101.81781902430978 100.60677563540806 99.66244015745498 99.52874864335854 97.64828869433872 96.03150809227215 94.86495798625012 93.81269747201594 92.76118022624081 91.8147702108797 91.08303366766283 89.2964801957706 88.11479436145342 86.36248488746544 81.65811754163472 81.85823929908595 80.06814557386822 74.64937139966509 77.3065405468315 74.03033440987117 72.88267829726198 73.36061612175767 73.00429613926933 71.31666999389819 67.8250786411491 67.73616913490122 68.2041254792894 62.909827420136565 61.247034904360305 59.16765538865306 57.628079162433636 55.770419241522674 53.99718153285177 52.341906273555324 50.79567089661653 49.30106100160602 47.88692395127357 46.660779824619794 45.61524903168535 44.600603071724336 43.4951666192067 42.170794263843256 40.61797422423357 38.92942368501463 37.18487593184807 35.313081403721625 33.44400081999129 31.294534205506565 29.993803607775398 21.629480978689475 132.03164044171626 125.8205715663198 124.69120509562612 122.84389406966524 121.109684466907 119.26871670798573 117.47099652819743 115.62786298719656 113.74358923310626 111.87991090287747 110.09247200801644 108.38178656091755 106.66534510874433 104.81857423296252 102.95437796952483 101.34539774321235 100.20635783248234 98.60301351761474 97.48276216540705 97.06586109201439 95.48581306889979 94.11153350597257 93.06495206682307 92.22254224375398 91.44574276720157 90.74289901399032 89.60458430628573 83.96011908723128 79.11886907265458 80.79700651379429 81.21946388595575 79.72998285920224 78.0165531587236 75.24963678371813 81.04429382550865 72.7128665537219 70.97558986044913 73.4155117170089 71.96465102861715 66.3444797989624 67.03146762434237 63.2347522726466 61.15725452102457 64.6356976797457 59.12714546228559 56.50236376721486 55.53513429688185 53.173584633347346 51.24153237505038 49.5457572824384 48.01080366460007 46.40632948885611 44.813790707658455 43.53424929819037 42.586635310134746 41.76380679304503 40.895971702693835 39.76465321190731 38.296442919082345 36.650222580669436 34.9812327512325 33.113617184078315 31.243123503035832 29.092704027747942 27.78567639818183 19.399830673042835 129.70633652125179 123.45436612707464 122.2953833794491 120.40601247813572 118.60127797921714 116.64603240240233 114.7265637390097 112.8004949016188 110.86947602573444 109.01814691524928 107.39556226867066 105.90151965206252 104.43113370969616 102.76346600450162 101.01591527808647 99.99264088378497 97.45992055420754 95.59357896715663 95.27301042687917 94.32330477819882 92.98023199642022 91.7297270711372 90.74035973441512 89.95013534385804 89.21925540114714 88.54194670881864 87.88452263936311 87.5872396851001 83.03218998011165 78.84715360977499 76.99481686124858 75.95227622231421 75.25211440089363 75.68204387077336 76.43654684572462 72.53022307584949 67.59925762012055 64.02287029557193 68.49124729169966 61.577171789576504 59.16602480897341 61.34995068521027 54.24874395590197 58.69043134986859 57.11276885656966 57.76173042330665 55.982251734942984 51.133803540182136 48.65377715183223 46.920254667278726 45.28924705044586 43.503953619150785 41.69417918285288 40.358889766906145 39.504370248000534 38.874907276222466 38.22222908599055 37.2684910399101 35.919369008013376 34.339567919262706 32.66613329666163 30.826166839045122 28.98556647331113 26.836396467582805 25.524609910365466 17.12364341730389 127.2767248267355 120.93999404134603 119.72019788878862 117.71837394210522 115.77724879972573 113.65770872524828 111.46401748895019 109.29558527001588 107.23141486685238 105.47967782331776 104.06979297332816 102.96276489424976 102.0383234599698 100.76537745832371 99.04438568529814 97.83945782737457 95.8484925807213 94.39448091463932 93.37164521556204 91.89923863478319 90.19993518985677 88.71143634522636 87.66352427230147 86.81847417836573 86.11093625211963 85.51470779863658 85.00358262285629 85.96128447408712 83.3558872131585 78.91369108487369 75.16256927949551 73.07100644879618 72.10172862797683 71.71459916015041 71.01185134732819 70.4209695008856 63.226433376085104 62.12901872255367 68.08282537362071 65.92829843386565 58.61397300555014 58.439320978872246 54.92922724532043 54.49029255118886 53.40342058754642 52.611632860148866 51.464595902678525 47.23242374953635 45.38836110225465 45.06895245136376 42.924423432687306 40.738128706098536 38.799351498397385 37.43389131972974 36.6295834876507 36.093057081037216 35.593204001926516 34.77220774761671 33.455213525866995 31.96555308686286 30.324945433351584 28.52430727887037 26.680381321821717 24.516304003817506 23.19798645738683 14.789677706798411 124.76359078037412 118.30386556422224 116.99872785922153 114.83510342578525 112.64811352717176 110.27790580874176 107.79250639572588 105.35672953620485 103.1813057038691 101.528978961216 100.4213430590754 99.74273596739982 99.39040949204534 99.65595755311476 97.44015512362654 95.41215384299919 93.8369659937877 92.40650597260422 91.17717134841196 89.45754001528496 87.22799147702675 84.80535483451126 82.47284180551988 83.76955024991756 82.52162573237014 82.15984291056259 81.25254030060356 80.34112032045672 78.72745451908209 73.77438575441883 71.83105767344816 69.8488251168347 66.51704420966101 67.9403746718533 66.38237491592983 66.73845125189148 65.17904697167633 60.94517409698365 60.645729342013105 62.02323749727418 61.39220063909876 55.1576074698955 55.55534586390032 52.51380590130086 52.92432523691734 50.63793724260001 46.88873258438539 46.445148705240804 45.3046034707446 46.04231381845209 40.265836449926574 38.03682738956959 36.08431439767381 34.702801111343796 33.92960895067981 33.44657327362486 32.9862114973239 32.244958704764215 30.943808059409477 29.449701126292688 27.93773113612615 26.161315696559864 24.304041536558767 22.14253571547835 20.825942198994472 12.419004261356777 122.1901751750226 115.57484527446032 114.16523208620156 111.81179863397443 109.3453989679394 106.67102359828888 103.8350179876673 101.08805751908284 98.7646267500749 97.33685300048384 96.72013800317669 96.16750244090149 95.76992792668155 95.75297684457124 94.51813182920435 93.2737893414005 91.89632670505311 87.49431421987366 86.71990409432911 88.04004044958542 84.72106426306067 79.94160346859145 78.25367441300276 82.17391783942521 78.0164852029188 78.69528634765027 76.91061780685862 75.82369584735991 75.83107681915408 72.43922190402202 69.90823033626998 68.25316100095273 66.00039852407514 66.01673389411316 64.37129037486274 61.2320709121041 55.85179228947165 56.55274248393181 58.05554233620435 57.68588932097431 56.58646047560544 51.18641706759932 52.7694037023621 50.701192297688074 48.74348043773975 48.189986265121995 47.45666868504039 47.92582612484566 45.62830319668261 41.19340975193691 38.23570323061613 36.31787580743016 33.40434232560454 32.153257235313326 31.34468911012879 30.854295871227308 30.469975851023026 29.77510228200447 28.485253981109548 26.980626837313874 25.479984211942888 23.719025276298314 21.890775715961432 19.743301427384097 18.431816653526273 10.03539285193227 119.51876416080144 112.74545062572011 111.23949146735305 108.7490222892737 106.15765969036178 103.18223037350471 100.05408711586695 97.07592928047555 94.64156733445638 93.53260293517455 93.34676540107961 92.72326798967651 91.02410863521176 96.30910557129174 95.8142268819148 89.42644588531459 90.29224347929313 87.32482534856669 86.82365423496464 87.01921698884772 84.28105754235837 80.7004217348917 80.9719923300826 74.77926322945322 74.83490003881867 75.96664465910162 72.17878589140723 71.0285332669891 70.96163094828647 69.88693056243463 64.8454261174733 64.24747879041554 68.27635292857178 66.02503681143166 63.19440726198735 58.26525892410043 54.47174909084919 57.670243629225276 55.317300591374476 53.879357479573756 52.036775126049584 49.117177379386675 48.56316960971726 47.47041758240664 46.07886971485833 44.83850495600086 42.04859991974269 40.47842612488263 41.59745779932018 37.672260555475354 39.2582443518272 31.601065077411075 32.73716775488565 30.228923525336707 29.13942569730853 28.55848629424971 28.134772579547835 27.323299169137158 26.02298600190742 24.628124868294837 22.992748923525546 21.21649326256693 19.402731056921507 17.270533365289587 15.96320119604204 7.585455002281184 116.71182017551016 109.80837528417369 108.2414859861915 105.68160019744529 103.04404759323563 100.02649822624129 96.87520101867497 93.91771225117022 91.52729773104379 90.58426647125864 91.2524675061353 95.50527987013926 89.16669202203458 89.62423867801728 90.33687963100746 83.09478867582011 84.63668631387068 87.24150145017914 84.14806098062908 77.5399289902249 74.41536070619259 75.38889341630961 78.31880519035656 73.93847718247433 73.67156175010929 74.95608311047182 68.70074701636604 66.89620176352459 67.75274030392612 60.56439427801019 65.06343097256098 63.722516729340896 56.81058845052245 61.35117283540249 58.98804806623076 60.25847634670002 55.76425801508378 53.28491318791003 51.7903996368134 51.68463081209022 50.149006778925845 48.39957471623421 46.48925338419383 44.76937937024533 43.44677219700008 42.00356803684389 40.29772219937977 38.78239949728512 38.24896659117677 40.21750748253277 36.802932178233476 32.11587256948767 35.438342650769904 25.76294508961135 26.529925553021673 26.785638684120595 26.07049395189984 24.982660683955825 23.569923163350428 22.093219981819427 20.396496209598073 18.60023200154435 16.79243220544613 14.667364211894792 13.366926844698403 5.015996019311663 113.77323922163441 106.77421909314639 105.1839159992385 102.64767316408502 100.11072699684262 97.24151262823429 94.30732647033959 91.62234655233566 89.40551930902231 88.08097034429137 87.56866408280449 88.79179015346482 87.51788150654318 84.1934977513733 83.92284421588523 85.96620500274383 83.19318838372448 81.92292783041557 80.29958751097837 83.79680611390052 78.69857683710914 70.79634793232026 66.6145502450712 66.83402474336248 64.60696448455738 70.487262180613 70.39346096939457 63.797347431096256 66.49617650593136 62.92448579274571 62.660604269805646 59.184469585408294 64.52007983857202 60.715298735391904 51.97990494641259 53.68399163830918 52.52470157093535 49.58539093456338 51.0968051672184 48.18049012739884 47.53742002700279 46.145934928164166 44.27427637221068 42.40787380933046 40.5774588805101 38.9408504614427 37.64542766346925 36.21295502880788 34.864524407684414 35.778458005990714 36.70972782880779 37.18528649434885 30.724284952462042 24.037152904413716 27.745434039191952 25.23793814906195 23.994695642893376 22.638792345789366 21.130427318660075 19.481098733299316 17.691783696260877 15.854951531938234 14.013892718841753 11.8628243410019 10.61752839881013 2.3188270145628254 110.70692995854581 103.65359454745237 102.07928095052795 99.68582153272068 97.41880878186005 94.77636460100537 92.24108880245265 90.12401908155128 87.81694223146503 88.47904324080552 88.81618047822988 84.12661786844903 89.4037929337875 89.45997065237705 86.18227655995844 82.18419937755532 83.11885189080391 79.26473724568038 75.31923837361322 71.2540042920122 74.36229273480141 76.5216367920697 70.48731894144521 70.92930311107918 70.39703317082859 67.71592028227668 65.70904675349972 59.4507639576235 61.89660520092435 61.31229380973385 59.33038471346033 54.22525399844365 59.6594864998601 55.6286054936252 49.16617004943962 51.004988409779756 51.03946455011724 47.51113795344416 48.95876399426658 45.667191669626156 44.094699050095 42.87982332840962 40.9355733115925 39.58122369090758 38.023893935515645 36.49321328992146 35.47778606413752 34.15074702121083 32.299162365887575 33.214209504907544 32.84883884117863 31.192347978882673 27.645601407282555 27.158255798316638 27.709668462155065 22.761869802800387 21.57477733144714 20.05845282596018 18.453032896109807 16.714771010888118 14.86658232748406 12.956718633633317 11.092180883089041 8.955531124155995 7.715002502337196 -0.5142269874218455 107.54371162100946 100.48381037274633 98.96618208832298 96.66989863691758 94.58429329520786 92.48928143457685 90.43981379350862 89.01459279533144 87.02594915860061 88.79878516687239 86.89427742237763 83.69075101104855 83.70383696611151 79.81472908582705 79.82770467781717 80.94402232219602 76.23389106323887 76.91323190544021 74.63045112530843 74.62442414680125 75.35488718398045 72.8829938467975 63.509560619014565 69.71938839246648 62.96235824519049 60.688084538289765 59.621171044605475 58.48535201361341 58.38777443089009 58.990231594035826 57.28682479459031 55.941156848226 54.914727483691806 48.9953935104499 47.80911791035246 52.9770687961271 50.02032156078787 47.37767776291242 43.17728575279885 46.543369712968136 39.84526034604179 40.15102564260583 37.57783691232473 37.62767852840918 36.26587663185818 34.64361434678672 33.383609097071975 33.306136286374574 31.863330358222065 30.839382996750142 29.248791590990855 27.041212913002205 24.863982446700934 21.374967029730822 20.499737585358318 19.030452261897466 18.821077678310694 17.366461790643115 15.679472856188724 13.859371349638321 11.916478253883378 9.93036107855837 8.050041890495203 5.94631338996067 4.692310853863857 -3.455015964795638 104.31440435251369 97.30217620301828 95.88160081403477 93.71516588639298 91.75470354207422 90.18900312266568 88.61807084995782 87.09118215455557 85.64845595836131 89.57311717841205 89.57242525749099 86.59793913590698 77.93799270598704 79.99105238543179 76.84031504570139 76.56163855085678 75.36683868800958 75.74970094483223 72.9069020175877 70.19709295855411 70.55988836126491 63.7828877285377 66.34915524676931 64.17578860420663 60.42940234777615 60.34882495863637 58.95541831170848 57.901189010584446 57.10623825471074 56.00906772021283 54.20513589722838 53.22914173045347 52.85188133968694 48.49272206787971 47.34628947132807 44.91838843934834 43.585514940609244 40.057776275955575 41.015648297933645 41.53201697308076 35.778533336990414 38.36408778081344 38.14342630863986 35.428635860715005 32.20525232940222 31.04172703888011 29.868232707304184 32.24794486612471 28.431975726725 27.180464099910278 25.64752305695598 22.149022008380022 21.1430367372595 21.363639417252255 20.431859181858535 16.66483180161188 15.999693608369915 14.59846085767822 12.794545392059614 10.853215283274695 8.827091168144198 6.797998067441316 4.899675269802391 2.809449964266647 1.577927290489226 -6.475388896803048 101.03504145099434 94.10278534138718 92.80074365896786 91.03059137524853 89.73556691254282 88.12714761164658 86.8259993121497 85.20841544397432 86.08052841266108 87.38420610618293 88.31599930176621 91.4936931512528 82.00397414620227 77.32771841620666 74.69064469883234 70.92731740457259 72.25585036575906 71.08623770636939 70.91252544795128 67.75709512488422 64.65322566735294 61.651367565951695 66.25878418777414 59.00035247378593 60.24169057412002 59.019873470230884 57.716090205165024 56.59998681536439 55.057281661408354 53.31117230829916 51.2608367706538 46.978781615082084 48.358944820004695 51.41048812526694 48.73009254220369 44.59153268110975 45.112957873719786 41.30821511520875 39.1287712657009 37.900416554219014 37.02114919423083 31.580484448742137 35.08850969997042 30.06601770420374 32.06170740830903 28.230255579313514 25.238562279750138 27.925679963155822 25.420096566297044 26.21761446865911 21.889797495205222 20.97966668624336 18.527590505766824 18.435364627517163 14.706241717190146 12.798222283960751 12.87957823400231 11.71168820119656 9.785157546831877 7.7108298554730235 5.640852614014957 3.58957090409676 1.6853247356334813 -0.3874515628954481 -1.5977007293217138 -9.557653680265613 97.72165627963021 90.87973115618743 89.69288313440494 88.01358510731905 86.85668226049928 85.89031825710506 85.30032476565978 85.4550451109876 86.60673603251851 85.33730697016794 84.52611925219176 83.7755052316935 80.88923406258627 77.0387389738328 71.90293341275489 72.31924942491432 70.7658681420687 67.38588044346483 66.0768759951158 64.96144848936228 61.55210669727171 62.38133864330695 62.98663110610121 56.98057318308023 58.49784529264608 57.14205834709907 56.309610058691966 55.84266982533008 54.75858175260276 50.37061281708791 51.13504502544225 47.44350017566516 42.18526618740326 41.08178037977025 43.64770878206139 45.82011841012206 45.98435817739306 41.42540123831685 37.28340614418279 33.38777236343115 33.34366962193483 35.246194448479706 31.61637517688144 29.816773388205586 29.89115799681766 24.669765189583927 25.33899893819445 23.88593383021896 23.444788441744816 19.41155169811874 14.201351407142116 17.02633744049109 17.29095171973467 17.40037874244205 14.780367386154563 13.075889650141926 10.950048497725856 7.489642717191751 6.461927971253287 4.403236149292846 2.36573786437598 0.32666491446535667 -1.565999266390162 -3.6168555168609786 -4.810205577860518 -12.684118140286468 94.37477048041625 87.59610749276877 86.49801758635816 84.90996571823703 83.86932729517206 83.26859726491021 83.16496466643522 83.51656776001275 83.72984091383762 82.81151160827572 81.64874664640953 79.82650004264751 77.14379155301489 74.37238986457422 69.8098869591236 68.42984724336098 68.17403057296599 68.83987335618498 64.33123500242546 61.25067712116841 59.20828318998219 60.626432981494965 59.61213484089122 54.958327276879736 57.94119786610455 55.04474292060065 54.29759954485288 54.68265862242341 55.31251490728087 42.87971194576715 46.64342774825834 45.395040597468835 51.660489036551276 43.39763442021992 37.36089435452958 39.23074049400788 38.41417840168675 37.097069676908205 35.16742436898578 33.94246737792685 35.52452169392273 33.46352057320698 27.070978952610723 27.231355751041008 23.25702125100036 23.24957802981198 21.540064828058483 20.61590631348888 22.472605149384098 18.43734113197907 15.718019834796626 12.327525939439756 13.904389109019258 11.51867428285695 10.804469009013362 9.599306982929109 6.977830030669072 4.120333742105974 3.279071763708319 1.1911489233350543 -0.8854101939092447 -2.9246835810906773 -4.805636024548076 -6.8418168338798395 -8.028125721938862 -15.836026086885147 90.99490570003073 84.21500823782613 83.15164134754292 81.57417627387728 80.49365757596452 79.84286496727907 79.71135503630185 79.62025781938574 79.35901966543022 78.6486411668696 77.39328017542215 75.54655097078566 73.27399285507857 70.79870381302482 68.51888749811387 64.88121653371067 55.58468586765718 60.704921092574715 57.9506869049724 59.694591278580134 58.90640747503347 56.1125096373765 52.88561569312321 52.36711798473908 54.30729631502426 52.0137819105387 51.54004392419401 51.013734040333624 51.17389413698058 47.551921596916365 44.842158790271746 41.201930059689 39.55496461837284 41.785524755953354 37.50234990125806 34.77029038439251 34.11156404274925 33.113328419085654 31.54443235254395 29.910258866380545 28.95267147212768 27.911308616613923 26.214445482214778 25.61637698543683 22.834251612751846 22.596417391723882 18.47605384905361 16.496369676819455 16.93391078034078 12.968474961730095 13.50015073689924 14.940976452247105 12.54007078044047 3.2239775220960527 7.91976255917119 5.128924772963141 3.6379797725216987 4.0678102005564485 0.7453291814435883 -1.6249141123376878 -3.943931162143511 -6.0813190404033355 -7.984808641133591 -10.01921085056782 -11.219074222591813 -18.994621324932197 87.60095902215939 80.7529074678353 79.6702235867854 78.01073145723231 76.7418952747775 75.76723678113498 75.24970065387772 74.7646248827186 74.15440786925886 73.25096317871301 72.02483431400294 70.37177108029805 68.34945021202012 66.26299605085744 65.30391882742344 68.50938650274341 63.74199078645859 56.848963334771284 54.05325443967865 54.51513581442555 56.01832057501636 51.175713288392814 48.05505616713327 46.139078489565854 46.152156184138995 47.57408175361923 47.39335079978386 46.65201861309173 45.66907173127281 45.59211314353217 42.11921966564458 40.6059586369078 37.38020227777358 34.194857341943916 30.944181966018068 29.043099164371313 29.358677525895555 28.645665214335033 27.60260514563017 22.935599986872255 18.970120975353392 22.31212171302231 22.076080521841593 21.81875067155314 20.25327684643036 14.576757907340399 11.521610036619863 12.271926059135618 11.821521591690063 13.908329591442868 11.952195592902687 4.753132464131169 6.991587772447395 4.621512755202107 6.072769063623346 0.4015938450171803 -1.553101176820266 -0.05587616218708038 -2.283905355293772 -4.604232347387248 -7.01279523090936 -9.239636492190668 -11.11829950199659 -13.153586724064386 -14.375070566307187 -22.148079493012865 84.21182753082432 77.22627897837475 76.06607647382519 74.22791057732267 72.6917333409731 71.3037547012862 70.16973062284092 69.07161432430472 68.0088529493107 66.90877049343437 65.71155957984318 64.39226583406082 62.620317655001784 60.43983959847257 58.21021584246502 58.18537632081233 60.9036551622754 56.743475374090046 51.721019829159644 52.09493330888562 50.14009700789698 50.913077979177395 49.64403835792286 44.816023045853115 46.22857749355535 43.452287705706745 41.65999541403124 40.593260011818685 40.57655598556103 40.56986896970744 36.93995314327376 35.164853882468336 28.9637071463488 28.770178796846103 27.813990400674705 25.712844274026224 23.526048544181734 24.546517029346102 24.26587597660832 24.501226328446133 18.215046470767874 17.519770322010864 17.57389035550121 18.152823030267115 14.952160415650273 16.59170396804631 11.744830537357794 10.943729476420724 5.9772450425104005 5.839901819362341 7.788919371781797 5.833509994346994 2.7371847190479293 2.580121468073234 -0.42963794465043753 -1.2600116472127143 -0.3098036944489814 -1.2423058794122213 -5.293022376002263 -8.232894863810785 -10.234243226236382 -12.37518816735359 -14.212755809153373 -16.245732395885685 -17.48783269526427 -25.284576229342715 80.86691977287178 73.7096684319679 72.44639838482402 70.4226813183739 68.61563057378574 66.77304598397099 65.08942971342168 63.468273840679764 61.92982982981799 60.58424968451442 59.35450420892567 58.19714859616886 56.88436980416006 54.1412202517056 48.04355689684086 46.023118109552755 50.68904644690465 48.97823727995329 51.54959858057698 47.89143417532885 47.124956397578345 47.155526044438446 45.215368018417564 43.00864698975697 43.20330978965139 37.698034054301964 37.04117578740019 34.60435496100753 34.59624852417717 33.88319743676423 29.731014736334483 31.858331546404223 26.222087159096564 26.043599844964415 24.129351564466212 22.082055554813714 19.832143733756805 21.23304978385276 19.39307805242582 22.442259228490858 17.204303100427413 12.79856885213788 12.144100114058082 9.433437491716015 10.378999406510717 11.22952996124198 10.515736730071259 8.542512030689654 3.9344751292261955 1.4278499056687928 4.17866250323455 -0.2026163964541608 -1.2409489431737144 -2.2561826215226075 -3.175429472580764 -4.021732871225234 -5.7323877379703445 -6.37409139423159 -7.907359445163054 -11.225864638009512 -14.32765223792288 -15.410476212423085 -17.251315472590427 -19.309747033380354 -20.565145144398446 -28.39557000990412 77.605644295172 70.27762117831745 68.91353055193773 66.74974542984127 64.81589792245263 63.02425977255148 60.88805624205977 58.78584380958968 56.851810520749034 55.267996840530444 53.996515652909615 53.031741252582975 52.49203423349576 52.13507417663925 49.067525432394504 41.786546424173686 48.09066798250123 49.62716764513626 46.794015043610955 43.59607708962747 44.75083498679454 43.57947884524089 40.52347522051629 38.65136598902023 38.902164564099415 37.14205180970665 33.147932689333786 26.887962934457402 29.40305669625929 33.18341483181294 28.29696779131099 22.953180442856674 23.101434597377175 22.090500269026315 20.709282886246445 19.271198822859645 19.742907261713192 19.23140902585616 12.193121951638858 13.016314529238189 5.36886779340598 2.9333770743075007 7.395352108673268 9.517541629679942 10.799014271320255 -0.19078977184315538 7.047246675527603 0.7691221555369333 2.511821482124558 3.1903419390054504 -0.4994396244929858 -3.082718112795902 -3.953596799481715 -5.572139642602412 -6.8725547704199474 -9.865896950670122 -12.732454190650369 -15.749253044728212 -12.145737293617652 -13.55619212587652 -16.505214075107126 -18.051534641204842 -20.111669068829197 -22.326604195396193 -23.61529298073294 -31.47251931065269 74.44416873365533 66.95631138446528 65.49948300399548 63.25891760233506 61.300858557478996 59.58081144288273 57.41559649149971 55.13528504674265 53.135024274748346 51.40319896810217 49.91778390319536 49.16730777582652 48.70336258910467 48.902226352262986 50.89677650450252 47.43982575240258 47.38963747350386 49.19825384999978 41.88367173748838 37.53067133751096 39.307932879336754 42.49199753814502 35.96959288103104 33.80044541916421 33.55725546346521 34.698171048782974 31.86883619378612 26.129242201664464 29.4631100388487 29.887707262335333 26.05191410809985 22.34390079581459 20.555602358196584 18.85898680472846 17.586242698745902 13.084992626707754 13.82265402896436 14.654647272506743 13.590638524933329 14.34393273293076 5.180032611173993 7.149542898166647 8.369707912890773 4.753310021668885 4.613390726815435 3.7122290356965384 8.953224097421876 5.033609685738753 -3.577140046671332 -3.487966783476441 -2.7291968176927814 -5.231246110457038 -6.9539281350540465 -9.367142059311595 -8.77899202844687 -8.032628687702676 -10.448420951578345 -12.671466968667387 -15.162794823575846 -17.346427784863394 -17.753634972731657 -20.714946689128507 -23.014306754340684 -25.35276589412721 -26.657198676461455 -34.518964817597606 71.39866072425316 63.77191325724696 62.23970682403211 60.00868098904407 58.16809091004649 56.24047127744929 55.17153851896463 52.92776773956864 51.08603533140051 49.62094175943061 45.737406345698425 45.45954407282828 45.48387282317221 41.844335813929995 45.81733074342353 45.158683399199774 40.696000105016104 36.5291799242189 38.0644399558009 36.12161513907481 39.565379319036474 35.74268917663256 25.309181731802603 30.076832249851993 30.753711761956822 27.477949333392765 28.907390922298244 24.87530995461945 25.258812313363773 23.63178190815374 25.145197536596022 20.51848778707289 17.328321773640297 15.564851811296046 14.470032511414518 14.463606937405387 13.268223572965985 8.325451725590986 7.07153063758264 8.487106572360124 7.494199267724985 6.348009670066479 3.452744596303958 -0.09442936325160545 -0.9821701941015121 -1.7921418623881522 -1.5322040015522915 -1.9831420708282386 -8.430639469730172 -3.9778685368571622 -3.81750926021262 -8.536496005337314 -10.729216414671436 -13.454899849549909 -15.645611601794025 -19.59530785401971 -19.65653626607825 -19.47984179267957 -21.24468284693733 -22.89269356840507 -20.440630739993477 -23.9055518113528 -26.18093002122674 -28.451234893223145 -29.709963014269654 -37.53844721674587 68.47507536245479 60.70377247181411 59.07284406235946 56.817617360592195 55.25225783993995 55.08144061599993 53.547879540555904 50.8771398770389 48.97500839014245 48.57876602178545 46.348044723994256 44.173431607742586 47.99274060653754 42.74748963555229 41.56823775311366 41.654740015051146 37.28182850917834 37.16890577867491 35.79444488742136 28.948273578450113 31.20607860978035 29.58156683849822 28.185034207710213 29.68014732533541 25.87226317917925 22.55153320690092 21.12836676793878 19.589008580353592 13.707197617556227 14.502346594277794 16.818008113420106 13.202770715273903 13.272642433487126 11.569604981121698 10.658750979481383 9.909614768276674 7.461953368226511 8.566822959383238 5.893431462123927 3.4322184372232534 1.7527868592833165 -0.18096697515021004 -2.989480454888336 -5.508848997168206 -5.8105338273054805 -6.572396543312454 -6.97163629784464 -7.5841392306313935 -9.554674295169956 -8.310093066092357 -9.489535153366047 -13.242392434705463 -15.471518049286818 -17.487804079183476 -19.75425926175197 -21.424928481606713 -18.67432903973907 -22.48211397107233 -24.389287314826493 -24.179611154680757 -25.837713102383326 -27.6394600783319 -29.494869902945474 -31.601917408907443 -32.782743829383435 -40.55368889764298 65.67936774374921 57.73123470076562 55.93670355897955 53.51894915201039 51.809201839288704 49.80843419618795 48.30923680054238 48.21080008965792 45.202284643855094 45.91831356491678 46.376125529459586 39.73306965993012 39.050674602484705 34.742419707445976 36.17944762067347 33.762365719348175 34.59712271991059 35.16035936672105 28.367277601611757 27.598769111732395 29.378063722861892 22.950507412243528 22.409442883449884 20.88614159224922 21.157784020653878 20.947484917721827 19.2275776789052 21.972142663310564 11.990412657356158 15.105518334076004 14.085396464368616 11.564660494740973 10.747251478885843 8.356020562926581 5.384905717411863 6.434011044101175 2.987662288287926 3.3075933322517708 2.588409093908881 -0.657276353468219 -2.4763528365256757 -3.562529857000381 -6.028575393327083 -7.59553436493579 -9.367223006646793 -10.538083559652355 -11.250009710483633 -12.154628082636854 -13.424727390999994 -14.942492000073893 -16.29835598547256 -17.87769285193819 -19.56662382076445 -20.882524328171417 -22.368426709788437 -23.768269832104 -24.745084952690725 -28.51324284107451 -29.31263479488534 -29.921732822270048 -30.347046325672924 -31.315323050982247 -32.878200567753616 -34.78458277509647 -35.884506564500285 -43.58741224983403 62.99126424540156 54.86395430667832 52.89129150018319 50.27673549063524 48.49775786589225 45.91562858551787 44.54279466102142 43.44890893073551 40.236684932307874 43.194711534797925 40.77727205308156 37.3683169044457 35.61802236805802 35.40839506323406 33.65720653935449 31.793769780940956 31.699132269717303 30.01745432914323 30.412978666708874 25.51109501005271 26.696191364194004 20.451776306244614 21.339381074822057 23.320204777106465 27.355241783546752 18.715366496627816 21.711513751529573 22.798096966623675 14.806278302145827 10.355290837346006 10.298381651941499 14.541411636160284 10.452868340496309 3.6635626693903283 4.790233967798707 3.405042715599676 -0.5126647321981503 -1.1201544971802633 0.5120837670044975 -4.352855834061067 -5.951302449161791 -5.887632002364004 -8.619946571448986 -10.693463791688343 -12.516010770406533 -13.943424733759297 -14.984013514896542 -15.972819256985142 -17.119868274657428 -18.634520034213228 -20.41753733864695 -22.134212614808312 -23.627808786237924 -22.588157824863558 -26.024763585490387 -23.944789833333154 -28.099053637362704 -30.492334602963542 -31.49210420347031 -32.66353588445213 -33.554082031529084 -34.76284819313309 -36.18828995851886 -37.96321425231184 -39.01622429642504 -46.64518628022739 60.39049124467676 52.11158568192262 49.997879621010156 47.27084599778466 45.27404086678146 43.67556013120402 43.45568550083275 40.72198878323949 35.388373174618685 38.62552247075527 39.06720861597355 35.85088081458875 34.22920250713728 33.248185389839435 31.9421245587068 30.135200157291994 26.4068776935345 26.44518020934541 27.533100975936996 25.186727459625637 20.1171660508338 21.959856506421627 16.232725958730793 13.59057230332686 16.85785629650837 10.957086993220384 12.85003673134741 8.572156353091199 6.06797168836596 8.508473477020855 9.211836889908898 2.785099709746376 7.539795561487349 1.4124031466635643 1.3601012031457316 -1.2648152266438315 -1.7951576479286764 -2.0491613842855956 -6.098687082201057 -6.82149199385651 -7.990965929635763 -9.223873272359832 -11.401182925641466 -13.787493732567896 -15.598630022150429 -17.106776661165895 -18.3783699302944 -19.501165033012562 -20.64551639756557 -22.11101918103606 -22.398798332985535 -28.801175353098845 -27.11674288830649 -25.704906697641704 -27.28149495154559 -27.952583306610098 -32.663779184541035 -33.46603930812198 -34.07542901196935 -35.43875338339805 -36.44880776825624 -37.81415609293134 -39.31769020416477 -41.120129881011515 -42.17937549435321 -49.73257999573128 57.82496258207621 49.47186298224346 47.27804119699784 44.53952446883717 42.270133615777596 39.84823458525689 40.94197024357357 40.082397378563385 35.01394968582407 34.14021113310562 37.77207084216666 32.229469494795715 29.97705974624119 29.312288607409545 28.662246648983782 27.236920839828574 25.578031412370954 25.09907852450346 22.626972156182344 20.708267719041373 17.51615398430486 18.065832144229656 15.283943834612105 10.093627291003209 14.627406608113064 12.330498296925494 17.1605608043712 9.943138266996359 1.6682856798080463 3.954219818406814 3.161541675262365 1.6182665690653082 1.6807455760614538 -0.19804492217468056 -3.163333592001851 -4.780436498674098 -4.284225818046031 -9.45118523826973 -13.188296400624244 -6.86289803965432 -9.490820880143644 -11.748411095578764 -14.259210140249689 -16.550479166528405 -18.24004979530009 -19.613806606497697 -21.176634567395634 -23.052173550402955 -24.18052123184341 -26.505216189592836 -26.63796362389154 -26.993327599172463 -23.92234864694411 -31.31124258684141 -31.177011187252532 -32.43766138007421 -35.524938566194876 -33.53159834953699 -35.613528884229325 -38.556190945096226 -39.18542463086719 -40.82639335394901 -42.504122947330856 -44.35435407968322 -45.408521900964125 -52.84439135681544 55.24259209810045 46.942518054707 44.75323847726249 42.134974923169054 41.20863966541129 37.758355349272094 35.75663816528172 34.604265375887074 36.298311315928345 32.49376810615673 37.30279073973169 30.921295710379624 24.77733511651537 23.331772245700165 22.567922225597187 21.23696775935863 20.52317982109207 19.11014762987851 15.042433576444147 14.196630101995993 12.843126134252188 14.294427166073653 11.73882365543392 10.618628081492997 8.78587352752233 8.397357476278678 8.601711631591074 10.064518174355413 6.256368882665326 1.3563268297462785 1.6212274623971041 0.2969146248960057 -3.6697287770623492 -4.178375322254827 -5.776558308329944 -4.474420407109103 -3.406374536524449 -11.20678603518767 -13.378631872214049 -13.211214385782943 -12.561103677021565 -15.641546229363351 -18.24641369476073 -19.02166743492704 -20.257582109059708 -22.68071698452046 -24.399271842424294 -25.220939149378957 -24.538330203555258 -24.56551271568582 -29.234892294793717 -26.630822178619663 -26.16176053383857 -31.500591785886925 -33.20493997137527 -34.75789523756971 -36.656310905912015 -36.36921992212277 -38.2077214469471 -40.4753508318053 -40.522527177374464 -43.83086666926159 -45.93893823542042 -47.74425311027421 -48.73767438658819 -55.97541832394998 52.619379048652235 44.47574689740925 42.3576400858453 39.31953392072282 36.730349766606295 36.34294047472075 32.02577942678184 29.434342716963 29.534795531865147 27.108095278086104 22.520319133358644 26.459598640834507 26.48961617946099 20.504881831897357 18.54041296023679 16.536220734813348 16.904152128116973 15.476797713086043 8.674459149385472 15.079695202516582 21.713316362847195 11.327450116041694 10.134398458379119 13.228718815415908 10.712915772222539 3.9601197604896505 1.8339347330072542 7.951937818627879 3.474246559951823 2.534191312750336 1.3665412821603156 -5.292644201067845 -4.82770957596531 -6.675916973332363 -5.911320013525418 -10.799073876037575 -7.814676077040407 -12.470732821769742 -13.113900455262945 -13.813716958205275 -17.323203364855466 -18.39163360269884 -18.590009461511922 -22.99671858385264 -22.75522490309271 -24.819355309958652 -25.58349751826989 -25.991362474672712 -26.995492020030195 -32.45379468356903 -29.239109258776825 -33.099066961487 -33.216884540004045 -34.30993157794153 -35.97794377347767 -37.95183490228753 -38.93242477002703 -40.1651730748883 -42.16447359612473 -45.39356656134672 -46.37726654800667 -47.67484406728322 -49.57725253471598 -51.24649572409954 -52.12588787427773 -59.106021700233434 49.93132268963321 42.02383083119767 40.03840462775819 37.07020663587204 34.45025845528026 30.817033003476777 29.879554791056034 29.705413113862825 30.929021545036342 30.367783763815325 27.928538880957962 24.550416279592586 22.303178044552602 16.178117413970355 17.413473266087024 17.53388229810561 14.456327908004686 13.746124747925817 9.973054892430774 10.63467307748336 18.41432704158704 9.252733685186305 6.553766282316343 7.172584556263678 5.206185642983889 2.640281728056704 3.133852257347437 3.655625803456175 -1.9418330919646647 -0.14372488437976527 -4.08828082884347 -4.822836458307755 -6.582437442943483 -10.92269529710348 -10.924971486931623 -12.171691902258296 -13.705238473074848 -16.024682894723682 -16.189834531879896 -19.57579068503315 -23.837186710130595 -22.15957051666512 -21.533119887539293 -27.585498658239782 -26.289524650302408 -28.11393035421552 -27.762890667571742 -28.983929766695308 -30.487016340482388 -37.676334431193915 -38.441121007526135 -37.25807143368158 -37.36664268659999 -38.210744304566006 -39.580721413255375 -41.68673965136221 -41.50505091589612 -43.045160189862024 -45.681121771729615 -48.24553233558407 -50.569089450652726 -51.968284722229065 -53.36752235239855 -54.813992798342035 -55.53224376665645 -62.21656228876511 47.15558527058466 39.509913642421566 37.71178220596664 34.626105091343284 32.63068870993756 33.8146635623622 29.083312783666543 24.931474789922174 25.878650223001745 23.94058012333161 21.736389038757203 23.71830488383279 20.52635095252629 18.802978814121754 19.706217793998995 16.170210270916463 11.517579785675483 13.87897540203503 15.038292188333745 9.796657884951712 11.76160926561698 4.893578548128423 4.264775868921579 1.5539918736067246 -1.3792456817981862 2.4473793444901433 -0.4108538996907488 -7.852898653691597 -4.980351845400455 -5.751762436715873 -10.09889436929671 -8.677965996898187 -10.554592029962302 -13.9554532060769 -15.516430950129259 -16.10572867668715 -15.04879090589099 -15.675448314582477 -20.61969956345241 -20.977617075890816 -18.518705703770777 -21.64873908389576 -23.65968718663295 -21.229761709592797 -28.397450102040892 -28.11500520746829 -29.694586259954068 -32.53785065972011 -30.805105548788212 -34.7118966651434 -40.97169340530665 -41.48007468198716 -41.499140253914526 -41.826004287448264 -42.84360005173399 -43.85127906692958 -44.07846129949975 -46.34302012627609 -49.62588851990188 -51.22999549876335 -53.09466333371541 -55.57952608901946 -56.90558291397959 -58.17169689500563 -58.775463689054035 -65.25570076490828 44.2693290410474 36.8571934034673 35.30036765546226 32.54253646694936 28.93864818234056 24.401525944059713 21.214389128864173 21.537352681212038 21.246075760493383 19.991928455214005 15.91386722597502 21.11310266497339 17.089078812767966 16.733109768495076 16.36254401131986 13.436741368817959 13.233512589304352 10.77196768502287 12.981973742048641 3.9640334593319353 4.978994635871985 2.2003227706118627 6.984843482828202 0.8572879105373908 -1.0426552911737645 -2.9241009808023386 -2.848100104188031 -2.005954250285586 -3.5266987049957184 -7.259936385748574 -8.243573505319892 -11.150777185585552 -15.765183950233215 -17.728238117185306 -17.45527899811164 -16.75282168347392 -15.051363711350787 -20.976169975430523 -22.907102636362314 -20.32892663694056 -22.099966491304798 -29.16446946768138 -28.049947757144672 -28.128584583049033 -32.766023304799546 -30.89360296210223 -33.78956736879488 -35.05558048404349 -40.0240813824212 -44.70641538959572 -44.02923563840533 -42.2166553857542 -44.570261863023056 -46.07208065396626 -45.84940330854282 -46.47330656839278 -47.35967526680913 -49.09234394954187 -50.25792489053995 -54.74224806473788 -57.37625240970215 -58.42080293568071 -59.76458464300785 -61.0608294619131 -61.67509268967991 -68.17209780402732 41.29764468733866 34.03134585026599 32.6896158524674 30.160454589490058 29.717414017032894 28.37619542127245 26.970154425491977 24.50661289311389 22.44784398840914 25.679069266012693 18.4186193167415 14.996032426793473 9.385340965325272 9.972402584916635 9.158480047064836 6.483064735488706 7.378130962813841 1.7249951273502602 0.6910287448063666 1.5944062039842355 1.291427954448099 2.4075940738104666 -3.5855844714877616 -4.851782493776213 -0.5376168930359341 -9.818559113188128 -8.84415178554297 -7.303058586317546 -12.768763481497341 -11.508851465077154 -11.56226356036264 -12.051384446656575 -21.869213038520957 -22.429788988278347 -19.971480180873762 -19.769081406461716 -21.069296557393344 -24.034184050781022 -25.82874736880524 -29.304276821662217 -28.2476277227888 -28.725001185972207 -29.5918053773725 -33.69230923667138 -33.1851019788385 -32.80354915815958 -35.587360990401734 -32.79984540770574 -36.14756274422992 -38.209298886493364 -39.29326169620463 -42.86671107801138 -44.45234975107114 -47.874758086180336 -47.6167215136864 -49.14907144710429 -50.455559168287785 -52.263403102116456 -53.47681567919971 -56.25269256842595 -58.297802414383675 -60.4835439283473 -62.071602887128805 -63.532764528995045 -64.27085607220427 -70.97927948238517 38.265622895775586 30.998146987482396 29.77443843714975 27.440146216847594 25.815483568007135 19.832619948989972 20.800626689811704 22.867270370897366 19.59507488106251 16.98517401888641 15.642325154892301 14.040280117279371 9.779116930115634 9.154721516843937 8.29396577597006 5.088892076758108 9.473875835064913 4.779250925441398 1.8658937230314285 -0.13092898873038503 -1.3245439082164667 -2.7043253547747876 -4.307608739423218 -5.178297395821657 -4.540327419664232 -10.734437644399806 -10.088279376551812 -7.49440528428943 -11.644345878900964 -12.386557555261888 -13.845088482517586 -17.02893790636335 -19.89417318103018 -19.63639947158306 -21.789024769022856 -22.527258045998405 -23.24290948865065 -26.39768512886573 -27.335001853201288 -31.68320425693559 -29.44350982698076 -26.10574297067027 -30.77555092088258 -33.26376011605887 -31.873312022556526 -35.32994099806849 -36.93049619762169 -39.24908648962798 -42.54862655260724 -44.907383806097364 -44.371929295613064 -45.504821711223435 -47.007776908680974 -47.577489715904 -48.93658713499476 -51.54817176585764 -52.45521551866835 -54.58986422472193 -56.00286943451879 -57.84053479463468 -60.219623599346775 -62.32159768959208 -63.9517640706722 -65.65286102915474 -66.60321678336622 -73.69077187624545 35.25190591666783 27.897696479574886 26.71284414878434 24.465763665594242 21.74257711252672 17.48390511720306 21.200464739052684 16.781756587966647 14.807587131236813 14.329133069016473 11.286033544559519 9.09648482996112 11.01700351035505 8.540588864730731 11.300622200614725 5.043580845276464 2.4218677784698435 3.3039035119062468 1.9224033424649276 -1.376248625771779 -1.4047467407781011 -5.659480150090401 -6.6605192528158526 -6.896210682265628 -8.971621433174958 -7.532990233399351 -9.586355770221235 -11.251479471883291 -9.661066412938483 -16.78916560512533 -18.81719037886191 -17.901193682059066 -18.40533633829876 -21.140946930524798 -24.298712713478686 -27.760264184678043 -27.194754326073532 -29.519273517110832 -26.736517539609544 -28.510614804580776 -34.84559753981753 -36.268951768862415 -38.91526120117368 -39.59392340910519 -40.66751703395677 -41.17041626373653 -40.85957389688946 -42.33548276934128 -44.593820969962294 -43.39454902287412 -45.56625898705818 -47.444324749630184 -51.727244146130346 -54.11949556656338 -52.311166551235864 -53.534958864626965 -55.95900131493804 -55.81752286561577 -57.419082667110494 -59.45227610637384 -61.89187215809394 -64.04868622908168 -65.84513491715909 -67.7840036732803 -68.93662707614679 -76.40067777606252 32.335136000325264 24.870175784620297 23.6445901490529 21.321917587760193 17.903497027056655 14.748040384666245 20.032120010581917 18.35852891599611 11.914734820859836 13.926744209313982 12.676309922854168 4.782554326145879 6.57690561323764 2.0190928910506694 2.9788564518464224 3.629254757756761 -2.349736687601362 -0.66899007563992 -5.2595996875058075 -5.3693843305770415 -4.129376335609466 -8.784065215921155 -12.808452980290873 -7.04905005241384 -13.364387830725306 -11.778721428923033 -17.181824128409765 -17.31193960559752 -12.620423728353535 -18.492968123915023 -19.53159174357711 -20.919261415055544 -20.95959657167971 -24.287060680616136 -25.24280182693696 -28.79495991877535 -30.299295486582682 -34.00269422796909 -33.77786566899099 -31.492468192444832 -35.69381861167266 -38.16089803603896 -35.00127343386182 -38.072933693376 -40.48377145211489 -41.23446852099614 -45.2913264633979 -41.55377414154317 -46.58270866220711 -47.31636481043993 -47.564968613566016 -51.349520152359915 -50.772038584402544 -52.65261590734141 -53.999954642546115 -53.87651154372245 -58.89880974026745 -59.26971851595092 -60.23503857170286 -63.9083885055293 -64.75458300407736 -66.25289065380333 -68.17495309954583 -70.27524155538225 -71.5349483107763 -79.20309997229079 29.511623324065646 21.922745692059472 20.62461053007547 18.30700440591742 16.20032792425832 14.834245971853989 10.89646311861636 8.542382053151304 12.21872233242449 10.432191968354905 6.565112152070278 6.685485596458173 2.5764436328898346 3.529420484000995 2.914226050471292 0.518775057270233 3.44578274091189 -4.361835564864481 -5.019653028697726 -6.396507925301611 -8.309048720480277 -8.297356474028117 -6.160390116115484 -4.886462253717942 -16.160594665097175 -15.416005482695246 -15.224854119145999 -16.952560257391315 -18.043005230295442 -21.30957068836943 -21.93459525423894 -25.61816763868826 -26.704825435681535 -27.067864052136226 -29.68388443467993 -35.964456516937496 -33.35288414875276 -34.95675778111409 -38.02179345280645 -37.829514245290035 -38.511406191607364 -39.44398903422004 -39.55557517099069 -40.906341819895786 -43.12785600913706 -45.063841094250435 -51.28294196705651 -49.01508488316505 -48.49676279780383 -52.50132012787361 -54.49542198752313 -55.300745470849925 -55.49860852056015 -56.26167813205389 -59.81184197284282 -58.785236695348644 -62.55939671315122 -63.44978656301294 -65.27373150882808 -65.85566258245976 -67.05932704485066 -69.04321892238909 -71.01686872980898 -73.15793095619838 -74.42344027131116 -82.11166366278988 26.777678065207052 19.06248666470156 17.685663503422106 15.552054379632985 13.628625256607194 9.712273513388213 10.051140541219908 5.9399801827639775 5.65296231843861 4.660165159860682 3.632292652414528 1.2052939669632936 -2.5328564073790636 -0.5747330833790241 -4.194794236078704 -4.5801050506705305 -1.9165208911417833 -5.589081869052986 -6.9959773785609025 -8.753270155728572 -11.591049337859447 -11.970030624169729 -10.32946301964897 -14.07956276988548 -16.383168339715738 -15.379480093301542 -18.366959146303945 -19.57683728170847 -21.278667946386083 -21.5299282700932 -27.954544643928593 -28.485879959853953 -25.802476373410133 -27.77896746387999 -30.057305379961104 -35.16941804188439 -34.331832581406395 -35.30246524840519 -34.2350464223158 -34.692571780894305 -39.52296196609201 -41.80506585835614 -42.17152488992096 -45.32497536753138 -45.34518812898241 -46.678078269994856 -51.73272989122892 -51.21348927409976 -49.908131736408414 -52.72921828798281 -53.756455956089866 -51.94497547301825 -57.74743368338335 -61.311088085714516 -57.95390578978739 -58.36795926402385 -64.34521871255996 -64.3459878665298 -66.68567106408173 -66.33424777396591 -69.6364162948344 -72.47052411465624 -74.4169237681744 -76.46447460500025 -77.62750516633963 -85.13999404541931 24.02958249967562 16.227324088020676 14.773094500584108 12.82445834687514 11.280722778409288 10.025170883535267 12.04146734691866 9.00543463315952 5.615813160639618 2.6080606499434458 4.830928605827416 0.4232832363956929 1.6199108710263792 0.710996387965952 -4.832076441466215 -7.297493786758452 -7.483487779410947 -7.710677013257507 -10.150489672645879 -13.197701684874268 -15.824013253169479 -14.747074755602615 -16.273154695449787 -19.971680826980712 -18.708310673203233 -20.054724938559986 -21.944519544963224 -21.671208139380557 -26.76163854511858 -28.064921594100355 -28.13508673798874 -31.179725577534562 -32.403523210848334 -33.69872236083519 -34.921672347240786 -35.18369374758241 -34.588568458335864 -36.98971483071402 -39.483087766443816 -42.09656751080786 -44.024577537309234 -44.16786430087275 -44.843013341111735 -46.4384756203743 -48.86640339752333 -47.73356115059444 -51.35313455380054 -52.57949789353698 -54.047915116300786 -55.16435570027154 -56.383095476360104 -58.792771440457365 -60.891916848224 -64.08800706377544 -60.37828082452611 -63.99649753192208 -68.1927030036014 -66.85323759644952 -71.67466174176401 -73.21720647878887 -73.9253679502174 -76.12280180972537 -77.99171218558371 -79.90706207634383 -80.94560244200704 -88.23186956567123 21.16361890339738 13.355278011330475 11.840152793400238 9.846989158949636 8.56840237731595 8.097490046077512 0.34193167596776675 1.2781997550390016 2.1050495409790795 -0.026304583846074866 -2.2742166541659055 -3.0780231301917067 -3.786504603624692 -7.255937846006224 -7.431976725230024 -9.480221853197069 -10.601940431364712 -13.775231033090002 -15.055058696358103 -14.806510992808079 -13.707449374035363 -16.407763574196643 -20.28396749102963 -19.840034341363268 -17.654932406097657 -20.250259337268936 -25.08778378761692 -22.991570641967346 -26.741421715778856 -28.081890507130755 -28.846580604800465 -32.920270326662404 -35.381772837930235 -34.81022716501234 -36.51242037206183 -39.19977297481607 -38.89868666537115 -39.69972595541346 -43.72354692826287 -43.28180438490768 -44.77689390131668 -47.69310352808845 -50.91400267010669 -50.66899154035743 -52.728467449615046 -54.92588616727415 -55.144242507358136 -58.70729631902369 -56.62900058734267 -59.31586730903818 -61.76252988965214 -62.56756650275352 -61.96186052793475 -66.79008518435873 -68.700392092687 -68.66686734376793 -70.07877880653712 -70.09468845169168 -71.42111725840554 -74.1316812586702 -77.0773789049026 -79.499847648877 -81.35780036884304 -83.19664848598546 -84.17617913988741 -91.33106866903789 18.165905797625214 10.418219192982033 8.899733757397687 6.833633349599346 5.202121699908366 4.958310812398001 -2.4010464448760525 -5.196873867136223 -3.277971302809545 -5.788113957441532 -4.404448538211003 -5.500986858844292 -6.983180496742261 -7.145692834763137 -9.328547210392632 -13.003979162298675 -10.903199622535768 -15.042326846040162 -16.37121809007496 -17.225285285969345 -17.713455621749038 -19.41826727925911 -25.12611946535961 -21.931009775353115 -28.89964782820712 -29.161752551461245 -29.29678199254776 -30.106472116264044 -29.987154525176596 -34.04828049784065 -33.643739539886084 -36.76602604830047 -37.80882421397819 -39.01806988848175 -36.326068065028856 -38.915379052153554 -44.616704608913416 -46.11438725438893 -47.24808183160258 -49.181945480832916 -49.524157307274955 -50.4410892903114 -50.634247711413266 -53.676683950117514 -52.38406012575516 -55.15290354876116 -56.88055273183013 -59.750412818676416 -59.68300225502808 -63.77958700577912 -63.60214951211867 -64.86887818110752 -64.96407987529544 -68.59029638568894 -67.80687131441499 -68.52425201569311 -71.71571533176119 -71.06890933644186 -73.60149180885821 -77.24300260490232 -80.08817157327358 -82.56045160130135 -84.44736123305441 -86.29166994927071 -87.28771124806248 -94.42315002750189 15.022561703609977 7.388078095672023 5.964235995221805 4.008922986032712 2.448936486303213 0.7722024730013499 0.6231978831120887 -2.6584738667460712 -5.324720402354968 -6.134392956779668 -7.490929685634574 -9.984276817781094 -12.689324880487565 -10.4559786799645 -13.554738065258167 -15.471646755316321 -18.244109169341527 -16.765020686598756 -18.43201929515385 -21.364787552858335 -27.498279636495557 -21.021987367608848 -25.991485988318427 -23.841134866609934 -29.672335190193447 -25.4497109353698 -31.780169531569033 -36.219527593507706 -35.73685468351083 -38.58434917411469 -35.52574976579337 -37.510429122462085 -40.821883497049186 -42.718297157567854 -43.57466673462109 -44.96901400264152 -49.24517155797019 -51.142096297299716 -47.92238272741517 -47.215386318814 -51.000480712789965 -51.89906516291442 -49.528865670458806 -53.17403434432875 -55.51328559374401 -56.00289024228273 -59.209058276532105 -63.33384015338081 -61.66252132695913 -64.56024004612645 -64.49009673263204 -68.57173575768509 -69.996637541382 -71.90166147263044 -68.82085439470427 -73.11300132085924 -73.87262091347452 -73.02619640474225 -76.67158440632913 -79.96268686012621 -82.78207443001048 -85.26064837032119 -87.21249954198144 -89.15444333511392 -90.24868038627278 -97.49367231304709 11.779491187735612 4.277176245665233 2.9877724082604655 1.1879865275586603 -0.16808997169506923 -1.613596593367425 1.0156480702174233 -4.174539624241817 -9.275769724968297 -7.0216144479467655 -12.590234434755684 -11.534965890834838 -9.045346105456963 -15.103022843882686 -16.3568791858429 -14.313947561044511 -18.128148796097417 -18.851565226907837 -16.8898878066301 -23.49801697638846 -24.782806869544043 -26.722593943785306 -29.992047772524923 -30.97018855367606 -32.28977789094719 -32.70489954408935 -28.34788933238279 -34.31507775527393 -34.03656533917937 -34.975968907547426 -40.91234363641581 -45.367219343347635 -42.51824962204016 -47.671682402088656 -53.524830771368414 -47.543307438852054 -50.59075134572202 -52.792635950841586 -47.3723691389406 -49.977312041190594 -57.24170951575618 -56.396982485481615 -58.43125668471323 -59.99426224535304 -61.864728237695964 -63.8323468270746 -64.35978886717176 -64.50230395901383 -64.05910547805124 -69.57962549181764 -71.01422330532164 -73.20464478817429 -75.80395139343804 -77.76027468512741 -76.97545950448342 -78.65605318778496 -77.85797795250629 -78.53201644165605 -80.60333887027477 -82.94751482132573 -85.49221612612918 -87.87075088811696 -89.886500028376 -91.95393492416413 -93.16786601709174 -100.55529464981927 8.482598816357969 1.097986959447042 -0.08869069366262598 -1.854226173707621 -3.2320515541550585 -4.782556067483958 -5.926944204405882 -11.292185404279337 -9.199326741791785 -10.079956591596181 -13.143568153540897 -15.00184194953342 -20.378766590022646 -23.475565448981172 -21.820870185554593 -23.86450922653569 -23.7462315188128 -24.549361993892326 -27.115529625799365 -30.038253688794004 -30.222390014131086 -27.76698619971798 -31.970961345802596 -34.550212296026395 -33.52196442230467 -37.31209399622914 -36.01139100995088 -38.49377688167609 -46.016811357348544 -45.25606452838682 -42.8491945120815 -48.915606635903664 -45.404441616235005 -46.16324835746092 -49.7274702138299 -50.23291590171932 -53.24517510284388 -54.527974156649854 -53.31320484490475 -52.4359837959094 -59.283282555606995 -64.69920977794611 -61.91421357855811 -62.85009104522316 -64.32617552657781 -64.80388218476529 -66.99703618007494 -68.19892328025 -70.94696142382116 -72.68847343505281 -73.68896139226794 -74.45331170729577 -75.56259911691699 -77.81919008175417 -79.90951214737993 -81.07973233652042 -81.03334816841397 -82.38720593544774 -84.3431962705835 -86.27376299656045 -88.48080247261844 -90.70255630936995 -92.72336263758524 -94.8647788259434 -96.15405724257644 -103.6206761619929 5.157089098764463 -2.1487073333538937 -3.2266010456685312 -5.0104494641030985 -6.5708623329535865 -8.530293242574249 -10.544812277061746 -12.374838981550115 -12.948383924020261 -17.00138582509654 -19.209444580344666 -26.332512632098506 -27.437223403732748 -19.645122872385937 -23.335506447151406 -26.288891369224363 -24.09095140494434 -25.135986535403976 -30.664777985978553 -30.620521330016732 -36.570326415538396 -36.43791757636251 -37.601541034343114 -34.383288503843346 -36.86595258757621 -41.80603235219698 -42.75776512639555 -44.7493212311463 -42.26183587453648 -45.70924330401987 -45.62901301940916 -51.466922410844795 -52.17088546878072 -52.32626053095582 -53.989642983401325 -56.359112500724954 -56.56207629972609 -57.80494107930033 -61.761367131893856 -58.977843961867 -60.61066322437994 -61.93059944073055 -63.19988508472754 -67.13674519148833 -67.07653681188864 -69.58020957619017 -72.15620740939838 -71.18220710700965 -75.44033651558635 -75.93264002559081 -76.85432676060847 -78.40474376431472 -77.22434517171789 -75.20803505801995 -79.77132396543462 -83.18747069780797 -85.26633378342153 -86.45896872308026 -88.29930826315945 -89.89967718168356 -91.76093290164937 -93.804987610087 -95.77502777029966 -97.91374492694855 -99.22078248712869 -106.68714095450875 1.8281665438485235 -5.46434139740082 -6.48415330108204 -8.297040489765179 -9.993402541208825 -12.165373267361957 -14.598884163645067 -17.87618038781076 -21.649433557791372 -21.194249564357527 -24.5835882309416 -27.405151993435616 -25.89200130161232 -24.502782509129297 -30.85217183679631 -28.041224049432223 -33.02595053453856 -34.21351499250457 -36.837922332463926 -34.26007533996917 -33.81655082649118 -42.54219252465042 -37.32659633797351 -41.21068833182458 -44.28874362010434 -46.05940166665169 -44.71215949382034 -47.89593704905195 -48.13858336523742 -50.64441557729792 -50.18883724791882 -50.82262097724437 -54.204347461431865 -58.54694822788824 -58.2756211996368 -57.57997317678365 -61.284179921406576 -61.01109269451701 -64.74180318476598 -67.16700677584649 -68.21465867017066 -66.53170246468329 -69.74534338736716 -70.72812320106148 -72.88528818329269 -73.06411668516344 -73.55255902400016 -76.63583818948516 -80.07378026973066 -80.97040554261804 -82.13475299813878 -81.6076385063246 -78.92840030631334 -80.59251689951269 -84.72248943504538 -87.87703404098008 -89.61520357908496 -90.91518083690389 -92.42298785229879 -93.79080936491685 -95.39594955966513 -97.21891804878372 -99.06887033527366 -101.12417187892527 -102.3815845828158 -109.75201313271512 -1.491042769832724 -8.828312635238692 -9.823639873106492 -11.662622561691851 -13.484592840040825 -15.837113254155138 -18.480922294182143 -20.8662526797493 -22.326169641152127 -24.5992282897633 -27.81429428636985 -25.667724207253638 -30.23469837355048 -29.867679580125827 -31.974487774174708 -34.67512705267461 -35.418082716240576 -35.14008943591784 -35.76747672148788 -42.77818196540816 -40.090037851375236 -44.542380204644886 -42.170615674946056 -44.07010143033285 -46.02999988945823 -47.666855300026924 -48.91757792864513 -51.17165709527052 -52.036399553625 -53.131616191403914 -57.67448542120024 -54.46669783659473 -59.78308243668632 -59.21191852859366 -59.24927163779417 -62.377585922930095 -65.53753151391847 -67.04651308566284 -65.14686166173978 -69.11291984008442 -69.13667663092218 -70.84857037573101 -74.20181785088694 -73.79132918909322 -74.44348410589296 -78.54266570868681 -80.74764572408532 -82.8707022297968 -83.14981614808295 -86.7350422856209 -88.70614375670179 -89.73340941865266 -90.610666485578 -90.74063707583775 -90.87044586146833 -92.42331396306078 -93.40926285921378 -94.91433271630511 -96.28000036999605 -97.65320161820401 -99.1219385907794 -100.75285120018249 -102.46102075441668 -104.39221853529776 -105.56620909927253 -112.80177024818924 -4.787412769209668 -12.2202037552771 -13.219941763599094 -15.102953146949494 -17.01927508096489 -19.462479363527248 -22.204982014087726 -24.473891331722854 -26.562290174390156 -28.54948448256422 -31.313668337404255 -31.697098422428283 -32.71033886267569 -33.99235593837659 -37.496385934864435 -38.213001828523915 -38.20552814915723 -37.95327533600266 -42.45500639826924 -42.49842553722058 -45.33420327832743 -46.50323431332724 -46.28683667403979 -50.70050615044815 -49.584229151654334 -50.65485798499809 -54.57765873847111 -55.1475319084571 -53.30400714175385 -58.6421684803071 -60.629213159708925 -58.65669035138508 -62.58935383306953 -63.46159019154207 -66.29060923779927 -66.24380869819758 -65.29760473010218 -69.21323184211215 -71.52687192554734 -74.18545098884995 -73.78467731517065 -74.69030956179287 -76.61652762836354 -78.88775513349803 -81.11827911169557 -83.33585989170035 -86.01286719234189 -84.61488956530327 -83.84373079012744 -88.04904901785575 -88.22662333845358 -90.53713921767158 -95.0554120576376 -95.29181712045455 -95.70052190855858 -96.13196086378063 -97.39035709586125 -98.76296162874422 -100.02532410749558 -101.36777104763794 -102.685067339448 -104.17491901753452 -105.822724838971 -107.63067732429269 -108.70448952224955 -115.82288985818555 -8.04218226375662 -15.611860654963799 -16.648846177487382 -18.60295136057145 -20.59296695069874 -23.092522804211402 -25.83986094352671 -28.13497943508431 -30.19787897650404 -30.2189870786382 -33.83044496512807 -36.84733797087546 -36.56938593502578 -37.70466455135657 -39.62127564747675 -39.22758718926298 -46.07734594452285 -47.52403737891619 -46.75641423742495 -47.17114622778019 -49.35429788672766 -52.536829297576176 -50.58337312668807 -53.977306276902326 -54.045001624149535 -54.07317400379323 -58.29977635217657 -60.368227136529335 -58.06188761653873 -60.182520186811345 -62.55886454990122 -65.04022617416332 -66.56114434301864 -66.30595775186787 -67.95115808610565 -68.98677934129948 -72.63177239181914 -72.6260476193931 -75.14852413291311 -75.99168849194803 -74.72861823688697 -80.39340339277355 -81.65175851123087 -79.62973801913705 -83.12045173467594 -85.71036218619939 -86.87122482157103 -87.30805102645223 -86.49920828106772 -88.12812746204126 -90.0228713643915 -92.98188907519416 -96.75170370190666 -98.54661928445472 -99.90309665493768 -99.25629403436966 -101.10740906927438 -102.41055686953715 -103.63655795070927 -104.83663752201272 -106.04007781353883 -107.42655125533886 -108.94045014447109 -110.70634256102063 -111.77445883772134 -118.8060455795046 -11.236590139379247 -18.974988450083764 -20.07567318762131 -22.11005941667151 -24.166667127648804 -26.720288193491935 -29.511040172909986 -32.06423800272656 -34.451364222658476 -37.087981226415025 -42.70093116038225 -43.207176816094695 -41.97765280838413 -42.77891606530084 -42.804941778206015 -45.02143228352824 -47.7620156406067 -50.63814452479101 -46.916073043608876 -51.18910429717803 -53.28240262075821 -52.974274411987004 -54.48535126334478 -56.13222697566713 -55.980586467752616 -59.22697629913354 -59.787239868538144 -61.29924108485641 -65.16951062884122 -65.17885615620752 -66.57836052515763 -67.3124531174583 -69.92986161306585 -70.87955146833428 -70.71953559015968 -72.15172868065277 -74.1354538739565 -74.88187049330746 -78.6296134109097 -79.99979923155567 -81.383964614774 -81.34764267919633 -82.58505459352062 -83.47841737249142 -85.78725266694467 -86.70493731039728 -89.33159656612688 -89.9335508650862 -93.24759997350655 -95.05409215081521 -98.15482389311417 -99.07378631559315 -100.7396659170906 -102.25376802789911 -102.99817983815568 -103.6612877018073 -104.81621121381492 -105.75568560507597 -106.8335660230852 -107.93961684791019 -109.1080834946956 -110.46397467296076 -111.92529745894721 -113.67882178699206 -114.755769171162 -121.74191110803133 -14.340763283891098 -22.258498965245156 -23.421011696184063 -25.535851785291833 -27.65482808329929 -30.205336660656698 -33.03292974060764 -35.90318185975166 -38.65963757082814 -41.62224276116252 -45.765174383849015 -41.082218733339175 -44.277445553841744 -46.163907178939624 -43.11570617701717 -48.87117126554653 -51.054097384451175 -49.97357137119758 -49.8139799362255 -55.246997963068246 -57.13705868509541 -57.610376026581996 -59.96268782031526 -63.40651113003251 -63.546402221260465 -62.49197188106977 -64.8065874031183 -64.89118646111257 -64.45060716464424 -67.5108428026754 -70.04140063438872 -68.88688018865109 -72.84498587443969 -74.22850385263887 -74.78199802460571 -79.74110361803062 -80.52078671235222 -78.442506099436 -83.2398003532357 -81.35582845420188 -84.47855783573715 -87.56252619389943 -86.80547754134271 -88.8961134650682 -90.41927045709888 -91.90048259809816 -93.69946821094264 -93.9789429072221 -96.75413922047244 -100.52932001938676 -101.57074105935601 -102.76735668459904 -104.37003715544358 -105.65458508212528 -106.57105375366783 -107.27803994934555 -107.8988641719558 -108.6939248642426 -109.71537062345381 -110.81644989266212 -112.00167067253193 -113.36409621953509 -114.82421644435388 -116.57858572520536 -117.66179521082776 -124.61830789296239 -17.324829649660966 -25.411606825293102 -26.62456139456436 -28.80828421128849 -30.961288477427903 -33.47754560031499 -36.230159786364716 -39.09024882414855 -41.869701013923496 -44.41051195714249 -46.37760509896207 -46.457641683206084 -48.737730641125 -47.88256433004666 -49.37696609748276 -51.60387831436272 -51.75719696628205 -47.10562368133952 -53.21784152156365 -55.5691493156414 -50.10604201928132 -53.07249136310518 -55.467834090520036 -59.061090402518865 -62.57304318185758 -65.09531817014317 -66.21919626208384 -71.69200404086223 -68.39593280657935 -70.63146888191042 -72.28760294103871 -73.91679325097945 -77.18513392018387 -76.0970151447002 -78.04235524576622 -80.09040833980393 -81.63552561695734 -81.73170308715946 -85.60969259498502 -83.79901311838822 -81.21675590741003 -88.75367584589846 -89.23827233425465 -93.84223879862937 -92.92686470550917 -93.8385899140947 -94.40201159978709 -96.72516397499808 -99.63007889567567 -102.08568395969053 -104.0270997379132 -105.84137543259199 -107.38268299073565 -108.55684516331401 -109.40364761299631 -110.06516722728423 -110.68402654743177 -111.46152066437126 -112.49274708604916 -113.57589437082204 -114.79324091829814 -116.1880871506332 -117.66282357513104 -119.42089739346221 -120.50584586274572 -127.42305848500551 -20.19056948665015 -28.43021376239179 -29.684272065121316 -31.925875965492768 -34.08692655696272 -36.53568033151676 -39.15710495792654 -41.86881630117126 -44.502215136752106 -46.77480307155128 -48.58653735851463 -49.90434156105308 -50.75456567037187 -51.53666206267608 -54.504860832660974 -54.21121491371045 -55.731003718152564 -51.50105289142678 -54.765164932096916 -57.67038168361585 -52.62146491085573 -53.27309927706679 -52.37740770124846 -57.01655441113308 -59.917677777926826 -71.33164711977389 -70.46692992060146 -69.04699472202667 -73.67013526533871 -74.69979964969885 -77.68060773958094 -79.90052245814533 -82.10851697288646 -80.22025576536721 -82.52737712169119 -82.95905160338371 -84.30596580762061 -86.88323913887002 -86.88571592385144 -88.46358153406818 -92.60914082698862 -92.86609278738692 -93.46201620227335 -93.04113655310557 -96.12984251837771 -98.69321221006102 -99.87033969515969 -101.8169734734935 -103.47412103849447 -105.03037376438026 -106.78218243989951 -108.39327700807293 -109.89987343892409 -111.05880057416726 -111.87373663359747 -112.52927208469356 -113.16655054902816 -114.00755726445082 -115.08396004465742 -116.24192503789357 -117.52254621405037 -118.9598269083104 -120.45376963686111 -122.21358523985397 -123.29529365863173 -130.16293329112082 -22.93977787216232 -31.313760311960536 -32.63308220493117 -34.90747494115894 -37.0203037502524 -39.38212004289402 -41.86254410375202 -44.40165634344364 -46.878704460954 -49.0708128432713 -50.85886323339575 -52.3371808506046 -53.667440071823904 -54.71046694326601 -56.61328305967625 -56.84305930272904 -55.97958695967493 -58.01030985263476 -59.95615654999558 -62.51697486221826 -57.76458590681081 -56.853867117644036 -57.8187501142668 -61.33744229635038 -66.0650739340726 -72.87812402539316 -71.5419904304925 -72.65317768150685 -77.5413243449203 -75.88478431892197 -79.49420266758298 -80.33812925427252 -79.63757631261994 -79.10201539401734 -83.97868682180498 -84.53126767927009 -85.02156717113765 -91.10297203540782 -89.18239961549439 -89.50851649278405 -95.06303103202883 -93.44677253935409 -96.8612709525334 -98.50395928369383 -100.61457718433249 -103.18632511959456 -104.7372343215372 -105.14206817123794 -106.47914407768383 -107.98578649181965 -109.46033055209493 -110.81378297527095 -112.11489070695593 -113.17373279396408 -113.99731136831358 -114.73304583425467 -115.52707322456527 -116.43476678348274 -117.58006215536989 -118.87271669690037 -120.22593072779348 -121.70191211432486 -123.20943361655445 -124.96437462510544 -126.03752545105714 -132.8447180603336 -25.624887542284366 -34.11274413870333 -35.47213920896128 -37.79052865364307 -39.849850607515314 -42.10801686230598 -44.45130893767954 -46.846503074816404 -49.19620264989558 -51.35413712549349 -53.22035129684674 -54.90965932273996 -56.481828824428455 -58.04084115235696 -59.45150954642028 -60.49856455417256 -62.30986152531925 -65.73782200090788 -61.53473330442649 -61.3970336799283 -61.03690186145085 -60.83332861232722 -61.88700778236176 -64.3930827213528 -68.14337956979762 -71.44541623435663 -73.88588533539921 -76.53589226496644 -77.50024599173481 -79.54203814441192 -83.29307583395624 -82.13560526948662 -85.46700002008932 -86.81277362028959 -87.11630692393761 -89.48036065111629 -89.18190417537951 -93.63381237432962 -96.67191254108674 -95.92461333804117 -98.08131644755083 -96.81191517425705 -98.02232910155269 -99.995305534149 -102.49523631552742 -104.51908718384574 -106.76927614604297 -108.25790222367714 -109.59021968778842 -110.85101356754447 -112.06909943148628 -113.20258629509986 -114.25078167416761 -115.18659302042404 -116.03929954119428 -116.9120928059543 -117.8787446784659 -118.93274815450803 -120.14212292679392 -121.53410864218857 -122.95286951587377 -124.4592203011897 -125.97380536401457 -127.71835156812358 -128.7795374819769 -135.5185693174101 -28.298537751332585 -36.88373411901547 -38.249551529616355 -40.549618500362484 -42.62377188673291 -44.81102577817189 -47.04068407098121 -49.3279791773708 -51.5864975333711 -53.72437377435279 -55.66116302509524 -57.48031605886758 -59.23392819985381 -60.989088099631736 -62.75162417953005 -64.5431036326696 -66.16710137011161 -66.89539233164038 -65.07083065210743 -64.65538401934559 -64.21231474545861 -64.2970926546844 -65.29149092724377 -67.36023912610506 -70.35099952068619 -73.73474264699458 -77.12474077703527 -79.06008995774285 -79.21110865168514 -81.99598803874568 -84.03756805169078 -87.58569332181693 -89.1460922561847 -87.5173030289709 -89.05674899934873 -90.43386916168271 -94.7324374487306 -96.31602451960234 -94.30030097848335 -94.94496205573029 -101.7771504740464 -101.42177037828127 -101.27707410751773 -101.63088571963276 -105.17460899328661 -107.30970294533508 -109.49564596231995 -111.15530153140497 -112.46722567499144 -113.62468263280883 -114.66446870310439 -115.61702819487736 -116.51954410252068 -117.41221567259231 -118.30569773717706 -119.28040284724219 -120.34155500981512 -121.57002609566848 -122.86999632876595 -124.29722126348844 -125.75413015097821 -127.2775238363163 -128.7911117259868 -130.52082103621174 -131.56854417324828 -138.2348572745135 -30.933065785217664 -39.60259321227724 -40.98108195461536 -43.29268073362028 -45.34701518791698 -47.474716605152935 -49.623490295849344 -51.80978615350008 -54.005668287400844 -56.09496017194261 -58.05918248683114 -59.94233697903094 -61.83572532137458 -63.726662023101845 -65.59561893093459 -67.36223522534522 -68.70973094364254 -69.10961375168371 -68.63306527188107 -68.00685867634795 -67.59141421291983 -67.91315825444103 -68.96975515094431 -70.79670438431701 -73.32407285591952 -76.08712181309761 -78.74947145712133 -81.51156932769453 -81.90010222507173 -85.23010602630018 -85.61904636192152 -87.22249667787987 -89.01836677981885 -91.01339354025339 -96.06722326295065 -92.6158499380481 -96.9028800997662 -97.13202536831513 -96.75173180018264 -99.60843679948661 -102.95739151858646 -104.91306445370635 -105.84986380529067 -106.84821918761494 -108.71013522674879 -110.42543097364144 -112.2068901253969 -113.81205077676694 -115.14153447426101 -116.27756872474573 -117.23297672811546 -118.09778750430316 -118.93312426259597 -119.81181053711799 -120.75503558905112 -121.79495659641137 -122.95229010426002 -124.28127959395174 -125.6728323942364 -127.12322594457177 -128.59972890760355 -130.12001734811312 -131.6228827364767 -133.3346928368116 -134.36811737652286 -140.95920214563014 -33.503685357716314 -42.24772466110271 -43.64278567097965 -45.96904491912472 -48.00841878826018 -50.115966592315374 -52.21089814952861 -54.31430790722198 -56.41263054925284 -58.49530107275503 -60.460477795612746 -62.3225171182076 -64.15904819323653 -66.08744462418332 -67.95064604626056 -69.69858279903416 -71.07557351137422 -71.71629361582757 -71.711075447919 -71.60210739650209 -71.66694150440019 -72.20376577107893 -73.41305078243983 -75.08052835243831 -77.091579093776 -79.39864072875648 -81.64999194471116 -83.73897042295042 -84.83033221624282 -89.14800623598389 -87.85929815509458 -89.36638222855865 -93.43314736510675 -92.47924817271219 -94.08605911920719 -96.03987909039068 -97.86527216870498 -98.63746904584647 -101.11417038610165 -104.75379121049858 -106.2428638377029 -107.97198906027369 -109.3029828044655 -110.43792549956692 -111.84540933906436 -113.34200640747278 -114.89941404835135 -116.34237153558799 -117.62868191800644 -118.77193782043926 -119.74421689544991 -120.63146711995756 -121.50903234649392 -122.4366559248381 -123.45490828084318 -124.54135534896913 -125.71814931435387 -127.09543675996056 -128.53656484388225 -129.9874166152376 -131.46419775299276 -132.9556886421916 -134.43212597607564 -136.12556397063693 -137.1448677979179 -143.6602004262379 -36.021245486906246 -44.832828356396156 -46.247057215374255 -48.586128282614204 -50.62553477741491 -52.74576961256642 -54.81101492019182 -56.84049047433001 -58.79517983094272 -60.88620579640387 -62.83452124080937 -64.6477227325476 -66.41779362487105 -68.27549648291553 -70.10496744953194 -71.81884130734662 -73.28440240726849 -74.33281574666249 -74.90819125359367 -75.33520769315845 -75.98178399113712 -76.86461176985942 -78.0024217548247 -79.56960586699033 -81.28414649122904 -83.0665253070814 -85.01381259334671 -86.62860803009912 -88.1419609560999 -88.46304990118011 -89.14835048609666 -93.45279725194803 -96.56215290959133 -93.13894799487133 -97.47922249972133 -98.86657248385826 -100.5476196065004 -102.50062547293308 -104.4442493264238 -106.97073851726608 -109.15712992632773 -111.19797318921992 -112.54192839426187 -113.62827515827627 -114.86091927083262 -116.17337494835215 -117.51593741285389 -118.84312898957747 -120.10788692847 -121.25429243977962 -122.28473412973348 -123.25014883769468 -124.21287458863306 -125.21875079937074 -126.30544413733504 -127.42477783344998 -128.6162366144806 -129.96890841916638 -131.380510862998 -132.8266831666343 -134.2797968437757 -135.77593366102985 -137.2257208228638 -138.8946682739981 -139.90009921627305 -146.33955659132204 -38.5366586627531 -47.412265622040536 -48.847493277915866 -51.19547860350388 -53.23795752591018 -55.341396833941765 -57.369588085312856 -59.3935077034397 -61.42532093359894 -63.45059063333683 -65.28654552508218 -67.01684971250003 -68.80490458812179 -70.60060674675755 -72.37112326089245 -74.08259889793443 -75.61119966481424 -76.93286883002126 -77.98341042946588 -78.92311239322511 -79.96871921527777 -81.13011628591622 -82.33296076630197 -83.8868650062115 -85.47816690822445 -86.8053431715589 -88.17731006070474 -89.54372044566023 -90.89926355331161 -92.10590140352511 -93.45293606249648 -95.21262651597836 -96.2521415364102 -96.47879298792728 -99.49353624655534 -101.24502496312643 -103.2310262851883 -105.63817166159545 -107.89455191403415 -110.22452431129842 -112.30021619145887 -114.13861755980547 -115.49349972055063 -116.60988357311805 -117.75511370664438 -118.95769035814531 -120.21966121510725 -121.47836611363182 -122.7106637342159 -123.8682414661187 -124.95529431258973 -126.01716972161697 -127.05642345487706 -128.09797791295148 -129.2019241669413 -130.39774167213156 -131.6088687567599 -132.89182749723872 -134.23899840614797 -135.69350966260913 -137.12390237503354 -138.60623048583878 -140.04509664751663 -141.68726118580517 -142.6774410789435 -149.0404293693471 -40.6643213696578 -49.594312103309 -51.03611602156387 -53.39380610776268 -55.44809792180673 -57.55184338417151 -59.62777087692095 -61.65610363803642 -63.6363160728117 -65.62174891963522 -67.43764589064902 -69.16968404837114 -70.90287638308216 -72.6303445973822 -74.36496790145264 -76.05313033886078 -77.64441971688225 -79.15458735290945 -80.51563342209772 -81.81416370352753 -83.12160399714121 -84.49063704641729 -85.94668018651913 -87.41096295433834 -88.82982174744099 -90.10804060582248 -91.32517626162328 -92.43677491673057 -93.52616040107809 -94.84417145140193 -96.32575881364262 -97.90287170629163 -99.30217433861853 -100.82808642827727 -102.39950323463074 -104.12037813683875 -106.20241002422604 -108.31703462637874 -110.52879113695916 -112.81991498315335 -114.81497960932325 -116.52963352465902 -117.88942389419897 -119.06447175904287 -120.18755393930998 -121.35519726601483 -122.59343407104724 -123.81305726342181 -125.03031034522499 -126.20945310089172 -127.34203442232457 -128.4568136513233 -129.5636747571921 -130.6338404890225 -131.73053021367136 -132.95205601251178 -134.13975924731707 -135.37621385658795 -136.73372093825034 -138.18439341453907 -139.5826749179351 -141.02951638995626 -142.45627266141184 -144.0816089569561 -145.05897642407197 -151.35413188062867 -42.5766422705867 -51.55325902667719 -52.98756213326486 -55.35381186787488 -57.44204230818111 -59.57284265708455 -61.66078309786373 -63.69343295545157 -65.70253270195053 -67.65239107072227 -69.45326444423625 -71.17967881698792 -72.87554785291586 -74.56390286407941 -76.25964095026333 -77.93160670157438 -79.56541312709054 -81.16005411090168 -82.68329409361345 -84.16345003591582 -85.63333952854774 -87.11798661802653 -88.6418035408204 -90.11683866437271 -91.52063727274226 -92.81596256007667 -94.0135606662024 -95.17382848604086 -96.34744017569307 -97.63996745874259 -99.08244853075719 -100.55019556393472 -102.02867217651368 -103.57230999400103 -105.21981086885515 -106.99096819444742 -108.93403455688 -110.91285687827751 -112.97007441344189 -115.08481712200145 -117.009122004761 -118.70320853114467 -120.04459744660434 -121.25230476888623 -122.43948072246594 -123.62969828769823 -124.85494985742366 -126.07788548334698 -127.29164459550192 -128.47660150048915 -129.62643402717433 -130.7514583418596 -131.8728466935867 -132.9710778248751 -134.02938655619386 -135.17695303792718 -136.42744308201776 -137.6936279520331 -139.0079080896215 -140.4264847433078 -141.80694124887165 -143.23651197100295 -144.6475882950298 -146.2513360871891 -147.21630837023227 -153.44936051269164 -44.58848798981644 -53.605705475592664 -55.04671404344717 -57.427257709680596 -59.53594904234004 -61.68104395049488 -63.756095977158616 -65.83076463122192 -67.88159525831145 -69.81761716892267 -71.62069063481248 -73.34442564405532 -75.02330954135323 -76.69054266521431 -78.35919432833731 -80.0161897460337 -81.65421446294201 -83.26242498228663 -84.8405659175431 -86.39971520078717 -87.94805946441704 -89.49812418066188 -91.04885295407847 -92.56697439321421 -94.03259402024689 -95.41604839733428 -96.72252932009476 -97.99787754130304 -99.27790487248303 -100.61746146144883 -102.03208226950841 -103.4906479656084 -104.99488900573205 -106.5586880946178 -108.19562984115088 -109.91745587672325 -111.72851491943453 -113.60976568567146 -115.53380064900684 -117.44610541532816 -119.25244865063512 -120.87235057428825 -122.28983495249675 -123.58830200947956 -124.82263026516047 -126.04088981081772 -127.27153098783303 -128.49440033522865 -129.70129784612638 -130.8787429114562 -132.0249595374562 -133.14870879131655 -134.2605493476994 -135.3573035753945 -136.43171238430222 -137.57277805630616 -138.7805594247539 -140.04207542685046 -141.3680875154876 -142.73624545095035 -144.09728799935868 -145.50884005518253 -146.89983506431074 -148.48483941163693 -149.4388316660642 -155.61413233694176 -54.78683217965781 -63.943104595487114 -65.41469599990252 -67.84519064628975 -70.00423883595744 -72.2037260244402 -74.33387551324793 -76.46670910254545 -78.57300882682203 -80.55892367254145 -82.40700525268915 -84.16487825588278 -85.86152390840695 -87.52807633853973 -89.18155918214916 -90.82506368305812 -92.46414941536788 -94.10383645313354 -95.74656987952724 -97.39194244532466 -99.03990664455857 -100.69110970142384 -102.34205492009332 -103.98490955867622 -105.61313126283916 -107.21879034132917 -108.79974625022919 -110.36000793560777 -111.90063619363345 -113.41881631642987 -114.9214219373143 -116.42549312750955 -117.94267085611169 -119.48394196712331 -121.05248465651793 -122.64255434648355 -124.25233024813349 -125.88602325742511 -127.53087936796176 -129.15731830848816 -130.7404813871159 -132.2496275992603 -133.67792814302226 -135.0423220923348 -136.35441544677582 -137.62902618009142 -138.8724355963765 -140.08250820370495 -141.25915388612734 -142.40087304499409 -143.51077151307499 -144.5961423384405 -145.66421243865625 -146.72089471713778 -147.77982702833017 -148.86459082772103 -149.99640390920015 -151.20973652703785 -152.4968231608896 -153.80034918932415 -155.1032894448305 -156.45547351685357 -157.78909852128123 -159.3113702133234 -160.22692357117091 -166.17837591223338)
(UseCyclicTransform "false")
(UseDirectionCosines "true")

// ResampleInterpolator specific
(ResampleInterpolator "FinalNearestNeighborInterpolator")

// Resampler specific
(CompressResultImage "true")
(DefaultPixelValue 0)
(Resampler "DefaultResampler")
(ResultImageFormat "mha")
(ResultImagePixelType "float")
