(BSplineTransformSplineOrder 3)
(Direction 1 0 0 1)
(FixedImageDimension 2)
(FixedInternalImagePixelType "float")
(GridDirection 1 0 0 1)
(GridIndex 0 0)
(GridOrigin -229.30621734167852 58.878759538939164)
(GridSize 69 69)
(GridSpacing 100.00234471261318 100.002360609112)
(HowToCombineTransforms "Compose")
(Index 0 0)
(InitialTransformParameterFileName "results/lungTMA7/my_reg_project-modality_fluo_to_modality_brightfield_reg_output/TransformParameters.0.txt")
(MovingImageDimension 2)
(MovingInternalImagePixelType "float")
(NumberOfParameters 9522)
(Origin 0 0)
(Size 6524 6502)
(Spacing 1 1)
(Transform "BSplineTransform")
(TransformParameters -6.596282425410419 -6.33672636039104 -6.28110276015674 -6.228888053775795 -6.176869827042299 -6.118026675303688 -6.059521980350712 -5.990277959856574 -5.8995283633302 -5.785989976746269 -5.648178676995346 -5.488778114303813 -5.310581279408823 -5.1155338362484155 -4.905591494125357 -4.683907617346002 -4.453492640444704 -4.213659274997053 -3.9637880090919873 -3.698232903745571 -3.411344810565917 -3.104496473073504 -2.779060637947106 -2.4405855034290385 -2.0946192677623805 -1.7521391171752663 -1.4241185185816696 -1.1242944429654398 -0.8664461292214753 -0.6550251432215194 -0.4944936963355937 -0.3884814107811532 -0.34105253733241386 -0.3351242358828991 -0.3532955593746056 -0.3238381289215584 -0.17542858763451735 0.09749783765323217 0.5004435207673515 0.9743108681074621 1.4599104703762251 1.9389460386520256 2.3920693520984524 2.788942131900948 3.0993508887946466 3.3256487542629274 3.470160431804738 3.5734320997682603 3.6762156784011752 3.787950077189868 3.917768454711023 4.04736170586688 4.158844367626855 4.249279394232024 4.315721471437563 4.365092288658254 4.404294600956635 4.4339124357519175 4.4545311716227465 4.461740051427539 4.451196117402142 4.424227685321096 4.38217100149621 4.327642480447491 4.2621016344931055 4.198855776174143 4.135661144420263 4.069954325139773 3.7729720095467147 -6.105833501325263 -5.738196238235449 -5.65655495410887 -5.5876294482273705 -5.537302763549022 -5.491243622449641 -5.456219329653942 -5.421163610248425 -5.349843253475954 -5.255075131416733 -5.136774500728831 -4.996476256572207 -4.839819320944531 -4.668687793080227 -4.485324566259976 -4.306785202856877 -4.129836422669093 -3.9462757219609177 -3.7520708237531126 -3.514963430346005 -3.2021518795883894 -2.8226762257650773 -2.385456783802846 -1.9498201299982911 -1.5750928406490123 -1.26452337135513 -1.0204903093298996 -0.8214094410352241 -0.6418288078145532 -0.48555715138642264 -0.35154652172831136 -0.2865676437108006 -0.36182383964976905 -0.5009877957637712 -0.6248827068224446 -0.7048209098030455 -0.7188812587078489 -0.5869120533495021 -0.23429621581678198 0.24443276534519345 0.7508599749644917 1.2529260964049473 1.6825491298859758 2.043599391127161 2.352512821166174 2.6199793654514965 2.8305655490387576 3.031448105774758 3.2815948998376894 3.5600231445689796 3.8555872087546716 4.114168902663829 4.278877019852437 4.348958521410929 4.324226613277875 4.257314474226244 4.198747252457264 4.160013870621135 4.15384634160925 4.160103187180401 4.160498900881994 4.151802688596786 4.129564290340414 4.100134999803773 4.066014948086108 4.015605175673941 3.958290521835487 3.9089647947009807 3.6419780925276655 -5.983496872676878 -5.567221466615235 -5.472340954895045 -5.395750049915417 -5.349732325396981 -5.316151430968309 -5.294141783480701 -5.274832376855894 -5.217548761193199 -5.13975031874536 -5.038660843422375 -4.9229097917315805 -4.774463723137029 -4.609719527122542 -4.439918503678858 -4.285042982307493 -4.12541911213524 -3.9618843682760723 -3.7954757475003653 -3.5629754586303495 -3.2305091784145734 -2.807927361415107 -2.3064575675733896 -1.8206151165328415 -1.4442600003985502 -1.158711870445118 -0.9425174049634496 -0.7600702076402733 -0.5526782844231767 -0.33238273137937063 -0.11489724757775562 -0.024035552530375818 -0.22020734013735574 -0.4276526057403437 -0.5195398543115297 -0.6108527694100016 -0.7727263756668274 -0.822248243855151 -0.5643945560049958 -0.1089348914023526 0.4471096885753598 0.9889203969150429 1.3976565404865513 1.7024297853444073 1.9934851345480955 2.2738588603775094 2.483082001840497 2.733009328839936 3.137624108566001 3.493249821879651 3.865473672809263 4.1957359807411345 4.393262736688959 4.456122268928999 4.386076922805284 4.258020056736655 4.143272044422154 4.0601764016451005 4.028977200340941 4.023430144631324 4.018826533197565 4.013871961259167 4.000140843184183 3.9869378507216524 3.9635561478227452 3.927974572773447 3.8634546848993616 3.8230739160515426 3.5681706814243106 -5.870809562015705 -5.403705287583551 -5.210247096929001 -5.1141488831487845 -5.164358606935714 -5.145635465678476 -5.13211666364225 -5.119878107282881 -5.0952581564132435 -5.061124061934243 -4.992593904548556 -4.921215884424594 -4.777366234673145 -4.620706618469999 -4.474570161339328 -4.285167927721159 -4.131592850984465 -3.9800070607287164 -3.8337614358300396 -3.6124091763263873 -3.254336607852675 -2.7728756424895966 -2.1839182279307248 -1.6363305045946892 -1.274991451414822 -1.0429934901962825 -0.8683010180735509 -0.7216280613575144 -0.46829047538514335 -0.1053539668432251 0.03402563956615599 0.08458318548455569 -0.3709554766559681 -0.18745885571924228 -0.39256815275947393 -0.1387876089453296 -0.2260396183222426 -1.2027722143531638 -0.44113396001210237 0.16815430697066858 0.08662255372064342 0.7965931488540071 1.1881590946419278 1.3097546005221001 1.5401395170707222 1.8272365533480524 2.0819020465857863 2.3710030384581526 2.8454617393722446 3.3473853558518303 3.8310246155603056 4.229985462203432 4.472259775682767 4.549622381789465 4.448608642019849 4.27152646267294 4.105524153570632 3.9781623146883796 3.905950662236342 3.8713214731369314 3.8522783426215663 3.84215797563368 3.8377631856453687 3.8262516847302526 3.790505928153803 3.8038956027606208 3.7511262243039534 3.715177203973457 3.475453654768408 -5.780211040211238 -5.286985405861796 -5.035429834798876 -4.921058985526802 -5.025691023408269 -5.004309584525303 -4.989360947687376 -4.997028695580701 -5.006587048256505 -5.021330736794596 -5.0254018441739365 -4.988314901216661 -4.867634617742666 -4.720881589147628 -4.569379051382955 -4.313064989288159 -4.172282073430313 -3.9823303718142036 -3.7850923462043777 -3.5968118890289036 -3.2078545973372954 -2.637655453977786 -1.9395526627848627 -1.3926079565829204 -1.2369241697147046 -1.0780993148032798 -0.8923224509187158 -1.1352084565559106 0.1957687485489016 1.1253319310787753 -1.6912284197387666 0.5587351015208928 0.5986060603953215 -0.7364245374291096 -0.6759851807866346 -1.0402923827415402 -0.15075976564121668 -1.1763443214103388 0.03671925731449074 0.048982426163470094 -1.3810048043780416 1.3670768318689244 1.3890214246815722 1.2020513451298094 1.122675972180096 1.6218844373849752 1.8636889702799022 1.8981882968912478 2.2806854172630677 3.096980328650967 3.698399218159616 4.133237556664431 4.414865720767746 4.542963071936354 4.456538472900525 4.2916670084903075 4.111915653943823 3.950353395845639 3.8271216628140956 3.7400402650404363 3.6851609673097605 3.6479242295597025 3.649991737439102 3.6251694856403445 3.582528165116622 3.611242924003501 3.610315578304286 3.606095636621906 3.3823992910017218 -5.702452944543846 -5.206833318710613 -5.07520857049629 -4.972100597710126 -4.9247724105481865 -4.869337989637272 -4.843927021020059 -4.869458066767781 -4.932785374242403 -4.995392641933026 -5.081373933214393 -5.118904946702407 -5.058450994617561 -4.919581020139238 -4.6611716209849705 -4.361670814423625 -4.161809530748526 -3.8378382051755677 -3.4873283130343546 -3.267386740213398 -2.9227812364619346 -2.458754882092662 -1.4988511783059608 -0.4326977367892807 -0.732551173014882 -1.2512153070657501 -0.7200810999547116 -1.4199384450677486 0.2848636427560895 0.3815070832044766 -2.440181809787519 -0.04672359229983935 0.03345271339760363 -0.9642929016772608 0.5185176882031944 -1.6144057442658384 -0.578517217975246 0.10472830229335701 -0.1881205845388523 -1.5730394944107418 -0.5129510003569598 0.49117817368072186 -0.26454738435131026 0.10322761162044687 0.4268772825025027 2.5520709902273304 1.293170973563894 1.6413389443789548 2.141274460250332 2.797536692536709 3.3600049981321276 3.8536399745395804 4.207428733460049 4.3999997938753195 4.397587638363477 4.308627515306009 4.148677632490816 3.967696223011208 3.788021961807328 3.6279895332154717 3.522844130589534 3.455550895524967 3.424840527925831 3.4461041735777598 3.4584429849542544 3.4751024630924823 3.502384605753454 3.4933632835187525 3.288202944000282 -5.654916509966077 -5.168418115158773 -5.059688580563273 -4.953395914889419 -4.838799547093129 -4.758167110107609 -4.715948660365176 -4.7498313626427064 -4.8452968500947415 -4.997594674262982 -5.184761203419103 -5.279534421709809 -5.290803334206728 -5.087531663124287 -4.808670559496975 -4.314446361458989 -3.827377289385518 -3.10899480897441 -2.7495891621818602 -2.662054358536191 -2.7263603854865317 -2.040070005313426 -1.8009312729837648 -0.6167132140617925 -0.07779877726378856 0.18419548975977706 -0.38266446243538094 -0.9035365250754961 -1.42548788122783 -0.9854583849740137 -1.4961066877744957 -2.0274385067602947 -0.0038897356763535175 0.45841427351827796 0.7167799875289977 0.5290191149720767 -0.4687939002561755 0.07448696772250189 1.0359143898018468 -0.4664044028634502 -0.24521301119224875 1.0630135332886397 0.3241747110350328 -0.4733556697911353 0.1509194822897926 0.370855755225853 -0.2587158089576143 0.8670792272471914 2.098398989585214 2.332242252953277 2.735887270745147 3.3475729480197183 3.80055068839821 4.105456003228464 4.27755181888711 4.317087444121474 4.2092509501217785 4.039878157797707 3.8035207079473796 3.53574180791072 3.3323167820680393 3.217956747167938 3.294985689889026 3.474568849684697 3.5074075211426465 3.433916664672889 3.433879569210618 3.3934244645333416 3.199272582466425 -5.619329513819573 -5.144125692172697 -5.038446518678019 -4.92519882210848 -4.78026192543024 -4.667261599326889 -4.599593499959405 -4.616037058400287 -4.731845404214034 -4.9517309350738845 -5.232225721188806 -5.395248806350022 -5.472273034449523 -5.211809430927205 -4.7691699085005 -4.322299152478393 -3.857480627854136 -3.009792759254344 -2.6711763704646905 -2.1670823821600926 -3.9344057011979525 -2.730464342402308 0.47639096971955014 -3.253953018452069 -0.6362398209200334 -2.0325492799099334 -2.187978304002311 -0.40773534528857064 -0.16076660571768925 -0.5297965831033841 -1.593867933640746 -1.5018346449086597 1.1183763005618133 -1.6463984005727115 -1.0232457893423177 -0.46947362315537944 -0.2410627305867592 0.07296707434428172 0.5391867638893099 1.1761447750720568 -3.376323582695255 1.0870080200865337 -2.135348451938111 -0.008432359201752098 1.229351338181641 -0.6447126842110329 0.05542781472375978 1.1289628686750266 0.23577744816571766 2.182241238613176 2.714166051288583 2.767592557534739 3.2694781728273585 3.7944730228469785 4.16880850168622 4.335690834764886 4.293237957369561 4.167324422718738 3.825661029881994 3.4672150833387523 3.1254708986730013 2.950716534216913 3.278190930448747 3.5521364750286235 3.4391118268579417 3.1763883916966265 3.245287065998439 3.2905674906078457 3.1060845609458876 -5.579331652537843 -5.105003873757259 -4.986747685252967 -4.856943119483333 -4.7060744947704025 -4.545734404299047 -4.422940700318495 -4.383341343949864 -4.504878152363562 -4.753150138420831 -5.07909565273974 -5.299509749330718 -5.304978358928717 -5.0456672185448745 -4.619945644537655 -4.1649850893206555 -3.6969628721754964 -3.6684619173220505 -3.0723052181019446 -0.21570862314612455 -1.0274698829104103 -1.1647218555555574 0.7366115206015307 -0.929910087848854 2.1530570182047843 -0.4966504397366083 -0.9814768661730486 -0.23727572945174694 -0.3962855171435278 -0.19979261646151855 -1.1128062720061644 -2.154072567078148 -0.08205808599659083 -1.3911729533690305 0.5631557284533623 -0.07850908679928723 -0.2979535185726024 -0.5481582914413513 -2.325649904855387 -0.18438410222012708 -0.28919094964887393 0.2695261634225553 0.9258684081451958 0.8089660785033018 0.4964935518623927 1.1802083494228837 0.6184163601866371 1.2973498568163906 1.4145556167355329 0.5056354089278563 1.9797267941784669 1.6156239060849718 2.633371746733188 3.5713488306501198 4.0635159120010895 4.3606504940444974 4.383945769300186 4.322400006271789 3.8731041079212774 3.462621336268498 3.1476669683441845 2.8671912539870554 2.8679877556646978 2.9492037713198864 3.290757701295949 3.351803614624847 3.166745516357126 3.1686872986538255 2.9990939502607294 -5.533691300473103 -5.051602732844259 -4.9274899755454795 -4.778456712092879 -4.58637650204075 -4.368731982323189 -4.1730460250147905 -4.0761911495589205 -4.1691427182039 -4.416036953056034 -4.7879978715639515 -5.016338589034264 -4.969129680184881 -4.631865565792414 -4.106573210178721 -3.2518957769257004 -2.490153657082272 -3.4185985191565247 -2.008125533518436 0.6526827036793835 -0.29647851551104937 -1.7421090798867063 -0.9536395765327409 -0.3743560952936114 -1.6492404901961353 -1.0429896352694372 -0.7898524048230421 -0.00883692689635688 -1.0298616345340164 -1.2245165372109221 -0.8927061183180138 -0.4127704976936633 -0.394119933913386 -0.10881268785823117 -1.7914869219972898 -1.4603768744364118 0.6749585880581433 -0.5182550058418379 0.8025501216099776 0.049367475187405134 -0.7434835918091022 -0.9777772276561812 0.28792488793863724 -0.4367322885669419 0.08218809059261806 -0.16453627723218786 -0.6106783085025355 1.1958967391590256 -1.3551899867017096 -0.3777665742296669 1.8310915018068674 -0.574241908668848 1.6971455524359451 3.5516450220196765 3.787891339975935 4.214439021545729 4.3406835602009695 4.314872184175585 3.9403142948543675 3.4419579353977516 3.092672195434145 2.7251668492679073 2.5728790366494545 2.7048844193988164 2.7835002629990804 3.1838421046880843 3.0883031920491084 3.041617759723484 2.876200652462016 -5.481314101592287 -4.9841486572400076 -4.849922988496342 -4.6766367108707625 -4.437096312287969 -4.153233643348838 -3.8725398920517033 -3.6999888232217844 -3.7320355987882614 -3.9269592714569344 -4.311256421428677 -4.573368563751154 -4.464556957767583 -4.056085889617237 -3.4336290041224546 -2.979545818226532 -1.0284746998429815 -0.7688384474367403 -0.4718794999964046 -1.5596179838754958 -2.723952782365801 -2.191083152361473 -2.0132351784343507 -1.609379964669459 -1.1501024516127059 -0.39872736162728056 -1.147921827462539 -0.7526236355803846 -0.554761358400899 0.7185940932822962 -1.136784425244858 -0.5678470660821745 -0.9012988447871031 -0.04649017178877531 0.4212955774477961 -1.195687898773545 0.7967952349264089 -0.7905775887770982 -0.7897777068125944 -0.1331533450087444 0.08500887558899407 0.7552867818286032 -0.9607699048080992 -0.20820831925956942 -0.011999153157302872 0.556111478025962 -0.5351697739521586 0.6127910897752721 0.784979286134372 2.499201363703545 0.21907665171884208 -0.391941737164574 2.1503011861841985 2.7663075471731906 3.3156533376554065 3.799383139145879 4.079370208957816 4.14499231442541 3.8248204130180286 3.3223745487713736 3.0170973695291385 2.64912468255867 2.519386097877003 2.615086748754144 2.590622826231696 2.77358141276735 2.881726695386925 2.8926619929401247 2.73498456730677 -5.424349692409767 -4.909222061017501 -4.7629191006289995 -4.5622056765696986 -4.266367226310122 -3.9203525622069697 -3.5546496186656027 -3.2921101666438104 -3.2364799428906967 -3.35975043179473 -3.719826172255442 -3.9682554369287777 -3.840383879884249 -3.490477048917609 -3.6571541467316098 -2.1471276370310175 -2.083623776401146 -3.2416662618569205 0.7482718776689743 -0.31527388136034323 -1.0217888097605876 -0.651830484173094 -0.5463550774174399 -1.6585411645374617 1.0406500836941999 0.03734793544299686 -1.2288499712942131 -1.5393058615812816 -1.8698973514823958 0.18518465675560963 -0.6029043437962126 -2.003084962515268 -0.42645935534536794 -0.9606973497846627 -1.3550370533760507 -1.0932443602641526 -1.2677402136639078 0.009155019128245906 0.42437245493972175 -0.4982872472888433 0.4887260369990775 -0.32886985455918816 0.5533592617953864 0.9516965900711153 0.044854284477216996 0.6333974202803518 1.5230994587295614 1.1653610514046646 0.21240913886999066 0.31353770647910995 0.2719832637356178 1.313812981042329 1.4036249790179935 0.8504174947617484 2.9085375637072644 3.4344046104343438 3.5665829713417767 3.8026764842650955 3.671174471743874 3.2443278096416464 2.898945081838492 2.574453237089737 2.462588837849468 2.313417663202117 2.4115501979230713 2.4877442374365537 2.5889357765888907 2.678690788672747 2.5865667481072303 -5.3649575649548344 -4.833398871946975 -4.677995651003394 -4.453484172361178 -4.103261742400404 -3.6922707905832337 -3.242723654219216 -2.8831495529587885 -2.749670698042945 -2.8324928875058277 -3.1170516740633105 -3.2891424036968613 -3.428964540380133 -2.896669261336059 -1.466512292004995 -0.5424317781253596 -1.3346848247913339 -2.1059126986774412 -0.7202338436068016 -2.5051521969221304 -2.021389339200665 -1.206264435570096 -1.0813874146336282 -0.902889493036686 -0.2661441355967255 0.5372187111464859 -1.8137854233502493 -0.8115572214031185 1.2192995731487979 -0.810198112099841 -0.9420381892576274 -0.10186544108974181 -0.47716181053075285 -0.9755941048618161 0.05868784388711769 -0.11977955256658732 -0.12061238821914168 -1.1040040387095291 -1.3718843149651192 -0.5384510219132672 0.0255944792707446 -0.3719701039039526 -0.6393883645046015 0.2244786084260473 1.0074214882765533 -0.03708613500586653 -0.47845869416755615 0.11028142940488202 -0.9418806417871236 1.0297015592945684 0.9972782350488866 0.646534172243703 -0.31115670366618897 0.7347757007525972 0.6766423452901097 1.67689109909493 2.722792020231364 3.313743582125965 3.293853963387795 3.0323807830680862 2.6042923747007127 2.2877035005052386 2.323960620422314 2.2301717135796544 2.3851611566123396 2.615426320344768 2.5693906927052406 2.5325886407126825 2.4427568637064234 -5.305869224489252 -4.768015845878748 -4.613793364875941 -4.377577936542533 -3.993927289833618 -3.5029683189860554 -2.960839489636675 -2.5077881819490675 -2.2956686321080535 -2.268978647887184 -2.4026971393920706 -2.6090724128150597 -3.1179056820387703 -2.952789088785533 -2.4158314983727323 -2.033818526331397 -0.9364418887927967 0.03133120071094105 -0.7571985722212932 -1.1081226638215629 -1.2750441908596717 -1.0885470543927247 -1.451726213052336 0.0025512766930310903 0.21188929886775718 0.11577346169496762 -1.003304537551117 -1.9940092697874905 -0.5682589546412544 -1.9495031867321462 -0.6581896476792617 -0.1856791887814807 -0.44519107667926866 -0.7989866188209538 -0.5538511386205612 -1.4635133670248452 -1.0657409017893065 -0.042199022270097156 -1.2241142528300757 0.32192342946860475 0.4081481586698882 -0.9635153785340772 1.04730844114017 -0.236553830222402 0.13322665035578599 0.2269145335934959 -0.15125288194008324 -0.3307859853237556 0.22078079397910313 1.6461523291528477 2.3212125062511286 1.0454776274532138 -0.7376866424099718 3.6240897648460404 1.8485391858994284 0.23633930156374686 2.91572985627525 3.321107356397976 2.695470277889726 2.5740524769677475 2.117330559553122 1.259226119714281 2.224938641665003 2.380264620386362 2.4255236935016766 2.6728751587508044 2.5140638644972335 2.437189158486975 2.3112923860253582 -5.249816883868917 -4.723994475363002 -4.577873471234196 -4.342957891057787 -3.934494496968106 -3.3845785437186944 -2.755283799810852 -2.216384971656332 -1.9383377510447475 -1.7864630087691409 -1.7012802770786986 -2.38955431468091 -1.709198337959406 1.1563481171800147 -3.6468655996712567 -4.238015329987908 -1.7550437014992537 -1.9059119337478274 -1.0555858351090095 -1.96187889098878 -1.3886059985617634 -0.8125390709954101 -0.9677968619749161 -2.0672916146256477 -0.5180720628464346 -1.93125881642838 -0.8200532054087882 -1.3788501191397375 -0.3328141033809419 -0.2181286434193741 -0.36696130650493153 0.8227441368217162 -0.48682018367386626 -2.192264649845197 0.5051853675829886 0.5452167769450398 -1.748946879097747 0.07673990894236496 -1.4440581454245658 -1.6694308798417883 0.545852509930431 -1.18598732983268 -1.4006320230658502 0.5181788024746911 -0.9494126741449969 1.1245718079882046 2.3952191401860947 0.05506127055876206 0.6677262294563973 0.5895166121353127 2.849098810693822 1.6259089436436023 0.9522771722741524 1.97090562119648 0.9013211007865962 0.229270335889213 1.8736140893269646 3.117497729779171 2.153421019527894 1.9925054778716704 1.963463392789609 1.7562328067532798 2.3104957186119166 2.4012730398404396 2.4118287295053245 2.2874982903757752 2.301386115796085 2.3742251985079443 2.197816221133559 -5.201480182558316 -4.72673903279078 -4.598281974574197 -4.405636022489955 -3.9925300196647786 -3.4013457750432035 -2.699938338329064 -2.085421333657407 -1.7559066025239876 -1.5495168306658338 -1.4032033454178026 -2.4674613809454304 -3.191300105054525 -1.2877375240325801 -4.2759084104438 -0.5819862172491727 0.07177473764694865 -1.8116682082186406 -1.2937376645818732 -0.5825283154345086 -1.2118349881072983 -0.6222679427075805 -0.8307981724113556 -1.510563552620524 0.24690002424682664 -0.4095831072718795 -0.7044018732937639 -1.2989925850795816 -0.9324419821831026 -0.8154895031582435 -1.0407509727078408 0.2733199466716434 -0.3640241962325154 -0.29404189505753103 -1.691856620363147 -0.6652425178297148 -1.2876193918637089 -0.6775569355565582 0.4570655000591609 -1.5874251531934678 -0.07373370465830541 0.04823813001942807 -1.0717749649532078 -2.577096444464297 0.7714704893366275 1.1430981040132822 1.7690619192431598 -0.683044017071772 -1.063205547287416 0.23964558853156018 0.7669955009710361 -0.16768060044022795 0.7438624213327557 1.6989453967539605 0.26978054585412786 3.232195791892073 -0.5558098149596247 -1.8883588282601977 1.161601978198953 1.5530811429444638 1.8017539396768614 2.0880371838062324 2.256751068986414 2.491330096467796 2.515618412030144 2.3549845680725494 2.3462532142734993 2.326075724481237 2.1060547704471966 -5.1655388108248435 -4.809000465976695 -4.757582767765491 -4.620027654623097 -4.22750316962276 -3.6272709171400908 -2.882612710435149 -2.19542743890896 -1.816179940166121 -1.695722169445668 -1.6807903254514338 -0.8497936453509304 -0.0060588947306720355 -1.515678190680406 -3.745970747332027 -0.9979952627053233 -1.7852280186268241 -1.4691038307608746 -0.6086344138525098 -0.6128886528886837 -3.1301171242201056 -0.2555024622740884 -1.4665579737277827 -1.5723838601795612 -0.4405997389366244 -0.06594174760870064 -0.8807314657233243 -1.5992780742476342 1.2547421455231145 -0.07156539776596292 -0.6801060243179656 -0.8014595503494777 -0.10015446701012065 0.25713988640950414 -0.05008685579096789 -2.305396230026101 0.1679234237007957 -1.6759772909939612 0.9002204303011547 -0.7429385428286038 -0.5427715205056846 -0.8784077274629193 -0.4779194317032719 1.9454841761724906 1.8957842014629247 0.07775197952897082 -0.18536714022793685 -0.5503646929400682 0.9589087830067864 2.549963311995869 0.9714997788376504 1.3782957282532402 1.311123121151918 2.118290638478009 -0.04610274398406479 2.974604078182127 1.172080638821778 1.8770925296068506 1.0285040002189183 0.9504949961134269 1.6738993884887292 1.9904586791719858 2.232285188184711 2.404826008633418 2.3881966560479095 2.1422627199069173 2.2823531205646423 2.275326891819927 2.039370194811645 -5.143865440299777 -4.9543822024522886 -4.999540711078533 -4.93121093783005 -4.602976788442876 -4.020415340392881 -3.2749109477213056 -2.5319509856735056 -2.028257701751774 -2.2171900735444465 -1.4021231966202028 -3.57579388351702 -2.227402419890111 -2.7527471224836035 -1.1526951684490143 0.36692904590895786 -1.5036361915765313 -3.0229483130423556 0.532722910077623 -0.8630021862552607 -1.023945610680453 -0.8427003986743344 -1.1966174429462115 -0.2525118741856352 -0.7484551875771569 -1.3567576906333054 -0.13307648308434236 -3.219200764441837 -0.7750824611946576 -0.39210229691897586 -0.6023645122507328 -1.061447359271045 -0.16347768772497354 -0.4490001891844934 -0.5171110492951648 -1.9357931220684692 0.10455690730424742 -0.20013097163441468 -0.29268137772666997 -0.62785020366192 0.5308666954795934 0.44485594864003936 0.9883910795043943 -1.4596202125974125 -0.5364073470666764 0.4463997629457526 0.21646644559261227 1.5854009381183476 0.19434847758493387 0.541221142125721 0.38458855809227577 -0.8286023780127119 -0.7683580740655205 -0.03879764726122547 -0.07934218733325789 1.2777691958908912 1.292284831549182 -0.5500251235078772 1.4072856537861629 1.9086915943277334 1.6111629068570072 1.911809425518003 2.165576806628403 2.321218221481047 2.287877300129046 2.01894060730982 2.140208731943851 2.206387720435048 1.997579477751871 -5.138332746261837 -5.147407997311911 -5.318692610773994 -5.386527085793497 -5.09650245749864 -4.544368087569414 -3.807016762842777 -3.009888967252053 -2.5426195601046224 -2.576504037993924 -0.9303776892239815 -1.7925957026262047 -0.9211048743122083 -1.8404984987066833 -2.34272711486866 -1.9482047953594472 -2.126173446521919 -1.90584404326674 -0.41265058300650054 -2.185282751153412 -1.0455661793553719 -1.6473340614501297 -1.4681935051939254 -1.413444255617384 0.1015017841857488 0.025536566393303883 -0.8285581169638278 -1.0640553883601147 0.968862638145667 -0.14595368450407903 -1.7377524835233944 -2.099462584043196 -0.4634865112395283 0.21875458456008998 -0.6814516855338324 -0.3233399800754095 -0.013513763652108945 -0.47687205693593754 -1.3320887154239305 0.03045717717388124 -0.6215573058987918 -0.23135857481135663 1.5834685357298048 0.574802671889665 -0.6774014071892569 -0.5078939242968865 0.6217036635864063 -0.5976898772828708 0.2631850755124297 0.3957481799784726 1.4537146179275329 1.7151644101300805 1.4679607679908797 2.1579700387247733 0.43673675020787717 0.974383189631087 1.710121648684379 0.21795232576802825 0.7270135900027809 -0.005406914949490589 0.8268778379420781 2.121482931739348 2.1695406353005837 2.2666674671529443 2.1974086293228754 2.170815875355457 2.1373501964296913 2.1326284056169134 1.9810012673274624 -5.145315886173441 -5.3113921684147964 -5.575508033029317 -5.7590116792228745 -5.515764566830596 -5.0283815726795815 -4.376446292588168 -3.554015130802928 -3.354932179860922 -2.4720847186530337 1.0743253396758576 -1.6842999884908698 -1.6515291241282186 -2.756177154979996 -2.437931273610323 -1.9526074037710586 -1.585574697972023 -1.5283762315660456 -0.9568710959743999 -0.8514966065283811 -0.03458959490548392 -0.8256819756055358 -0.8411604648422382 -1.7192583513256192 -0.003468514133756693 -0.5025228613241981 -1.8601651402019472 -0.19191708006221372 -0.37150855195633226 -0.14224390995631125 0.4033171760656493 0.5974175088248876 0.09980627533551133 -1.4031805769870749 0.24645025428225653 -1.6221846652135095 -1.294282933000023 -0.9958253641313429 0.8784605720963552 -1.5030196556773765 -1.3196806780123056 1.8928476276054207 -0.2324884595386188 1.3200022875618633 1.0507529403638791 0.9762568426487028 -1.3501868771023775 1.2595359682246405 3.1470561539665676 -1.5901235009236983 1.6527357546227859 -0.25152716098910355 0.29898933885619317 0.07817109174294 0.21451543586212315 2.1927767282689405 0.7844975137033493 1.7601633234611405 1.60948707094198 1.7965299155833114 1.5137030906850626 2.398406464804214 2.0559815458826884 2.042852379576707 1.969312060580029 1.9743500689788454 2.089356871314844 2.0511499238168494 1.9817587045661733 -5.161190017758794 -5.368801513275172 -5.64541499059821 -5.808638422053675 -5.659277682422697 -5.268722407027256 -4.737042691839362 -3.9977310464396147 -3.321629235030171 -1.8147948218144978 0.021263379274289722 -2.6308531703713736 -0.09165811873262761 -1.0246395340956573 -1.4151213067944088 -1.0949535054334072 0.22827430803001028 -1.3096246211959204 -0.9700297852481514 -1.703485542913034 -1.5949907572929534 -1.3611360367799816 -1.6839100536012148 -1.3823171150229008 -1.6553541468308157 -1.259045503063216 -0.9198666731338158 1.1194155764324765 -0.7660811128095849 -2.002910610678535 -0.924126785914079 0.06011779022990942 -0.6569398427949585 -1.6819714825403977 -0.006457082296029991 0.5856426135103433 -0.7814163198209765 0.3331094222791636 -0.06860321541738916 -4.244493156552893 3.297750591473369 0.5269693318785533 -0.38426817245727957 -0.2940064472500849 0.08632925567385928 1.052169040192653 -0.6206306762922441 1.6822304161153108 0.5796099336525585 0.3852900051646608 1.8698176866256022 0.44554351726729735 1.2098209617368174 1.3935595948346617 1.6026414783329896 1.3445579704312578 1.1880678146543384 2.0673343676544276 -0.16232955038421149 1.0259004005162686 1.6922024991676654 2.984530282208662 1.774856741087039 1.4663014113114885 1.678710663951939 1.7752866899037758 1.7275216250702883 1.8223407570927301 1.9858819379830492 -5.186085656306327 -5.31883112781329 -5.57658285535409 -5.762197496352252 -5.623309173195033 -5.177412091644134 -4.739024890073048 -4.415294619793618 -3.299431510573694 -2.9296667951662263 -2.15962268024038 -1.8737804317818738 -1.40595891290705 -1.8635199743817292 -1.776511022311411 -1.7578937183423893 0.26470144471208595 -2.31496161950251 -0.31949320077125437 -2.4775356157744493 0.20908754575100286 -0.9269155132954281 -0.6501406718387575 -0.42319162092255486 -1.1677745403839386 0.6907487330265961 -0.4544630764469873 -1.185115158195782 -0.2607091899593895 -1.0242518019412927 -0.19877074905722875 -0.43889688039863445 -0.8030799860453538 -0.5684137302003743 -0.5692737226106371 -1.3915320366282864 0.03396138824501119 1.1532714170822653 0.06917320125450216 -2.4963856216744893 3.6393126839963283 -1.6333549029240282 1.397507309912922 0.4235089518133384 0.6267795652229873 0.09239765632495729 0.04856881883741363 0.3809337298859766 0.12115966324547876 2.9024298325486226 -0.3340256659628591 0.5067562881298553 -0.10462705582156201 -0.839276910010574 1.4148467378016372 0.5215622885588056 1.4820700968787812 2.3075862859822713 -0.5152211597213311 -0.8082939032164911 1.1124697003093496 0.04030892207331255 1.3361006408757123 1.0997446467245646 1.238000022170034 1.4138099452626884 1.441695755220044 1.6053354191375167 2.004452881656581 -5.220133317123207 -5.157217978114573 -5.2408654986202015 -5.402100158266189 -5.416906823255548 -5.016226500419167 -4.580900849779682 -4.343310409231774 -1.1983328820870014 -0.365941444921253 -1.0891307797744096 -1.3449471826851005 -0.285995149682168 -2.214651656146128 -1.3845661608142272 -1.6379579038265109 0.6131900216466508 1.6704746576026916 -0.7094658957816857 -1.3289126172505166 -2.535625441314342 -0.20227460058183502 -2.4251389794390303 -1.225199127707372 -0.3309560530697026 0.65505536442198 -1.082831526648088 -1.6313648103042828 0.48804851119552384 0.036028546752995674 0.6818795929992446 0.04889585780776164 -0.33205695444803235 0.08569173950298022 0.801427767251178 -0.23150319286101464 -0.8441991953585332 -0.10952523394808514 -0.28370012667454203 -3.4204114587667567 2.258630188351205 -1.659958657837741 0.051617376052818846 0.32926860630597365 0.7867833685650076 1.2797601390136029 1.843299447065449 1.8174347192678808 0.6843914216740186 0.6326680238922932 -3.120428253092527 -2.253394670011339 0.7508443178432073 0.5880778795480553 0.1341013451653437 0.030946647360913127 1.9143393359225276 2.853420492899623 1.4708658410091688 2.1421563682239904 1.4731131426148627 0.335945935136561 1.1879079341315326 0.9992588328791777 1.1152713713903184 1.2709334777888508 1.1699185597437605 1.4118671191499161 2.0434787453351335 -5.271457243479366 -4.9643463505754495 -4.856070401530803 -4.804527353239161 -4.943828243896754 -4.750252386088849 -3.8825344159949027 -2.683116516477642 -1.2140035054506593 -0.5307395096341097 -2.045891918455703 -1.3403139879872283 -0.8292823207168077 -1.1292115331536936 -1.0247513060094755 -0.9327447458215857 -1.04668756670473 -1.5455941502601387 -1.5445857035817037 0.2268725137379869 -1.0158752412240106 -0.6179966648395158 -1.5293034078229197 -0.1300101471387078 -0.40437765122959946 -0.3507186454796912 -1.108140819340743 -0.37678146745082836 -0.03975939144583747 0.13153090496005393 -0.6223096695223389 -2.367839083953318 0.0154000973527504 0.035027484860297504 -1.8212086421396372 0.030850416136657507 0.9844589872898474 -0.3206502247214995 -0.48895886795430343 -1.1605272165328324 3.076397987688653 0.48647099304121094 1.7140547911877908 -0.7174901757641563 -0.8003396983057862 0.42360598001456573 0.0997808382017526 -0.2628288453144514 1.7666029320383156 -2.2117283587151486 -3.076283398365961 -3.852122210369938 -1.5416771894610921 1.789034845526615 0.002806893012756128 0.31453813996958746 2.027254906951386 3.298271409038327 3.034698660376832 1.069233233801334 0.2004071136588893 0.5337100393353785 0.9081660301209049 0.8141842968657039 0.8355698791481974 0.8806624846856304 0.931165232186891 1.31179919037373 2.133631907884203 -5.348181678646081 -4.823181753776595 -4.629844654591621 -4.427457688750069 -4.30795060787852 -4.383097926697668 -4.195999143020088 -1.2344515836527492 -2.2016357486362597 -1.092002596137982 -1.1641943310417722 -0.7207827160738542 -1.139102975538517 -0.40009107535819777 -1.9727795445431942 -0.7250953479958706 -0.49274491295079503 -0.45024189734559306 0.41882328941079394 0.17787303757649336 -0.5281596530806698 -0.7231349161279466 -0.9839402682476238 -2.0271167702989628 -0.3001003602867398 1.024656813077038 1.2901622847032606 0.03110764208692217 -0.19971124252045727 -1.0459635813703128 0.4827523879959403 0.4158204708338498 1.7528234605086248 0.3719694494071718 -1.6876059537272259 0.0023070234447496616 0.23704485519202328 1.522827875006203 -0.1808841282619769 -0.05027973814359613 0.21016322876246524 -0.2925105667959606 0.20310421545828927 1.2286322802421477 2.9052303867468168 -1.3291851068389802 2.2839311913822997 2.152990672573025 0.5099371560196521 -2.0286324305278116 -0.23744894618152323 -1.464113680829141 -3.0279779050609417 2.0930755672395267 1.497145558931416 -0.4832762564874143 0.6688170035921516 1.9981908808550315 2.7358678988856173 0.6387135967653658 0.16558130323332887 3.8596381000205486 2.578781794342022 1.4962840816214527 1.212402407869737 1.09449336459447 1.129205149407674 1.4609289171764477 2.310105537824748 -5.431611181844748 -4.7339936494067905 -4.452462454323003 -4.171194541143066 -3.97050405151896 -4.681408296027862 -2.815236299394632 0.2792107714991128 -1.9128802461616736 0.07037288700279548 -1.8433242584337963 -0.6386588629401175 -0.5253961678088851 -1.4132287374299553 -0.3784193657697738 0.8892279222235718 -1.4165342011734892 -0.11132246359419273 0.8987904011308533 -1.6691124864907685 -1.662897022485185 0.3046224214140527 -0.7583069005139449 -0.03560259956972625 -0.1819288847872564 -0.568297392995619 -0.22358394204312887 0.054472037166205016 -0.8941069261663821 0.4650199868244452 0.7765210719446324 -0.916757783940975 0.6822210909169433 -0.1299301550291491 1.0465369946143663 0.41474950715058956 -0.15935824173607768 -0.03255841183334912 -2.79985368009479 0.7074026306227316 0.8563130059312853 0.6404081240127025 0.9806163377861985 1.185973858406238 0.9105194630195457 0.22269187069227855 1.7961931102854563 -0.1859566139329183 -2.5598203627131517 -1.136460193333785 0.445890895643585 2.513184815212651 1.92297487741631 0.8276102403992441 0.9209070077700428 -0.08075347631600176 -1.2028794399462788 2.0539243873427555 2.6515797471904707 3.5036186412332864 1.429845585896857 0.9596052978414229 1.200540223910783 1.973912284519617 1.424553470328452 1.6777193472872796 1.6850900035910228 1.862859378428937 2.568285246050548 -5.503050312296886 -4.702361186683809 -4.4223916057275945 -4.194440586605051 -4.0574101364933215 -3.8768431381780353 0.9639740783573221 0.655469735100975 -3.805848668300128 -1.7415173415210343 -1.5916861316892894 -0.6304513506846158 -0.31657910639360615 -1.4995632955099276 -1.0997425148714821 -1.177608841293645 -1.2535948329484405 -1.892371536118792 -0.07385372751473943 -1.0981555733759216 0.2772185511695817 -0.6882871538412934 0.24124535727426877 -0.5099376055147931 -0.4534244239211396 -1.0339973588765723 -0.5964186742840875 0.31190897251454314 -1.0419864313075746 0.6522703658169537 0.1957483279764478 -1.459456680131885 0.4155565542078592 -0.21972560439155686 -0.043685417936385515 0.2889978734340481 -0.41278235477211855 -1.9782388276343972 1.0971344067832935 2.179117892499738 0.39962722156931524 0.962005463745364 0.6292379292515778 0.24678092936123916 1.034742327999239 1.914506929651273 0.36720194368131887 -1.2736763723947642 -0.37688008745323076 -0.351561300697376 0.33966355213487376 1.4856082876973153 3.1388050049352123 0.5011030472045964 0.5680779576778322 -0.5978813464711863 -0.02537305046403962 1.9937621573465398 -0.2549333927268877 2.0703828054926428 0.837566137332394 1.6895025287403078 0.453479708477459 -0.24246849575521184 1.8926113649933727 2.468550311157645 2.4148387336863673 2.4823656021648186 2.900865905692198 -5.508102816482046 -4.617437422466279 -4.387802663651281 -4.174097140554605 -4.219464245167832 -5.70035698300085 -3.041110329775483 -1.8488824768728955 -2.419100418227294 -1.762706826647457 -1.0720170004913379 -1.004780710717018 -0.15477948946764214 -1.0613658428995107 -2.0013834921511355 -1.17404463451767 -0.20668626760771736 -0.5350167043664324 -0.6933391292564964 -0.4279988429304659 -0.3263159098359458 -0.4063015345028091 -0.6242519699362002 -0.564969905808559 -0.05989583930978771 1.2339930703956938 0.5806636296957759 0.32255279898129796 -0.9763397076284046 2.2614912339218014 -0.31491668111604565 -3.020119672479146 0.45265340988198743 -0.03365120967759263 0.9034224399369286 -1.9510996033222114 -4.593615370310924 1.0359125753683076 3.7122231679251803 -0.5972797979956932 1.2422830754817265 1.7743990277863078 0.6520423962533586 1.03884326863077 0.01771566961506505 0.15071567512013845 1.3006074106517787 -0.3890420540609393 1.4571179704797363 0.2800099164501714 1.2661416345887269 1.0271941527538626 1.0771147317294258 0.28913041090203123 2.2750543864937156 1.5379695198543593 1.449957455795462 1.9179253767712219 0.8396444477266741 3.463732615660484 1.6468984088023861 1.0699654808447807 -0.42553055691302244 1.4490164082654873 2.884476316130426 3.025789402846555 3.299313232193744 3.1827248538349524 3.267248202292434 -5.3923724408797815 -4.3599691063575605 -4.05087521145081 -3.6913506594471226 -4.353976654535792 -5.782326074709368 0.7509802263898708 -0.8925252860914986 -0.6603917335747924 -1.9479919721547503 -2.119766094074685 -1.3595754452300481 -0.3923177443845377 -1.1771315670272167 -0.7890532614276013 -0.3360888079219348 -0.6776361456192942 -0.8218335984205941 -0.09856149252126531 0.09109251304844453 0.1899397654964732 -0.7138883001113131 -0.25795733886827715 0.24770702977340953 -0.12604971110022548 0.5856323720846098 -0.6605093557220587 -1.120623775950925 1.8162791649226449 0.8177577628695647 -1.350027502977914 -1.9478019945390013 1.8982144458653747 -0.12757536662391547 0.3293432140609382 -2.15535271375912 -0.5604255489021861 2.0831247056889826 0.9323791078617601 -1.2012911049428825 1.134798160300392 -0.23680687863898875 1.1939893329498494 1.0167165166491876 0.20599317781116652 1.0668463739255516 0.6750921914078196 -0.056612228341363605 1.3989092677165433 -0.7164794244414978 1.5202986774710876 2.660289689537532 -0.06093641651899196 1.3423838093790217 0.846661382819409 0.7930307315792334 0.7670880497319809 -2.328392577234483 -1.731780918097087 0.801392414955494 1.8458285495977185 0.4335192938156911 1.2820112519222504 4.781418416079071 3.9921015911461124 3.492889418131021 3.852402307235419 3.7463192338896953 3.6251280424918195 -5.1665487389728995 -3.9664974554255488 -3.512239611462963 -3.048364725048389 -3.56601151121529 -2.548003646076445 1.4316525185034374 -2.882181570976997 -1.1733586293417932 -2.017032431823246 -1.332170529177876 -1.6936321090773496 -1.1857015973270355 -1.4518989234182798 -0.5743367430279784 -1.1704246878673636 -1.9928767972425863 -0.8030222210410711 -0.32185164660357146 -0.42050518005270193 -0.30029027174310624 -1.7109076578299853 -0.13249226165049674 -1.3686538982396237 -1.2774591008403615 0.8938927170887911 1.2232349037290156 -0.7508912946291847 -0.8435412079603875 -0.15098534396753446 1.1021252967455755 0.5031451287668669 1.0184509094479697 1.040980135138724 -2.9856594440628044 -2.3821561469450523 2.8877210256095873 -1.307962431144355 0.7740248006015747 0.83153944160167 -0.6089698769720563 1.3927591208175305 -0.014716567862238367 0.6418628959140406 1.0927395110650984 0.37474264497183046 4.508793092267148 2.0076087517636987 1.6483248777371764 1.4935596901800292 2.3350445857390594 0.7740392738700498 0.8255186108175425 2.155186963822543 0.05909941725288223 2.2626263474741197 2.7562891659522673 2.5623864412046884 -1.211167812656706 -0.9076328225125964 1.5467990225618828 0.9667040235335107 1.8973324943694332 3.273614092103543 4.410492680789921 3.9076551268410804 4.176582177326428 4.182296341682303 3.9709574279277384 -4.841321264244176 -3.474030183299145 -2.9056002987864487 -2.34427783313215 -2.209450176221119 0.5065907611190555 0.043936911251574444 -2.944691744077612 -1.2700285109998908 0.6970850960084375 -1.9002884661835815 0.040478841155085224 -1.5003337172557323 -0.4551643472118206 -0.41398301528330667 -1.6470890822940265 1.0271776516571316 -1.9363161219331326 -0.04272836280140693 -0.9157281653493307 1.0032818842513862 -0.1364370985138054 -0.9611525695022044 -0.48170402108704613 0.299402333733016 -0.8517149857083401 -0.8413641926146829 -0.6388394728889615 -0.54489533339303 0.8884850562044236 -0.856959001625041 0.780712599461377 0.6026233139822339 -1.9389384585655265 -1.3677328625430873 2.4944295258006544 3.145079104997825 -1.0546979325635715 1.0993101974420185 0.7886316274184509 1.1824623128079697 1.3193324144811507 -0.32038216604288694 1.4908386493851444 1.2367652798395954 0.40496951467865333 0.008080066328299551 0.8876739999427548 2.413864810852368 2.185197249986981 3.625751366808091 1.787775910287977 1.1076370329941287 0.07298976238737158 1.9008992851067943 1.115287012843179 1.4999640516517458 2.734779756633536 0.15875037308728857 -1.3171226448896656 0.5083808112892869 1.847762604906309 2.9961000286695016 3.8982394910189786 4.225656426590827 3.900363162856724 4.397170204648109 4.458218581639816 4.299786883241527 -4.51096131354194 -3.0601393036669506 -2.3111262473987724 -1.541429433927803 -1.486255875841867 -0.676669000212993 -1.4480793255685316 -2.156035598895594 -1.3107322094050275 -1.3334265987351643 -1.3085325582930944 0.016826040037491777 -0.9753737347175062 -1.4094931051708657 -0.8546681922971414 -1.8971025288412127 -0.23760197654898405 -1.9846843372870946 -0.3503386239254421 -1.2077612045095736 -0.8642906852109192 -0.19491686371205674 -0.7549125246363877 -0.3760165310385756 0.7452487047635278 0.7734824310885758 1.7164727860783764 0.5624737888649041 -0.5987917371242323 0.764296425666118 -3.074229650525498 -1.0921046333551025 1.454853489653325 -0.42459055231072884 2.659794725916009 -0.890479191117266 -0.43719562070865614 0.023069955597294148 0.43162593918528636 0.1303716207804285 0.2729519870942841 0.4208313020926695 1.5161443472709148 1.9761125713920005 0.3634343361322767 -0.19225233345581347 -1.3845716207490886 0.37177284464785937 1.3316938016465847 1.4976820708407728 1.7508840866668596 -0.21785423289461275 1.447086343369455 1.3090509160611783 3.2736662986419827 0.03546795486525047 1.3969693167394417 1.4340983805595457 1.4004028064114675 0.40852352209238946 -0.03604714872063574 1.3630572796477707 2.052934896335603 3.34120946058711 2.4975082008843152 3.368578472600493 4.37611603504534 4.648684701842752 4.62054181772398 -4.269740183714501 -2.921177011300169 -2.316886512448153 -1.5428988387357865 -1.3545650899876378 -2.1498716705561853 -1.4322706660325486 -0.8318665471100639 -1.0699657146220272 -0.25378026683299937 -1.4119822129358597 -0.6692905770607251 -1.022405102511651 -0.5891702562945694 -1.1831900798236867 0.05747641565660034 -0.3833277513496367 -0.143382115992994 -1.2230382741570915 -0.8946741902862599 0.48460376677892364 -0.2013016722738139 0.6355755765687917 -1.4767807448294612 -0.7977701543409256 0.2943870590934375 -1.6439342630493317 -0.40757197394810335 0.6007732751530644 0.5819587994827708 0.10900032002479108 0.36574999725617185 1.524857150960912 -0.34598736445419537 -0.7866066990800415 -1.1410453824790252 -0.05945415891589503 0.5228978990329616 0.42057446246084973 0.057051873510327956 1.373812782614792 0.6925016366079606 -2.540546351184733 1.7179798632049468 0.09822667306053044 -0.5538333268123488 -0.10302301850208995 -0.9613010989532422 0.3098623736708093 2.279688661134936 2.6156980790791695 -1.0782939645557041 0.7585443462662997 0.49348975791390554 0.7597656493328567 0.2790808491169687 1.2865409094676041 1.237964328596056 1.621231661018802 1.069005464829863 0.00018930832279742785 2.5430364171453235 0.5182174957611705 0.33078418655763075 3.1546192795681764 3.7272608719678115 4.655337654783587 4.907821950106483 4.943282494982104 -4.132370680523018 -3.0307595650922132 -2.5860762804799537 -1.9475725393833818 -1.545522502208853 -0.16256133094609027 -1.244643871980571 0.1407497542878537 -2.0107648023034974 -2.034012787933596 -1.9135922651787 0.8972198820491087 -2.692063693203167 -1.0318407893589538 -0.9440895582901921 0.8347685285466504 -0.9011994016826199 -1.6890524710693589 0.16051894279853368 -0.7904898161665618 -1.1044224446081217 -1.5527584038219 -0.37097920519930827 -0.7389878249237684 0.776319920107068 1.6176919386879347 -0.5297687576893849 0.261354177475587 -0.25845338350742775 -0.5651489730710072 0.33289848628320845 -0.04772210663778974 0.109557039750421 0.29179689572577394 1.2430714491753692 1.610200993069651 0.32284830338457327 -0.9349409704589126 0.382257379707194 0.8824513625168102 0.7754218712243078 1.5278193316195834 -0.6287100055583794 -1.3886588462821412 -0.5489529286082524 2.898023723074049 2.2197033611206254 -2.200585513947913 -0.41877723997562294 2.144756002075044 3.3226239601253194 0.04585971757206144 1.3050361647230468 1.9016336324765803 1.0914435309208734 1.2956497865189716 2.243103907369739 1.972631753552192 1.344186756119022 3.0038418081600797 1.192689068773173 2.0459716358128714 1.6389562662423096 3.9483705179459587 5.096730843527195 4.430273073600175 4.974193381601845 5.142342813603664 5.270297087515603 -4.113565609728669 -3.3969271694874204 -3.1261048732711707 -2.6976152231537784 -2.3459483474817446 -1.05291222735561 -0.5698924302216481 -2.05048534028998 -2.1926301309015543 0.16301381348825994 -1.058548232911287 -0.332683488208849 -0.6146953143099471 -0.8270389109834863 -1.0686339119279742 -0.14508872562147584 -1.9200990417555313 -0.5701682009829513 -0.6022601015566246 -0.5688670310440669 -0.5681470732260767 0.03336181605119872 -0.6406552807712711 -0.3836507706474809 -0.6248065117385546 1.2298727336880355 -1.5406036989548995 1.2803832464148424 -0.6287475112134362 -1.6610345291115498 0.7372829567801917 -0.21777962143199697 -0.13969188718679817 -0.42793835403612884 -0.8408851209535627 -0.22320524300816738 1.2990814691928338 0.42106704017189256 1.2633943565110914 0.18161157967943464 0.8589365894765664 0.11319595380872279 -1.150808964583518 1.8022966310167532 1.118398030685052 2.3435222466980505 -1.496978005614486 -0.8221620183695405 0.5461832538091315 1.1967814642876 2.798043415203206 1.068473247766761 -0.002176582761689572 2.1524840147328286 1.6567677912506273 0.4953488444235617 1.2801507681408342 1.4722230373082097 0.6206854940237948 1.5199163640270823 0.8846131105212315 1.5440033104626336 1.52545173265971 1.5043855774060995 4.207921853316234 4.618832534508941 5.167706587598364 5.353944087467421 5.605341305929137 -4.1530758549057145 -3.8410099047132933 -3.818489997159693 -3.6699373991199082 -3.2779076612084364 -2.0666528910369357 -1.2476264984936436 -3.1913373332466866 0.09816528374341175 1.1411178332765384 -3.3636412707295364 -1.1701233690312125 -1.780651599970588 -1.3926660480608535 -1.1819368874879885 -0.160160415191809 -1.8046919689860788 0.24159570048777584 0.3955790115011057 -1.3051720885819842 -0.8789696431893385 -0.12028608727235021 -1.6912529732422934 0.3077488069010323 -0.6919548429924207 2.658793845728322 -2.9700127399343854 0.038356631523348166 0.38311211471240514 -0.983373886757618 -0.24992748865476117 -0.04038781552896695 1.0065940080507458 0.804418255958619 0.029936448411211347 -0.1763044145878338 -1.0531068311310225 0.6636058869742224 0.002956654727108655 -0.6285567300161358 1.428122170319612 -1.0939004881296257 -0.27740103918970016 2.951827260044467 2.720714275670373 0.9672931735737007 -1.6529234328177027 -0.7284368878378309 1.4178037297630142 3.32484919860899 2.0535424039508476 -0.32274069129352084 0.5494140394580198 1.9368404996570574 2.2519727486963994 1.2148455385601034 2.7102647289591344 2.729231423770349 0.240617007691605 0.5870069722154676 -0.32075815280642633 2.171503338679077 1.0338703098377382 2.33145348763435 4.194070055915788 4.447858465480252 5.269290750000228 5.629845221964557 5.921409114575566 -4.19065229962844 -4.184489328002005 -4.3592347844637995 -4.465539359521516 -4.372806215200048 -4.993551130054766 -5.44514584798595 -3.065237004743031 -0.3800209216509833 0.4299363865558508 -1.5606961885381736 0.10385817961436482 -0.7560585491022459 -1.329644147095995 -1.7126553525626045 -0.03738126915571881 0.07507268888565163 0.012527891390691192 -1.2015077201919082 -0.7763062689214211 -2.2921486969023293 0.3150178232972325 0.7111363939974599 -1.2234221067558115 0.35990403188884706 -0.5632503488233721 -0.5302700176594962 -0.5468909160666705 -0.33028404033406816 1.2569885758075174 0.7135792291808726 0.8902519526690823 -1.0504617151940705 -0.09381185401925295 -0.10620949065992356 0.2251700485374198 -0.8739325118029374 2.3016076776332404 -0.41588597666856836 2.1309037179521293 -1.5072857933816082 -4.872910900954854 0.425513580655602 0.5250902350060704 1.4268135634805135 0.10763143790023305 -0.8444230389472698 -0.52395483196908 3.701517060861366 6.192969223645904 0.7055432686788604 1.1865447387158088 3.525950468918496 -0.16615784074800377 1.4819456018792994 1.0686683038690221 0.9362169061300386 1.2315748817275878 1.2921968781702087 1.093172222044275 1.6016077398426616 2.006068569852067 2.095637465003517 3.9652406128088793 4.936811475969671 5.140411103054688 5.645077376639972 5.9170839134381845 6.187238875434129 -4.212505735152177 -4.379374513070951 -4.631760303052467 -4.895839238951927 -5.1292060562801085 -5.806380411684727 -4.295405547880096 -1.3769733231564432 -1.4410622212204955 -0.1458708502570248 -1.682513138209242 -1.0633162917164234 0.3195329068812091 -0.7412612300610748 -1.1905288350384327 -0.6683342973261212 -2.1072909118139056 -0.40220325673218 -2.07032959751671 -0.8286675397201262 -1.3747546996928937 -0.2521179546771644 -1.4860891817434247 -0.3174974007155016 0.21239514181223587 0.2885599639639988 0.3951578528207016 -1.1479476694257142 -1.0212465810586118 2.582421821595892 -0.26478269250328185 0.20592440903832127 -2.3848583852695993 0.8429523522673096 -0.28484560562756794 -0.17568955319663457 -0.46082829716910023 0.006077789060563894 -0.2106394469811126 0.5608957854891224 -1.6624855996777506 0.10844386911323943 4.390203753162158 -0.5550905290941978 2.091968478315594 -0.08336906318115411 -2.99349939433596 -2.9633024400254073 3.108880232641131 5.351533046490453 -0.3025143025977486 -0.6918293456807205 0.6489932929611649 0.9036824532432405 1.3335832580607687 0.4449428458751534 1.310020493606328 3.138469039452871 0.9370097620344849 0.7680371214011027 0.3891892368825649 -0.7458704947074268 2.603284872751724 4.527517397645474 5.187598542441688 5.699869091794492 6.101284017656823 6.239993801242099 6.394635380464354 -4.204846952732269 -4.384971244137217 -4.641099957126979 -4.886233049712566 -5.040508176858901 -5.700505959530669 -3.9260079865856286 -0.743976394890714 -2.4654586561473075 -1.8365298761991795 -0.25653371664085617 -2.0946096494730257 -2.0105735724398444 0.24563707815454308 -1.2953741549051485 -0.6663194137713316 -1.487037634768536 -1.169578503278311 -0.31892821020746115 -1.6651795459998069 -1.3667980171506624 0.6411218592717529 -0.5056335843715866 0.2985112576735948 -0.3844245144796605 0.9592943745539427 0.8111172908717339 -1.3172425869169169 0.1980356270601001 1.43171824899652 -0.9735482890258013 -1.6377862240457646 1.3795697425238507 -1.7904486161411066 -0.46919780881199097 0.1289430656788469 -0.44149894568906123 1.253408808031169 0.1535952756154688 -1.6528549130689483 0.1722379607727551 2.813866893853162 2.6686707894261517 -0.4831332967681606 0.7119637645875997 1.8473713869601025 -2.0710087127604577 -4.503988401136464 0.2178786350049899 2.3999663962877857 1.5761174803547873 2.017783884364255 1.7447605164070108 2.0290981656086813 0.3229413256366707 0.125011747613313 2.4785141383286544 1.3224183362698134 0.3647115909180128 2.3055787722868613 2.073078321601044 2.3621469100166497 0.4548439609652767 3.2567549712621333 5.400573395126237 6.162598536663015 6.455304031069361 6.5895406398280745 6.535387428821619 -4.170543527338581 -4.291655052288987 -4.493250318400353 -4.60120253622164 -4.422503283737928 -3.902460062146836 -2.7758356931487325 0.17885136671560425 -0.8311937325924472 -1.879567833411389 -0.7449439900567587 0.8950078781219697 -0.13895727381666326 -2.045239780041878 -1.6087209427345919 -0.7983558365500213 0.7297934342399999 -0.697692985945981 -1.1215784498376538 -0.29463508932170446 -0.26895889844944815 -0.3136922395349137 -1.679928860344535 -0.1484052286151363 0.28321914271192294 -0.6588848623605388 -0.5517969311852682 -1.268736957068342 1.1599154927597044 0.5668388246916243 0.09449170292088989 0.5510642679442694 2.9258844570242903 -0.9538380425518749 -0.1831276182633812 -0.7132007122390038 0.7267360031397143 1.3434516197806308 -4.233490291721222 -1.247318620610727 4.191064700263232 1.8429076787250085 0.47977480302536984 0.9011334882879674 0.9816576267160297 2.6248029153962067 -2.034531461707922 -0.17943105765871492 2.2512657212672185 4.4583102057101955 0.23213695222787353 1.9407775169890746 -0.9281206909830606 1.4956524934257822 2.7642113053956914 0.2788021460403697 2.052646437804901 2.976108378674037 0.583463011611639 2.9069096707179964 -0.12625264083747723 1.1316165583073172 3.0409366355277534 6.151407286278159 5.711421766204624 6.684807849343418 6.924989311994495 6.905171371052636 6.6067335609786495 -4.112463033940967 -4.188758693014936 -4.316118783720284 -4.333167233862834 -3.9974855590294616 -3.0653532400896104 -0.936417520914741 0.6620731542662562 0.03509378639156541 -2.385411483048133 -0.8376105491233938 -0.2751313968801541 -1.2569771853062182 -0.7281223716577866 -1.9500941409939991 -0.462486018238259 -1.763039144990319 -0.927461127814792 -0.6399058591574182 -0.18892498755159634 -0.8840632629986661 -0.41767081675519985 0.8526274368820589 -1.008456565011068 0.22970823988484387 0.803599278757867 -0.7263342827354571 0.3399511679291099 1.2131696594993675 -0.6070114160274134 -0.5360214603308738 -1.5018092381045733 -0.5259271372514956 -1.8325947300957361 0.36481222737598934 -0.8284419617586191 -0.21640860622092759 -0.5984983837416965 -3.9710597987130276 0.8221255534324434 1.46103080663214 0.08649469290842486 1.5145283411176125 1.2617367564245743 0.7204271539486651 1.2076239566382085 0.4161422224956906 0.749902965748892 1.7462112614674823 -2.250634666454841 -0.5236645760958066 2.739512054485728 -0.27251540432251364 0.3476795347506747 -0.03754753235091791 0.24681415559991607 0.5911498035994905 1.3016171115823383 0.44754801295368046 0.5917027644300931 0.8300956810809177 0.09122339035654996 1.5673091762714837 5.699348929510193 6.036671946591242 7.321658567908942 7.474661864239018 7.179698756534831 6.609405420042118 -4.033765144572999 -4.0972683854674905 -4.207411639525684 -4.186666848639247 -3.8022841747876024 -2.9811309192815023 -0.9513048359415587 -0.24296166255123874 -1.5888482854142811 -1.5056631677690644 -0.37115595552777086 -3.0813349251411837 -0.7739176829217812 -0.6185800361724991 -4.023925305368299 1.5258620270521623 -0.2324538457483019 -0.4598938699396581 -1.2911925916796991 -0.3386893785746891 -0.8961783285473376 -1.637299774414092 -0.817161048923941 -0.8636445668876461 0.20533295810696645 -1.1183868052342958 -1.035768164921833 1.1297515945297292 0.3074484112899216 -0.3050429527401167 1.119497847512372 0.7043629792806462 -0.6127884240389962 0.517331815385632 0.65863154441344 -0.6662280361552695 -1.275583692876122 0.21832665209534818 0.40724101240971006 -0.11192060681404144 0.13233710964836476 0.12625922507719717 -1.0599015554332298 1.84690976773787 1.06052369823181 0.6564647658038489 -0.06558302892143862 1.185423921481859 1.4525522032537743 1.3474594275569338 1.4763764521595177 0.2637230662738013 1.7062625386157244 2.874949996316864 2.0097469340707166 1.6992503645289803 2.594445532395791 1.5680793399121655 2.8720272531640956 0.11461593984612624 0.4535100706465662 3.006478255078288 2.6415712988262228 5.719220971368586 6.565405834585232 7.6353008170765895 7.743018807079307 7.35352687163252 6.552409929624902 -3.9376095312681687 -4.034252401949879 -4.152148398354396 -4.128680100895891 -3.773332143151703 -3.0942403488474213 -1.8861975248661755 -2.9538721082529458 -2.019200660134794 -2.737541783620951 -1.1653423548107815 -3.37668307452839 3.10887193377984 -0.07408698412573617 -5.474260295637559 -0.4415858859532556 -1.1718548641348134 0.02555501147426576 0.44912084295718835 -1.4857702987162404 0.8046534876237683 -0.22096081084715832 -0.45260587460249185 -1.0117223519335274 0.7406119227165674 -0.39298348941944555 -0.9709374225446151 1.2698612231555335 0.8078222862031451 1.102949224700512 0.07039042900247128 -0.37862355462506875 -0.6727975828912527 1.4523885783623647 0.11262557480644153 -0.6504936886167451 0.4818797233792216 0.9288835497434503 1.253891226530854 0.6935534770997631 0.8033170558307424 1.1926329363460182 0.18138977786269098 0.6129687577173749 2.2056547457594275 2.4164534112467044 -0.2107251418031082 1.8600665234608083 0.9525653348504417 0.8786793671077215 -0.013765246267323185 0.41372986718123905 1.8411448300285944 0.8171293504364859 1.9006624856862642 1.2505701932104503 1.6567886645419545 -0.9162257060673801 0.7419001684562028 -1.067407878103069 2.450547066359908 1.4073992899593137 2.2462757877647315 5.70754348640333 6.796605588579232 7.721371247509731 7.832662824740462 7.37467460885859 6.443498059213756 -3.832711524795528 -3.978283208766888 -4.12456850113717 -4.1605448783161645 -3.885534555330005 -3.329011356515857 -2.7140790351306006 -1.4206263346154684 0.5263387923836842 -2.770520307001196 -0.33259679897712807 -1.1397062530868174 -0.5327580346487409 -1.4036104469858064 0.43108059199775495 0.4262554144551372 -1.111112863962601 0.5856687555812439 -0.08496316623550236 -1.9058456528017402 -0.9821401968889427 0.5435209174571068 -0.5412265640028335 0.004734691307225436 0.11680409545859156 -0.8146227680013799 -0.39234447053051824 0.08283348048600395 -0.5857442691045208 0.3598555145190029 -0.3766003559510336 -0.21438560296280815 -0.015306779246584988 -1.3010850130110556 0.5240922048144298 -1.722216266430389 -0.6162265144439227 -1.0338322296531437 -0.0644378814273426 0.7459882875484127 -0.41569637374478996 0.4396921428258097 1.1545700979999998 3.9098516236789913 -1.454683115245984 -0.6056481361167031 2.2539330521443355 0.1873395904149978 0.7252095290051375 0.5935387638736185 0.5938698374632796 1.314542173128105 2.348482095901654 -0.5515464558311168 1.6964291275193752 1.4187225182609307 1.6697044574680098 -0.16181813950443757 0.7845900195123995 2.7774858738785584 2.1893649782079563 1.6516646601598257 4.21748210462306 6.281262745514911 7.13591547088831 7.530077388573133 7.659148163762305 7.3014652198082475 6.302154857934841 -3.727786455924099 -3.9094051852137177 -4.0810341909555055 -4.142390765074525 -3.8983505017136797 -3.354355697516359 -2.9777700066575252 -1.160488767949148 -1.7301786700421633 -2.1141396878628065 1.6358708444625913 -1.3139210534659682 -0.8211980634987964 -3.1050517104689117 0.3263608635015997 -1.1400917187864443 -2.5604397181321774 -1.0964686708163491 0.45118836591382605 -0.3447610035188858 -1.3859931376528445 -1.5937934201777666 -1.4645838232296793 -0.4860588567281766 0.1428391274752623 -0.3937144674190769 0.27636403242734364 -0.5900486553621949 -0.6565768646910404 0.9657958961976832 0.36641668257899507 -0.6507828716030136 0.5546234868134837 0.9719380122170191 0.23215073042984688 0.4272140688735895 -0.3099423866285868 0.5556530436580779 0.4489000069134009 -0.23746451557117634 1.377198102440569 1.8096684964718852 -0.2379586399156882 0.889786203927114 1.0380349783446225 -2.2574793400272153 1.5093395975410853 0.9315388676568869 -0.038313981410126915 1.2783791475433022 0.8469625918907934 -0.019196446310395632 0.41068770098377877 0.7224656437661241 1.2656263929869038 2.003851676004751 0.3245650087587929 1.2913885841942319 1.9457587230363595 1.7610949319304103 0.9808116931916122 3.1685612945497597 5.879397075091229 6.095413658279759 6.686015731524656 7.597185824990179 7.606347218106842 7.11022675214831 6.145788900153315 -3.6252671466665216 -3.825487343019774 -3.9929218215074096 -4.024285564610054 -3.8739889187856997 -3.360511994182198 -2.5975642452760073 -0.7402580886177862 -0.6715009976071669 0.3077560356466239 0.11701555700563637 -2.5256719528616296 -0.24697344889224515 -0.6807643715798816 -1.4360112639727671 -0.7594530716287428 -0.6985382770665942 -1.2290394988378084 -0.15623833089768815 0.11916539073407514 -1.105268330213304 -0.6374043439229697 -0.5005754525421666 -0.2860927002766808 0.5559232607159776 1.225327346953512 -1.1239327631943896 0.13627863345130461 0.3566222473626311 -0.1561481361198702 -0.8110592252505635 -0.1474982504909044 0.6568240712201483 2.7126938845478032 0.5863216656943917 0.5052345129628162 -1.5609614728714216 -1.0248952125210264 0.6618635505350413 -0.42712296508575415 -0.5704699451078605 0.64849492732638 0.5057047304642541 1.780902460471576 2.263387224563236 -1.4731510661945026 1.3282220024818079 0.9022128371565257 1.318216908791733 0.8909623100353924 0.5934180147534708 0.7269638008580265 1.04473986337105 0.9121041571104163 1.9082792402010524 0.860690797176267 1.4814206252926783 0.4976779108135486 0.8447377243226067 1.6004037417453394 -0.34213854359832535 1.2475937528194458 4.361896820827948 6.211147614998959 7.452587436778169 7.929558727684993 7.511451169619971 6.831014381768392 5.980673924062683 -3.527586419035365 -3.723400973526418 -3.915404740840891 -3.984454849761675 -3.8447363802901973 -3.449158677863129 -2.8881012873621303 -2.2818102824374993 -2.144631769181134 -1.0670644627679824 -1.6718915776703611 -1.6990875269904127 -0.8033763275094834 -1.6605177131973772 -1.0023830154346898 -0.6241563804505056 -0.5425294546938519 -0.06499970417118435 -1.5034107506407899 -1.1519307514008081 -0.40057043193958775 -0.10656500399769367 -1.9191566744664164 -0.8105458208350542 -0.07595657811300123 0.3084597544169338 -0.2829271588703637 -0.9825313751854924 0.433992284576287 -0.10740232381721987 -1.1906633719783104 -0.337262077290117 0.18550825797823756 -0.17977604844314876 -0.22178331926571054 0.8768593850707276 0.7131853080511198 0.18810420030628713 0.3054115521898415 -0.6640760797081431 0.22239882955878856 0.9027881143859166 1.089648777603161 -2.283596552393407 2.0564088505959996 0.8031499695983095 1.1596269766937992 1.0343918186096175 0.607363369620793 1.0308566012836315 -0.11016137822833484 0.5879952473216645 1.9049727714326032 0.5155583424696976 0.6577316468075811 0.4946749297837401 1.080265749515406 1.6515024219524095 1.0929791290313864 0.9714543441446478 0.66559438130748 3.135774657190068 4.258700949807828 5.933352717365829 6.751713823029501 7.17626226110045 6.883328898045304 6.38205778810029 5.812211523943065 -3.4321557964051794 -3.602886539119434 -3.767286200973556 -3.7910054363914116 -3.685898448474905 -3.4250859408094607 -3.0578894107116907 -2.9024206191868256 -2.475924642551189 -0.8582126334928154 -0.1523880603987515 -0.8372505347686017 -0.0013697406959356656 -0.7800224221898594 -0.6627699190546785 -1.1907501035767987 -1.363224478310181 0.07338769608826007 -0.9765774355389027 0.6944467137352393 -0.9897891774259711 -0.5299177202019645 0.4073131876024206 -0.313422473241693 0.3865128663885739 0.1617670200908416 -0.8897793797518342 0.09172470230244055 0.49115888317452844 0.9426594975809613 0.09057985365545182 0.48066704075172406 -0.16361802188958355 -0.8818225865114374 1.41602505764009 1.2329722191045063 0.9226723280811775 -0.8722752971227989 0.21073428511553757 -0.9249490136490554 2.038775336332923 -0.9174712093664551 3.3698231842746402 2.149158678009703 1.015161172419916 -0.24034888780036237 1.7301829776975022 0.9902361538780553 0.6625628363064607 2.1720784710028664 1.321730938396292 0.48636187316685464 1.1931565673588054 0.8281999579628948 0.797709769468899 -0.3958276868250753 1.3806976206832506 1.9621417579516631 -0.024326598789964432 0.6575384524932135 2.825308061589691 3.9634518435541013 4.824953350772024 5.795235321000902 6.600255483153243 6.524603280158093 6.202296603938975 5.853716181114781 5.635269908276283 -3.3363868021493364 -3.464789350525239 -3.568267016849558 -3.6572401229641978 -3.598963175030478 -3.3839373086969893 -3.0754986356384695 -2.6807954834367766 -2.21423105196947 -1.9459178812981135 -1.3475081371833488 -1.2380116026824606 -1.398411713272105 -0.29393677471900054 0.2504706942102815 -1.4104823606960781 -1.4443898046565677 0.5719100301451784 -2.4887941822985113 -0.7666639479146258 0.13318557375718826 -0.7480231766490406 -0.004535440956611208 -1.2835947075290086 -0.47022535900095974 0.656222511880072 -0.5310811754294832 0.31821708330880416 0.3962702007621471 1.3837699635347338 -0.5951442014404603 -0.7781451877850579 0.7095099068209103 -1.464395037906437 -1.2047112623867535 -0.8383989778920281 -0.248288290513898 -0.32255815311542996 0.9255290789533454 -0.3069427923272923 0.7944995907529863 0.036547983798125995 0.5454972545979836 0.7436257517322662 0.7966440712158206 1.1968745537118382 0.5890405622767688 2.0133019990584664 0.04764937713538277 2.2065349661467515 0.8393111619164728 0.263435962323322 0.3733702626589474 1.377231657850816 1.5378989207516598 1.1462347414196499 0.5156332404688474 2.1985275899150736 0.4279681665917925 2.2055390992498753 4.343487721005026 3.8275925659878154 4.27401862723036 5.0073543828487495 6.000895038987906 5.969521123671614 5.535095004735785 5.358594738431327 5.4464381025477815 -3.239783853636103 -3.323960263805671 -3.44243790488645 -3.530903837376534 -3.4577102689823977 -3.256083471615701 -2.9366818937601136 -2.5646935524439503 -2.2178188367066025 -2.0731708268535742 -1.3025705889595272 -1.3756291034671282 -0.08200121489121862 0.6379358286073097 0.18194064544385583 -0.9401217998262067 -0.5523477353652521 -0.08392413500311051 -0.12676745082146298 -0.5073885440649829 -1.0711624223921117 -1.2143016947192098 -0.9204564906979121 -1.0213088215522876 -0.5193703941984795 0.1727251757006367 -0.5088978578784438 -1.925430143744574 0.5195640440095236 0.18948843421322517 -0.8956065895812457 -0.5652263249752678 -0.03773101646816409 1.076406295583571 -0.20805776645007898 -1.4836091530058921 -0.2134083908594387 0.6476892916676293 0.4271093303607631 1.0104801906269902 -1.200517599667124 1.4470901316646174 -0.22679926303904838 0.677866157092445 0.3135233925454542 1.1812962669306544 0.5128492619851798 1.2143982086057479 0.03784863280381827 2.448012720109974 0.6358317923396436 2.5773927546874678 2.4188576797905945 1.3442894943867076 1.1479903304773715 2.153544692851943 0.48410695674567034 0.7702427050007001 4.013180028974791 4.1180886072955305 4.141167114414703 4.153853728230648 4.1304642731200625 4.542063776197344 4.882304850680474 5.1445890040129365 4.998933486348571 4.979659484486716 5.253852740198927 -3.1418513682177434 -3.1744647722863877 -3.2586024934383926 -3.3179654085162156 -3.26778221890579 -3.1153962958321237 -2.8665800564343473 -2.58754535525188 -2.4167127789403104 -2.882441133475399 -2.776072771466939 -0.3302759575632922 -0.03588721650201498 -1.0407105599235715 -2.556711934750617 -2.237017297160291 -0.6820700057252979 -0.5087853435511557 -1.960119971023243 -0.9019025584011622 0.10739788186046433 0.3947565502166809 -1.3146868744595333 -1.4866567061383427 0.6979529268929968 0.2501211181849269 0.4096807064515214 -1.5622944141241135 -0.17918166692274232 -0.7649606585049415 -0.5660333200333726 1.066083944664722 -0.38012525922045187 -1.01126528394395 1.2087264572226328 -0.9446840998879102 1.0052090087141645 0.6650573321426307 -0.9639748567023249 0.19727285324394986 -2.152364003511047 0.7987341994729075 0.9524368252652752 3.167154124030055 2.171682415976116 0.6246254262526337 1.4256006765314218 1.0396184233332049 0.6355339033467353 2.3379003095087034 -0.6203497051802583 1.8684764248496053 1.6969005209530912 2.371707937856327 0.45465292166537663 0.3537492047587329 1.1235699515838826 1.4334917677192531 4.1849733056712655 4.2178116187647765 4.161462142368707 4.252480765877668 4.280201893100585 4.3597580860018335 4.4978275088304125 4.622275141869216 4.596040121095235 4.661000775722061 5.060723988108305 -3.0425416274909565 -3.026963188081697 -3.08073354211614 -3.1178897391062406 -3.0714953333027903 -2.955014477124879 -2.776780972002251 -2.595641038356321 -2.5264676950545106 -2.50856148049482 -2.28020882087504 -1.5013833468338136 -1.1601369710382776 -1.081314585535555 -0.4375366937033136 0.4415694594182186 0.010118402554067197 -1.5470221189817308 -0.8313182468219825 -0.9701966546121163 -1.0644252757422907 -0.1700233469257258 -0.9202658998957414 0.9808564440316634 0.28513390473840333 -0.06864812067719521 0.0071697242263800455 -0.01309907001836796 0.6734879934273992 -0.1778040924385656 0.007720374212434936 -1.4807481895301573 0.5150190318713375 -0.47424749594067744 0.49095744412201153 0.6707589514300605 -0.46934184377265076 0.1443704228834834 0.8247809520975979 -0.6566403446871467 -0.05914512487220136 1.9821622455692798 0.7523518914813596 0.040655388079027945 0.5835348536458214 0.03252503517463147 0.8564308935398297 1.8275654340187322 2.709711784229787 2.472937655886409 0.38454704442042115 1.425312616565862 2.547351927084471 2.4306747633400048 1.1627157937790893 1.4755840235532163 2.2548600481710817 2.1549304428618323 3.81153394060957 4.317039518432779 4.242572529758885 4.127457543448665 4.20864025365628 4.143688552586656 4.200463577165711 4.255482098728352 4.2908973308369545 4.388099612258882 4.8732041407301026 -2.9418069128303 -2.8897939398071752 -2.922605540574849 -2.961080833366466 -2.9150044528772168 -2.8168555374472533 -2.6738052829450947 -2.5474550952658372 -2.4984521998326725 -2.3995708527666615 -2.2045735505611534 -1.977012989948946 -1.9381059873465252 -2.0588722882769828 -1.7949044010703874 -2.7855007501434477 -1.0264627360799357 -1.4826554259015696 -1.3750263518614818 -1.0665677781636929 -1.270106778211308 -0.26472609095274685 -1.1863810126946759 -0.2976311267631953 0.08043921905524293 -0.551215565915209 -0.6306951229106138 0.4425554572968353 -0.5683138501166883 0.4001875822836246 -0.2720729279121439 0.033707777815218026 1.7915941456612974 -1.9294242823093803 -0.08808195584777569 0.13549401504572742 -0.670113072093388 0.16067249817051146 1.2759865731596265 -0.15549798719305052 1.6375548694713031 -0.6962340362519808 0.6729697965553059 1.590883474330399 0.562973737652083 -0.27589730490954173 2.416235505690862 0.28922222007550336 -0.20121089035904838 2.351940169224436 1.838750869759813 1.9684676829524657 2.3821587361894334 -2.1904397946815655 2.136417764251848 3.0726630544754476 2.698822623697069 2.8066079781141196 4.302378047726483 4.482932884130297 4.383458660813591 4.279150820641449 4.217955698410654 3.9980201240105226 3.8948135527172956 3.950519003979982 4.0475085306634675 4.160863245822918 4.69880344671671 -2.840302107053245 -2.76391678072509 -2.783763362940574 -2.900080566702358 -2.814654238690452 -2.688182859660882 -2.5846533534615648 -2.4741679922220556 -2.4097709781584946 -2.3468085204740627 -2.2771728194409637 -2.251853156254647 -2.3504510078530068 -2.341815838155992 -2.2659680636698325 -2.4564613586116355 -0.45494111537371873 -1.48699233049183 -1.5525066522438629 -0.9366896677565526 0.5252940492489483 -2.432089632735306 0.2515236254926245 -1.7609352803851368 -0.8022527829084105 0.8496562077666645 0.7633999882263082 -0.6243219166516669 -0.08488747739285593 1.5421476115411783 -1.2523693270636895 -1.626649437477444 -0.15385357404357905 -0.3015300305497188 0.1724403613836763 -0.221388411609034 -1.4165841745143732 2.386318637284131 -0.10938212146817186 0.3064865719448309 -0.19218886069182664 1.1938467041625556 0.8554261376712486 -0.05579650185267407 0.7980792766578771 1.930789278345682 -0.3596374403757939 1.4025695399745095 1.1933022631320607 1.0670514627446925 3.0240518358234016 2.752263614338886 -1.1186487872865392 -0.50666402551107 5.338611225665231 6.027909357313904 4.613846282032302 4.27481827128669 4.641965898422913 4.593378391331403 4.412263139270589 4.230232844796798 4.039021321344122 3.791999638601278 3.6998582093741326 3.7685628599666425 3.8661075078622806 3.972720837951419 4.539635125963114 -2.7386820898841204 -2.6504592653937187 -2.6566190909431424 -2.7026045650184405 -2.6487164970987878 -2.569879732666928 -2.499599860823954 -2.4235736992810293 -2.3680758584792327 -2.334595575265068 -2.3145033079744226 -2.3182412233065395 -2.369532070260823 -2.256194881575899 -1.8955710758797926 -1.384732020522927 -0.4010072831828503 1.0111094149301887 -1.2113032533744241 -0.39292833636636953 -0.7019251107555462 -0.3013434173039932 -0.9618137726813647 -0.22233249047298087 -0.6611286008997019 -0.12285793029949171 0.47244598721771286 -0.35577306876037046 1.026671405123359 -0.13858772744664738 -0.9161461244817467 0.8275026559725309 0.14175820331551542 0.25142708401970015 0.797598280879983 -1.527497925499464 -2.3383926247179456 2.046730369257824 -0.07803646633332698 0.8228994659159299 -0.4940687549426226 0.2036089843824273 -1.1888527572962848 0.39577164241237617 1.891045911619611 0.9528150093294198 -1.424203774256487 1.3114909268855237 1.2932437986218517 1.8523881868657774 2.1488993421945906 -1.6461941509110611 0.5809563565244302 3.8638754963256288 2.6744091450694465 5.082174622645617 5.008992565586514 4.892984936703437 4.730363943961078 4.471269459651035 4.208314884319301 3.9094247312476944 3.6568273481695557 3.533566755037056 3.454656191084737 3.51244301838703 3.6639433907931025 3.8137513220742334 4.397916874396002 -2.636609696141197 -2.5452570221293436 -2.5395937176462082 -2.531810811775091 -2.503715004794463 -2.4584666536805715 -2.4032811209316716 -2.3543624794156077 -2.3285944821630276 -2.317950601907695 -2.3098769468615665 -2.28726390738956 -2.2344953347495418 -1.9704212870961935 -1.4362775677410795 -1.0685733604447936 0.7948228908038029 1.1456902264890327 -2.9423473596235237 -0.20319908269114612 -0.28393040582644885 -0.15440574075389232 -0.7237671213707377 -1.718444994900554 -0.07400900541625992 -0.4951836648740296 -1.512015758236161 0.7377971985623148 -0.3500638039301775 -0.9616522738551861 0.3327884060571241 -0.367747542987716 -0.30130494326182655 -0.0551384512814808 -0.2515991937310356 -1.5448816824714073 1.3275817580818488 2.0605229355605066 -1.5168132140184678 -0.3939960318586401 -0.49151699018134803 1.6311819124781226 0.4181684633783553 0.17732068211895263 1.4866008659953196 0.9075539871139952 -1.2273314099837913 2.528758044372908 3.009941268772232 0.11632615089719542 -0.5809419718707185 -0.9721976428327815 1.736844066724223 4.650700769437907 2.435379463675928 4.08591520277385 4.855135591331799 4.8950239195927825 4.6461200406221215 4.261050493034375 3.880782787504662 3.5191361345150893 3.3109188389600095 3.2668194817747302 3.254226172268784 3.2795551145418136 3.480777927371671 3.686849707806257 4.273270708478808 -2.5337477175614613 -2.4442127245475267 -2.432731426140887 -2.4190859405978693 -2.3919848822628684 -2.3530561575119564 -2.308876579059861 -2.274747203354619 -2.266449419505568 -2.276507387628071 -2.290357632933868 -2.2794025387788315 -2.225452119560359 -2.0010812300388863 -1.6266633879124544 -1.4193794435254703 -1.6066562931278419 -0.06199658986028015 -1.738161342297977 -0.7720318679330306 -0.06404075633025015 -1.3087315873077034 -0.31526326776944136 -0.2855047649207309 0.3759140426528621 0.19770352489385398 0.24619486141203542 -0.041662657930079706 -0.8125152338064834 1.3573009292626856 -0.8153625298191434 1.2579399804568514 0.10819096439996181 -1.317306237555209 2.265953203296757 0.23812812576151368 -0.15665821121845158 0.0453528557542084 0.762487434108311 0.7080434166796427 -0.47174638504062 1.2731458387068812 -0.3158668370118562 1.0645532095676913 0.6532607583143111 -0.7041858431646892 0.019362447127263514 0.597134696815282 2.1606137272552113 1.5691373886883495 -0.6172900604179213 -0.23360207620932186 0.9992060201420906 2.163579187718569 3.023571100304048 4.034621764414221 4.519472229203942 4.6364032558527395 4.372479156497038 3.9473770833653914 3.514440206649945 3.178723572712234 3.043162662161533 3.0136447755330633 3.0763621142901325 3.1013811877037267 3.361680196204411 3.5922824913844607 4.165320430598438 -2.429882302956548 -2.3454765197668372 -2.33026880103781 -2.3137946996150736 -2.287821163308199 -2.2529387027860044 -2.215682259725 -2.189906208265128 -2.1907055852724606 -2.2199348752803396 -2.2511887408344315 -2.2648318683203557 -2.257128500275806 -2.1424961936065 -1.9785231927666 -1.9470973388977388 -1.8921441134973838 -1.4224469246782994 -2.248519649738042 -0.31574283717661833 -0.8527469142487081 1.024838961493611 -0.49295014317994396 -0.5292894365302446 -1.1902560815965677 0.7294871726383995 -1.2648462925227475 0.11635697246629607 -0.42990922112617236 0.7533357357406583 -1.2301042746600739 -0.33770686955869195 0.9065186680228903 -0.28579230045045806 0.7165448987277343 -2.072858474784503 0.596250111602854 -0.3351105832888374 -0.21468535539721834 0.20424355391374216 -0.0971925310832268 1.4816071781793523 -0.29810707401645786 0.568085254180899 2.0444463898611005 -0.24347508086866151 1.6870469726621617 -0.5065744062828921 0.07875550386597606 1.4419727783814198 1.363369423593068 0.21722484024703453 0.9794434589706119 1.802064720697581 2.71432248606068 3.5175932257563036 4.023709942592302 4.179649597495391 3.9448303937593967 3.5347867918343145 3.1442762710464804 2.8924663317055783 2.876449351906926 2.8405509264602333 2.9436663247160926 3.1689613401620296 3.340813669323363 3.5230702625431167 4.073165960404614 -2.324799001093652 -2.2472001141277147 -2.2290613935768677 -2.2107915054914207 -2.1784950119852553 -2.1527576439194283 -2.125548106531085 -2.1043294581265997 -2.1070042859980203 -2.136250349799452 -2.17211905115128 -2.2121609826107465 -2.2909033971652555 -2.355557519762088 -2.404171513685528 -2.400396998485803 -2.322133954890514 -2.4879430862739706 -2.565781114989209 -1.2479034575805488 -1.2950168312858514 -1.211904030304296 -0.3766043038081167 0.1729314030473454 -0.46180099907386984 0.19235341880790113 -1.351141845141367 -0.34735528753935024 -0.874432445691093 0.27451237123889644 0.5486287405237265 0.1224600707668608 0.263226710307095 -0.5317454769457269 -0.41725672091916555 -1.9818359018282714 0.28645342097223686 1.390494895824212 0.40019317735552284 0.8224865476954646 -1.9074059985861773 0.692054633254705 -0.8257734280272383 -0.03359773105014476 2.300630480682572 0.6290530142054934 1.8081761033083044 0.8989552018990823 0.3867933377318489 3.349649810659134 2.436657366418445 1.3418203855655313 1.3183701556366993 1.7238555316532564 2.3665474937860265 3.0288651156791317 3.4638807285468975 3.621031514824765 3.4640114053585416 3.1757180228711634 2.93205150860561 2.7846052911096284 2.8562605032023054 2.827830352342079 2.98461694339247 3.3338799557096683 3.4017415928350996 3.491337888754029 3.9960716709977655 -2.217357799097977 -2.1485490019442874 -2.1346989135394914 -2.11791412003887 -2.0813350077405857 -2.059884405172008 -2.037906813277845 -2.0188816116669623 -2.0192912205794724 -2.0444433704010834 -2.0962151279571155 -2.186957736301824 -2.3090887220840086 -2.5199249215796216 -2.7338062360557616 -2.877532633670717 -3.124512917249378 -3.019529760524729 -2.899674591810736 -2.248087129157296 -2.2776116057006 -1.3146790901434287 -0.6048468405495742 -1.4808164800116563 -0.5472402631538766 0.18088187964865932 -1.7571943141109383 1.7386962141439302 2.630624467237021 -0.42039984030013294 -0.9900172531633015 1.0217908961304407 -0.5438581482808049 -1.212764077883606 0.6671926795293175 1.041325238954506 -0.9060204162230941 1.7430294344979718 1.7817091628066308 0.5443220997199525 0.999262507560899 -0.13130803716004938 0.30098493829398104 0.33705465901085435 0.47401951866211145 -0.7931911877825036 3.4233752882655715 4.1584164459166875 3.1235567332733747 3.4254439490338027 2.5572192734536436 1.9873886067647502 1.739742876623776 1.7837095376319747 2.164571456153402 2.624247990557369 2.9359288301527613 3.0720979134278603 2.981150249938747 2.8133809651858264 2.6889940213707617 2.640949279716563 2.800024794898525 2.976625424745463 3.100286920481769 3.293383454292326 3.374572509348997 3.473686193989835 3.9324174441532445 -2.106410326553415 -2.0479797319233946 -2.0370489596323393 -2.0240104376276458 -2.001594671117331 -1.9767308583217216 -1.9532278254136322 -1.9334449022201925 -1.930970836834998 -1.9517045372320365 -2.008146875045851 -2.1374284956078267 -2.275557480623506 -2.5227965791908433 -2.834048556641057 -2.8573325554412214 -2.8985900586053805 -2.9312005288075462 -2.9110632185241463 -2.0872917806841524 -1.6517685169227168 -1.542640434152979 -1.6314712326704952 -2.3215075576155426 -2.4270414987683337 -0.4183124101299612 -1.6119573153575626 0.5641963804854958 1.1005896421994306 -0.004332705434942377 0.4600691158518248 -0.9625166264407408 -0.19611966795525923 0.10661772653133132 -1.0294362435746252 0.5869366245089808 0.04645200151792743 0.23824129676171063 0.03979800633867668 -1.5652308005173383 1.5959156302002429 0.7029237957754072 1.0408406403572419 1.1210939237473552 1.1405971763505638 2.26373798221595 3.2966973367733776 3.5086804566338077 3.684223250542007 3.6951046332903212 3.033780518512652 2.418490662907348 2.0513114314998684 1.9048310265444588 2.0766494506589908 2.3272206293028073 2.5195306767220935 2.6258241259267647 2.5941099044408236 2.5188126708206036 2.48814199467402 2.516840348111322 2.6552496838904225 2.9081217361107696 3.064131738809682 3.1568994656752114 3.290028007808592 3.4486326623236936 3.8800280038444193 -1.9935706467178067 -1.946659308835484 -1.941809204024069 -1.9334926114038067 -1.9138506701404618 -1.8925856307345565 -1.874670377038469 -1.8529630887045325 -1.8444504673660949 -1.8397687133089466 -1.8947976093377714 -2.050145496794322 -2.204304734065554 -2.4039216286103606 -2.7613264549185157 -2.8579146613841018 -2.7244083183749583 -2.818463144677421 -3.0088241354835175 -2.1899558593103525 -1.5746006795480496 -1.7834165233249173 -1.7680509806312636 -1.853812771251904 -1.902696390577022 -1.20646444113672 -0.7788252011793807 -0.31973132218311145 -1.0910321279846467 -1.8207456026399154 0.9581588882206259 1.5533650148295863 0.49471765997806283 0.7205009293962513 -0.4326294814108608 -0.5223734762861552 0.5149747313971856 0.3079236889889115 0.320535300043772 1.3092061772128243 1.6922843139462649 0.8250776320792265 1.5320859255291601 2.1638411344587896 2.6941552038557517 2.9207446236461125 3.037914454248341 3.5568739849822046 4.296032145266741 3.9295634866676465 3.2281165615561704 2.6759906162263154 2.2657210246257535 2.061017528736877 2.078941144602065 2.1496201970113837 2.231945213548818 2.295866250687543 2.347503144754158 2.396453598650113 2.4986761572354217 2.5475340306981584 2.711448308402554 2.9379159477396586 3.1167305533766543 3.3154567324424216 3.380195000221377 3.449980835669384 3.8397454967215032 -1.8803364173149004 -1.8452050006092184 -1.843324967688238 -1.8383167916341248 -1.8242062607517875 -1.81221720696494 -1.802645837236465 -1.7836699223609032 -1.768562021488389 -1.7635971765563379 -1.8072756433130992 -1.912917840713706 -2.0605926788225855 -2.247595637612467 -2.547947951899274 -2.6892677521222743 -2.649959837862418 -2.721025346772501 -2.610814642456181 -2.03999027813065 -1.7402755252852085 -1.8103366569644257 -1.6448975133571069 -1.726745240104996 -1.8376003235106453 -1.3235356597251982 -0.7980690453204788 -0.6760978160426808 -1.0002308726718259 -0.678877578549903 0.6438377668781059 1.2976464080391137 0.23418455842677932 0.32463946268473637 0.5099251531201375 0.6054769832288461 0.5749257267509327 0.7866743881411044 0.9739092926681121 1.3371781832420142 1.637791113880632 1.4192943054397804 2.135180189877655 2.3287265792609246 2.690236736789348 3.172770274112984 3.2746627726052187 3.678232899990763 3.9845758547131087 3.733571971195024 3.230321491666087 2.7885262368247403 2.387785423315118 2.1704152522600535 2.130150458526385 2.1393215074355667 2.1834812219052857 2.252511617140328 2.3504816398333985 2.3927010363772023 2.53690054989208 2.535066157686981 2.741377608233734 2.9799494182322026 3.1242484159241157 3.4962114554587695 3.4965434243872338 3.4779254590528597 3.8112163709355302 -1.7667726043814138 -1.7430916235253593 -1.7423225433444693 -1.740988379854552 -1.7344191001759661 -1.7258147411369555 -1.718008340952978 -1.7147946757033934 -1.706828510607218 -1.694692156220795 -1.7268390451775901 -1.794864060711885 -1.8584270915866863 -2.017870080165348 -2.239007908930038 -2.32302991216497 -2.3248632152742097 -2.2826551506519124 -2.163225394045811 -1.9898007429859597 -1.883228328896194 -1.8570659772081715 -1.829741347919327 -1.8543911902321977 -1.805316948398118 -1.5750334608325167 -1.3138127695788961 -1.0947298918763666 -0.908969633603358 -0.5399832809945149 0.027376751541668957 0.5416306713613559 0.6029393579874757 0.6064848864711365 0.6758153698428209 0.868982076903739 1.0573397362577808 1.3145951562111526 1.5723928375106448 1.7422859619227455 2.0036589601392656 2.194715872617099 2.490943403854432 2.662672126029184 2.9601480080264313 3.3172366965736053 3.5058816998375635 3.645082379306121 3.563848149765098 3.39368234952667 3.087080925363737 2.752295958718588 2.4676662130443976 2.29538115888916 2.250561810100131 2.2583242206855707 2.299144376066753 2.370828800944387 2.45619251014734 2.437885968672748 2.580293392201785 2.7159266964162865 2.8647398709812077 2.9875483783789574 3.0680845645891095 3.2776175873461706 3.4145291957972255 3.488172964507932 3.7912707524378213 -1.6513228540183216 -1.638526446801425 -1.6415264032554182 -1.6451039952224062 -1.6444114506179808 -1.6406635726744745 -1.6373043572894757 -1.6480736386998207 -1.6525907123978565 -1.619086530364524 -1.6442827953846553 -1.698892798182111 -1.7335053928802664 -1.8141700637278333 -1.9095820585048717 -1.9692200525402859 -1.9962677481385014 -1.9574918958346288 -1.8798221532241937 -1.8237864676650697 -1.7957741338493864 -1.7998715172416013 -1.836867453590859 -1.8606296282159733 -1.8232657628294553 -1.7264913901914398 -1.5867702893381348 -1.3641977105718999 -1.0537779146613933 -0.6369096023425094 -0.15090646106429137 0.2599145229203536 0.545339436046632 0.7622759030499962 0.9175165311072192 1.0663988560427342 1.2606686945689565 1.499597385073173 1.7642282857870448 2.0349854990779006 2.2653951398243297 2.4799070583372544 2.6640184386582093 2.832015027130861 3.014565527255078 3.2150883518055946 3.333989863190152 3.345605868766457 3.295089998223784 3.140149747400684 2.9201941723548273 2.689887264214948 2.512157689846893 2.4016536374581277 2.371493749487301 2.3904877369929487 2.4347533643962884 2.4863074602935393 2.5592331370642483 2.634416044076268 2.7493737281698927 2.8854271230526636 2.997704092901888 3.1006772641410074 3.1749982963105716 3.2511803211595622 3.410486602508086 3.5111352858005027 3.7792131466289667 -1.5505012546586265 -1.5470992110299355 -1.5535372142087946 -1.5615940215158544 -1.566437491076366 -1.5695507561671014 -1.5733036274901258 -1.578781067169819 -1.5821793387428351 -1.5781800525482486 -1.583705798817791 -1.6006478588732171 -1.625532459369865 -1.6597990131782216 -1.6953873356528837 -1.720055836947172 -1.7236840669360811 -1.7087280099751772 -1.6773185988703383 -1.658665250219652 -1.6679697697056188 -1.6996581800667332 -1.7503805149401734 -1.7884472179942974 -1.7825554200687863 -1.7219465526247066 -1.597728634625854 -1.3942599152955713 -1.1017524418568851 -0.7294815169841484 -0.2877561270982784 0.13860597505918773 0.4785158461507979 0.7376512480471029 0.918793584538648 1.0779644059056368 1.2701486838248432 1.4980263222000088 1.7643998542229768 2.0373981687081737 2.271803125799975 2.4736092018848046 2.6364369291924556 2.771027047607825 2.8836129001402684 2.9714631246010064 3.019969161869066 3.0184970549393255 2.969205961910771 2.8777686299120693 2.7540867507838125 2.6268356505983506 2.5342037074608594 2.48323379092409 2.481682608981012 2.5145520562037933 2.56503076865002 2.6244978976896087 2.698318689872215 2.7821232505766824 2.8793914541679277 2.986402027550841 3.094386370644881 3.201508992189828 3.2950831117910275 3.3727901985731648 3.4680510919670433 3.5398325538324023 3.773816727649989 -1.4582398211690974 -1.4627664861204879 -1.4721695515420585 -1.4842341805479453 -1.4942491535689522 -1.5028906225953018 -1.5106557198178476 -1.5171677782073663 -1.5220360785200762 -1.526364816907068 -1.5312559060737072 -1.538025287246729 -1.5479884329624505 -1.5589058707319357 -1.568548771806183 -1.5727673002210996 -1.567472501939975 -1.5550968729507968 -1.5380484522616882 -1.52809402539702 -1.5369815856535667 -1.5602048604193817 -1.5932634637058338 -1.6153955927049855 -1.6058394189679752 -1.55332487189035 -1.4465818808676478 -1.2722767412643938 -1.0170757484384474 -0.6952945829741359 -0.321250698317912 0.04934064897541526 0.3607520356418563 0.6080149180628253 0.7861634981621368 0.9416364147183925 1.1208716339853109 1.329013357892933 1.571207325672501 1.8175647946011604 2.038179023651768 2.2268431716327863 2.377335790358568 2.4957144316552022 2.5880384562360113 2.654290318923765 2.6944544349449 2.708254024056529 2.6954094811317244 2.662200298543896 2.6148848246468797 2.570219493260215 2.544966067420139 2.5438171812517827 2.5714659161156357 2.619485963146533 2.679447183787101 2.7482939690784294 2.823031843211213 2.9043906278065266 2.993129874362681 3.0864171330994363 3.181461474344979 3.275337646109448 3.365935204040922 3.4440784889295553 3.5116502557341334 3.5699966256201603 3.773947877459654 -1.366358320617976 -1.377034032032974 -1.3888173733776108 -1.4041640095574828 -1.4184778289521043 -1.4316600069888077 -1.443105424319514 -1.4530614185858601 -1.4617389771000604 -1.4693453090625548 -1.4760850138375434 -1.4819044786628546 -1.4867499033985034 -1.4896979566160566 -1.489825293433954 -1.4854489540555313 -1.4748859777182284 -1.4596131920931785 -1.4411074247821738 -1.426188095910068 -1.4216746255967505 -1.424235345143099 -1.4305385858496409 -1.4270943294406446 -1.400412557640363 -1.3422257782222125 -1.2442664989596177 -1.0950144009025973 -0.8829491651011635 -0.6187207836568047 -0.31297924867098864 -0.008140562743637506 0.2533792715253412 0.46777554512523495 0.6312435490453343 0.778707341918027 0.9450909823757095 1.133892499966211 1.348609924237371 1.5666017317691125 1.7652263991413677 1.9391164138776615 2.0829042635015176 2.201295242931967 2.2989946470880165 2.3773282292772353 2.437621742807193 2.480974815058995 2.508487073414239 2.524314432814722 2.5326128082090293 2.5426355951882993 2.5636361894381072 2.598023855842965 2.648207860602622 2.7096395812559058 2.7777704136605204 2.850880099500732 2.9272486356100758 3.0069645414323074 3.0901198901823586 3.174772429654241 3.2590294052892808 3.3411339499652555 3.4200186098514855 3.48803978502822 3.5471561640102562 3.5983027196938084 3.7761570497675723 -0.952148810082103 -0.9784243067524228 -0.996773900486195 -1.0210827706731431 -1.046686650870434 -1.0730864030113627 -1.0984510987382723 -1.122684271903501 -1.145593838118555 -1.1665742272384634 -1.1850130040374351 -1.2002685892791272 -1.211698910836568 -1.2188558162727456 -1.221291117762702 -1.2184569556943734 -1.2098054679149612 -1.1951860232728755 -1.1744479904341014 -1.148290798272705 -1.1174138756496457 -1.0809114136328726 -1.0378776032893917 -0.9857153044283795 -0.921827376858946 -0.8446975290642265 -0.7528094695273556 -0.6441150820495126 -0.5165662504318896 -0.37259475755161436 -0.21463238628581957 -0.05133077778042161 0.1086584268186665 0.26398399321320754 0.4132946871049636 0.5624565579707722 0.7173356552874651 0.8777640283852876 1.0435737265944793 1.2095895129351732 1.370636150427496 1.524978916578447 1.670883088895025 1.8089494637176806 1.9397788373868654 2.0637370288362447 2.181189856999497 2.292647909000059 2.3986217719615963 2.499667914818576 2.5963428065089285 2.6894737198714416 2.779887927793325 2.8676199950737233 2.9527044871862422 3.034447908787974 3.1121567739301237 3.1856906256648445 3.2549091378873833 3.3201473625906823 3.381742174177006 3.439422099598019 3.492941048693054 3.542340342260254 3.588014839115753 3.62659441109527 3.6596330793983807 3.6874267306918833 3.778855804718246 -21.962591292180356 -22.568942834988757 -22.777044131395566 -23.024114312971047 -23.295187844915443 -23.59628995339104 -23.90086158736807 -24.21433354906259 -24.541228387866223 -24.87401244412307 -25.20618118463816 -25.53688185844964 -25.86508247163522 -26.190663264794132 -26.513677189669085 -26.836541449023777 -27.161669583384434 -27.485235801995927 -27.803323758163874 -28.10709208430178 -28.387699994131875 -28.62962315967499 -28.817337252624803 -28.90986310063841 -28.866221531371387 -28.732259671064114 -28.553844569341802 -28.486539383873183 -28.685703165036955 -29.152201938156406 -29.88713353534067 -30.73064096336828 -31.52360161720645 -32.17747999239565 -32.60291758782821 -32.7872213807904 -32.718644119491685 -32.4478532097244 -32.02561970579626 -31.593507026640214 -31.293226578216647 -31.134923911776777 -31.130368070249745 -31.138629348946875 -31.01860698391776 -30.74598389845507 -30.29596909382504 -29.751724129021813 -29.195852413405504 -28.648887027277905 -28.131753389868773 -27.62225370557519 -27.098812489740556 -26.559733375496275 -26.003308096683035 -25.439192340700586 -24.87705657261306 -24.318049781186566 -23.763292379284774 -23.203291490712942 -22.628620424428803 -22.046327705650317 -21.463065516446548 -20.880646797053178 -20.293971651739167 -19.777374326089042 -19.305608535179708 -18.85741387162379 -17.02060990648223 -18.685137708449986 -18.923185026131 -19.03466515873443 -19.17475070402421 -19.3244163683943 -19.48832180759165 -19.655098395036642 -19.82973644304756 -20.056781664404923 -20.29767526095205 -20.54935608881878 -20.81740867369305 -21.1022814936228 -21.39842364419967 -21.72000110306521 -22.052451568086074 -22.388034844871658 -22.720899255483925 -23.03396785131284 -23.29800544876033 -23.483973731890256 -23.56820006920627 -23.52701859382262 -23.280386406662373 -22.749277176078998 -22.012399712577835 -21.14094997467117 -20.51698821759754 -20.49439136245693 -21.02575363932237 -22.095303352737368 -23.350671217840627 -24.460758992079786 -25.330131096200944 -25.866202075401016 -26.0300256665405 -25.834637500826204 -25.40152170352126 -24.851573897878108 -24.400167855508354 -24.271305050995164 -24.366221785023903 -24.647318595133797 -24.938831894390688 -25.051465275979545 -24.97788656233024 -24.722146258948516 -24.379058632464158 -24.03125776870686 -23.684143124681153 -23.350839150941184 -22.967801932094112 -22.49588814094314 -21.941655391580753 -21.311385609562087 -20.660950982757093 -20.048616539176653 -19.486552756746587 -18.984592543751603 -18.515777280731733 -18.055898723802606 -17.59982021271646 -17.1478526038037 -16.696273809389233 -16.24883140721676 -15.849162730714422 -15.470766794391984 -15.120003642694869 -13.654032807016268 -17.909076543540355 -18.043836709371863 -18.125435264252488 -18.233649021025922 -18.34931267524518 -18.470906906716884 -18.59892700780625 -18.738454677950287 -18.93919639019846 -19.15900245874013 -19.397093615172174 -19.660137299574643 -19.940480154817426 -20.239424595165673 -20.57958196547471 -20.92128777465677 -21.261480221601598 -21.605051505075778 -21.922373763250263 -22.175001253696568 -22.317560650185538 -22.336472950180063 -22.21496664549728 -21.849124440048517 -21.14093755100277 -20.153490700195977 -18.910165906749526 -17.987007987550577 -17.855915985435043 -18.379086081103416 -19.45802803075425 -20.730368321739697 -21.826625223422756 -22.680008257030593 -23.313984426563156 -23.537549026410097 -23.3177970992266 -22.807534641862503 -22.15717362738382 -21.723603686560633 -21.844473675020236 -22.232396067666272 -22.73023250103742 -23.164768025303662 -23.328436279033447 -23.293177795131264 -23.11090273079691 -22.888690981413248 -22.71495396150396 -22.485576141193203 -22.254345531389667 -21.940960847512176 -21.493476414560586 -20.923776950697054 -20.24575323433665 -19.535024119687108 -18.876568669343296 -18.289214196748677 -17.787546749964328 -17.337183676409992 -16.90680391981355 -16.48522872864925 -16.07274445743972 -15.661186848677008 -15.249018480923297 -14.889137399122538 -14.542650179000663 -14.219185058833006 -12.859466956651863 -17.109277147096662 -17.12739290677087 -17.16618094931355 -17.23101645808339 -17.32507283459797 -17.402770330954784 -17.494850823291817 -17.61832714169822 -17.78478595944358 -17.98878864940784 -18.224321900623437 -18.49183473266649 -18.773525564251475 -19.06964448253523 -19.361292977979247 -19.696038241885923 -20.03089488139691 -20.413382839677688 -20.7578147399203 -20.985431964488708 -21.034055274846295 -20.954893843812773 -20.749487333745382 -20.29490089824655 -19.475103222042094 -18.285730894532488 -16.714939057119228 -15.492742917835788 -15.39544628308034 -15.989085212996375 -17.04778949419472 -18.276807374248712 -18.793781208143496 -20.962132880803946 -22.626368047140332 -21.34779408926267 -21.423312029646247 -21.537440461731524 -19.983603848226362 -19.066115865587914 -19.27039475555163 -20.018426147166004 -20.691418778573254 -21.08569957290629 -21.21576727462989 -21.273678927344594 -21.272932834403715 -21.238808157858976 -21.294077959398102 -21.27945423208388 -21.123942452164105 -20.8407198895417 -20.408831006222524 -19.831532530885948 -19.126334022827294 -18.373064725471195 -17.67583506520256 -17.058619615602034 -16.55305758117471 -16.115153884685686 -15.704681795767085 -15.306173507929351 -14.934010692551619 -14.588350337430322 -14.221686608859587 -13.915457295548133 -13.60316363774984 -13.289297390834472 -12.047579733394935 -16.243830878744724 -16.130213946761355 -16.125985778116288 -16.146059809494 -16.214353369928855 -16.249888332800573 -16.302549204030022 -16.405802113243258 -16.566721497186595 -16.794948527200468 -17.05504038413927 -17.339071024514457 -17.615430380241207 -17.867077667546024 -18.115618093578625 -18.378509652910918 -18.629206567697732 -19.054990825026465 -19.423948403344234 -19.588919362422892 -19.490422072097648 -19.267881756024725 -19.000911493061402 -18.65712866280415 -18.27450186234384 -17.27254752384398 -15.472727469806234 -13.744437017811778 -13.38557080433624 -14.208200927625613 -15.194667750415604 -16.848063153515767 -14.347175634023442 -15.769911840697338 -15.957479911432007 -15.798421322412239 -16.258565031864133 -16.209163498242862 -16.132105752037578 -16.45998150752032 -16.68054080835485 -18.455757110125177 -20.438021607833946 -19.600711744786746 -19.037025337922785 -19.1692000129316 -19.26802316384821 -19.39312513126292 -19.645248476998244 -19.96728240746775 -19.827924201181002 -19.47806810011396 -19.040360937479857 -18.498791089773277 -17.83164037404277 -17.09980529951258 -16.410148474066837 -15.790379500894076 -15.27610266861813 -14.837280009844616 -14.435212861328157 -14.035928902594351 -13.696487464231494 -13.436078910025552 -13.118936314029032 -12.85408447774845 -12.571574280049697 -12.291913505202153 -11.180046264540131 -15.275740007354784 -15.0153912068297 -14.995952318866916 -14.992037908394936 -14.980212513258623 -14.970366352608657 -14.989550227274199 -15.064789849625303 -15.241278194251377 -15.493758563872287 -15.782973116023395 -16.129190453196752 -16.40707895911682 -16.569163950068347 -16.68179193949003 -16.80235489224061 -17.042281788697863 -17.480841256000904 -17.849565281343754 -17.953684950682177 -17.709870614378154 -17.3217175249317 -17.061712181521905 -17.079644853054557 -18.251934863535087 -16.77789087194127 -13.120232482925699 -11.370077340513093 -10.333853460236805 -15.17724702984374 -15.888468206531675 -16.592880629711896 -15.21754315220448 -15.972819411076662 -14.323448912424995 -14.926270750824026 -13.821607627288536 -15.098603834365555 -15.33929514345804 -14.784502355870085 -13.697624221761144 -14.85407326375532 -15.477296645240108 -16.14933853862863 -17.073633590962714 -18.120991814983668 -17.412161830986204 -17.929035731945568 -18.502815986324922 -18.476143407816494 -18.262431025084055 -17.827823837516945 -17.379816956529414 -16.91222712588105 -16.340638186261874 -15.686323280283936 -15.046005460157224 -14.444434118658094 -13.922097779445838 -13.475243613694648 -13.06332389073938 -12.68775797272794 -12.3935740988596 -12.152938158266 -11.877440371703708 -11.663834485780686 -11.42231971686518 -11.188258986420882 -10.218573569337833 -14.346294120622382 -13.945228902908813 -13.892473524889125 -13.844904969869376 -13.778256060239512 -13.741970572069588 -13.720457184437553 -13.789707474750767 -13.997045127456747 -14.279833690798437 -14.663548050973457 -15.047056154669143 -15.262627736770611 -15.356084034824676 -15.337471778660408 -15.05704813353464 -15.478350868484931 -16.18609780832133 -16.52309939749179 -16.713738024836317 -16.639693716208914 -15.831893359786864 -15.269827150718067 -12.678970282895179 -11.955811811641448 -14.253974937496965 -13.017473025608444 -13.997637227053715 -13.594586787494677 -13.84061396057911 -13.664761734648001 -12.957156857573702 -12.693200681052948 -13.404190819526942 -14.049215278881958 -15.29499070612181 -14.165033299939545 -15.5532448564823 -14.870633160213211 -13.99524927161398 -15.6527262869338 -14.302118181122278 -14.182608469874117 -12.73346497615221 -12.609099364246905 -12.823927074480316 -12.284933683206011 -14.724052002976642 -18.488533504739987 -16.670362191399335 -16.503419666619273 -16.085485172891993 -15.730551854560492 -15.33932722417329 -14.881484706611898 -14.342623956659803 -13.787923124317315 -13.243850810717152 -12.728317172477437 -12.268393499504635 -11.749341810579653 -11.396576249305044 -11.137720999052675 -10.942676767483094 -10.64899864547136 -10.579292646400352 -10.323292487622432 -10.126137528394269 -9.307156391541596 -13.458050811747208 -12.925221311581165 -12.834914046816127 -12.74951544487908 -12.645129751243969 -12.556334585142437 -12.491751558661692 -12.55823165121019 -12.78511408378249 -13.140864099207782 -13.641520498234224 -14.070914218240416 -14.193706907945936 -14.258802439386134 -14.12961729767985 -13.753352301364458 -14.351908883042723 -14.646075206621077 -15.033500920531113 -15.759187977483526 -14.998399476802906 -13.2566240927675 -12.921040173001606 -15.367994655349788 -12.954351898230069 -13.307282632036923 -13.292057856930173 -14.28065267595595 -12.61832388289699 -12.839609443248982 -12.780414863565035 -12.615816016283029 -12.79098737603468 -13.89464401647089 -13.885444798091168 -13.084321451619052 -12.016233415541963 -12.72730762203512 -12.751506449094485 -12.615207085944355 -14.426365446776513 -11.802723493227015 -13.902169483199204 -13.509094325290915 -13.204119845575233 -14.398469085309747 -13.656821027046341 -12.870274040447653 -13.15774607557636 -14.234907711214984 -15.042045502061557 -14.48321445222699 -14.139105705392245 -13.874488415809257 -13.55063492101751 -13.16154057151677 -12.698296212723214 -12.189545208200554 -11.590982351070418 -11.17697677228479 -10.466636532636148 -10.12114095629614 -9.96750015532909 -9.831221757153683 -9.683265249574532 -9.790632819736185 -9.35089631941469 -9.115971588770295 -8.447409352044478 -12.626368127503554 -11.975370532353306 -11.843788221522319 -11.72340751706296 -11.590024307653835 -11.428512591835014 -11.293429426312153 -11.34649473336914 -11.605563153315156 -12.03604574906315 -12.622386152014156 -13.12656356442458 -13.333839746973311 -13.319192370988613 -13.081917361901379 -12.93784029030254 -13.408017302886822 -13.747336157604543 -13.41365965252156 -13.31703329678472 -12.711869919749939 -11.733057554615513 -12.383664585317192 -12.270275589266122 -12.223971120328965 -12.30526665114524 -12.879692926306578 -12.22592452781769 -12.184458801193893 -14.867532013245272 -11.78266255695855 -12.3229378071708 -12.48441305043964 -11.536674752997012 -11.513584227788371 -12.764792215014165 -12.102303523245274 -12.500019130425056 -15.040872657019607 -11.93520967861381 -12.155019921304593 -11.115569970646789 -13.135367294342187 -12.290722392338061 -12.343881644493363 -12.072507468855035 -12.51585630133408 -11.695560284101234 -13.217672972815562 -12.14904297705699 -13.097466987112536 -12.620564227424383 -12.797465869875841 -12.827787122552218 -12.566968199892507 -12.276293681795782 -11.894319452002835 -11.404063194887792 -10.763886469645485 -10.286836235137617 -9.622634362533484 -9.070543984059622 -8.578215571302065 -8.769154948553147 -8.566159499415052 -8.377105749555406 -8.283940996940997 -8.17386955268213 -7.653929922458852 -11.867828501407718 -11.1159554719918 -10.961224842163562 -10.806565315930195 -10.622289405952875 -10.414144917548072 -10.243545375355344 -10.248542044808222 -10.51111231216953 -10.983954614583968 -11.631817621869256 -12.192182664668055 -12.40055108731038 -12.350226919820225 -12.10390733141225 -11.736275101577979 -12.222740913597857 -12.532441292045336 -10.499294325442836 -8.92449041072428 -11.334935387091525 -12.493459654232941 -11.706060299392515 -11.715813418313529 -10.907453632553683 -10.526680696405146 -12.132077866178516 -10.99769046301183 -11.072233904102255 -11.247480602161568 -10.301304696935052 -10.852992478843088 -11.258554490622135 -10.644768996255127 -10.681650420730483 -11.857113915611585 -12.737810219079481 -9.726914829750735 -10.886050477579014 -10.799473148549886 -10.89598616157406 -11.305891339732602 -11.112108360206749 -10.53774563982361 -10.729356157463654 -11.604280322325595 -11.33078794603416 -10.253090518064235 -11.55044306249235 -9.610229783499843 -9.710059140109326 -9.230221667573117 -12.722136245700288 -13.233611653475025 -11.787256718856188 -11.436903006136172 -11.115241383156889 -10.794664991435216 -10.233120365640982 -9.614973882288176 -8.960546185664125 -8.130588625011903 -7.439435142333815 -7.5929194171726895 -7.3823865500636625 -7.392432977607143 -7.451071036739649 -7.3543810504967775 -6.940385887363815 -11.199933398193775 -10.366989949162491 -10.19337183205761 -10.010172606623946 -9.782264414043519 -9.53033428541633 -9.319704829670977 -9.281498518147357 -9.531386717466624 -10.009870243850369 -10.71042964167384 -11.360072951996628 -11.568013208363016 -11.443778431414723 -10.987262512638713 -11.292597732050776 -10.735791367951013 -10.279459922658148 -10.576453912212491 -9.60965995598402 -11.108319656463589 -9.61493654551584 -10.224034052585104 -8.747082395878692 -10.699490055386345 -10.565967305593668 -8.975217553616485 -10.68039440999553 -10.124413541988222 -9.752285704354877 -10.960298373561725 -10.142452682405388 -10.158198444381366 -10.901805885804974 -9.779315255484114 -11.439915945210002 -9.409779482703543 -10.625755105414509 -10.318061699081614 -10.83802111692572 -11.179369731229436 -10.819819825820941 -10.60370180667337 -10.600669545262125 -11.627125924120268 -10.41129362320378 -10.536995884291155 -10.834017570451044 -11.367594753735842 -10.461153628516232 -11.052561146382525 -10.263796281165513 -9.050903805673885 -10.551897736313656 -10.468037309344679 -10.550874709985239 -10.382104818809728 -10.24845283957793 -9.664956753015101 -9.007572239640336 -8.264985209385216 -7.515855616969121 -7.047461734381597 -6.8138485409512874 -6.49338417087065 -6.434372833886637 -6.699544822931989 -6.658680186023316 -6.320478791386639 -10.610159987219143 -9.720724871989795 -9.534376721867355 -9.336965917141795 -9.100924028487182 -8.81814782489499 -8.567225689568176 -8.477015719640722 -8.69919073040061 -9.156413597389527 -9.831418767791646 -10.431034445025603 -10.606863605036333 -10.432940752772314 -10.040241245872975 -8.990470499102175 -9.248191294245306 -9.500747375001648 -7.101640313933385 -11.591954807144873 -10.471914762147163 -8.553167806343993 -8.859786428621227 -8.108890894660224 -9.240000459667803 -10.091314571899279 -8.27686885125957 -9.739645168716908 -8.225009317634475 -10.249964813388099 -10.145253745771695 -9.141237001160748 -10.148258006435135 -9.622959102175672 -6.9899959249694525 -9.387420316929619 -10.302281103786656 -8.729923780789258 -9.485699619901967 -8.606108803245998 -8.084023915399325 -8.960133371658632 -8.497608548290364 -8.38123168945667 -8.187677664195904 -9.66574897627865 -7.566570034829696 -8.491652737726753 -8.696307497384252 -8.507005249206992 -7.359394271371793 -8.691072875775289 -8.97040310833116 -7.867403121113021 -9.600893334173646 -9.897445143826404 -9.5246667930764 -9.578420953471452 -9.114944846899805 -8.506346823552688 -7.876187562811979 -7.198320590183205 -6.696654960449563 -6.221600435014591 -5.799975676748593 -5.701039670965584 -5.898909220889109 -5.968286414052037 -5.781317171692542 -10.086051421314007 -9.16968071146758 -8.982867466950788 -8.790042440316224 -8.569419840994508 -8.29121014806787 -8.043772628430006 -7.9193950770899955 -8.074641532686073 -8.432316050546616 -8.936385557329745 -9.253378890122654 -9.338292583454948 -8.706395982415891 -10.279903615352445 -9.254112473242037 -7.154242820035924 -6.712882505758377 -7.236687150899762 -8.736988234600929 -8.031521942878541 -7.7399700706003145 -7.989889961654528 -9.58297732326599 -7.456033500267671 -5.160973565028743 -7.113523122559642 -8.485616618134872 -6.272575719303782 -8.150709434780495 -8.780446716635526 -8.944611430695973 -8.065105042386618 -7.529276303469589 -8.254497075628395 -8.367313783287377 -9.485037140500596 -8.01946329088307 -7.463744647208373 -8.410889688514237 -8.093369597789119 -8.144485441348738 -8.372051841386696 -9.69647790842234 -6.455691241847556 -7.982003441768817 -8.854744359600964 -8.874000904451014 -9.6823608454699 -8.175768556960712 -7.692111650456424 -9.30990183770393 -8.123495314675676 -9.88956941726822 -8.946546717413103 -7.540124991974085 -8.243403866858648 -8.905638667591047 -8.635799007933587 -7.958144345020801 -7.387146480956812 -6.771243363709983 -6.1587600826820506 -5.659721083224028 -5.290214468010023 -5.268035594724387 -5.345596193653197 -5.414712646865452 -5.312713418211221 -9.619674788442607 -8.700679431508897 -8.522746122914604 -8.348254923443397 -8.13352621559946 -7.896418003972467 -7.695282194407894 -7.584203107829441 -7.651002465818702 -7.81689222814317 -8.033312873978346 -8.103884694015152 -8.720067961487015 -6.866655819997938 -7.486928391265097 -10.15860239671994 -7.228224439416916 -6.804917251962511 -7.518629055774601 -7.512161518849612 -8.220642014252338 -8.382857752622586 -6.2585619845621965 -6.94199745859354 -5.80199399861732 -6.818814789068209 -9.977501799732694 -6.544736670712384 -8.555606491013416 -7.916932136459477 -6.525123892577597 -5.335858134091224 -7.301077482107634 -7.501282660597256 -7.643637425846829 -6.618498315267757 -7.149338637615755 -6.301707379269259 -6.698664786066448 -7.508541661264954 -6.794228929823207 -8.47931036136945 -7.726288411112547 -7.020573811842081 -7.785519703939609 -8.736637062014125 -7.796057558499578 -6.311573408874254 -7.990239625166635 -9.465925302217974 -6.757635170576498 -6.761216242466484 -6.196334892522336 -8.222222757158148 -6.951977076480871 -5.298090802308193 -7.2913345015288975 -8.69322335671777 -7.868509801028887 -7.1248450779549275 -6.615603110374741 -5.965839719015113 -5.627978836482361 -5.30490802326108 -5.083174804517814 -5.048157509392498 -4.984758584256379 -4.988364006433348 -4.91286542368057 -9.20310191396943 -8.300566890142335 -8.139495724246022 -7.998914203736335 -7.84432168693696 -7.669726124833767 -7.515754249845938 -7.4057317984026625 -7.372854285683071 -7.314863448780039 -7.167431878415362 -6.596455219289565 -6.122016592814847 -6.173187055589683 -5.495318920690494 -7.238001860211461 -4.7634365857884 -5.897253826609919 -7.405795156701908 -5.110410952220463 -4.556499017043504 -5.1294829690681505 -6.1415212385539455 -6.330551750539285 -6.945708961018473 -5.979400449422262 -4.219011188662102 -4.787071025928373 -6.081191621592597 -4.589224595434737 -7.0440755634034815 -7.017312024613935 -5.844108544584497 -6.166843378716323 -6.534110073013018 -7.476801928991184 -5.56854090979856 -5.318902792060826 -7.686543944495936 -7.085750796044597 -4.996937907545691 -4.9774862960157495 -5.320695993157007 -5.984331130052783 -7.763877184477505 -5.093255794168343 -3.997491301661816 -5.6911672520623915 -4.214549774803402 -4.5696427999828755 -4.48687374627857 -7.816749934470831 -5.705888543788376 -3.657355834274734 -5.535357802160753 -6.645683136855488 -6.668540876902146 -8.103239388430698 -6.234778099240637 -5.950981261808145 -5.728286767313835 -5.41064449942942 -5.251228252901082 -5.099985837919886 -4.9387903952210745 -4.748048781087965 -4.682557779769778 -4.674280215309118 -4.579965002585648 -8.825055772523225 -7.93885788645956 -7.767407324157062 -7.658436449066118 -7.569409197819961 -7.445575073552147 -7.333270722176359 -7.216636802926459 -7.069864801155238 -6.8078558870850125 -6.308237657992003 -5.475789820835912 -5.970924221289566 -7.959606419384125 -4.607676139817336 -5.066477313138414 -4.934565918298055 -4.689724960866337 -5.281528648960976 -5.411867757176549 -5.4377341597949345 -4.908054710106935 -4.299061876314304 -4.524406334011114 -4.411524733182626 -4.452792462011615 -5.313066115509533 -6.0273811266284545 -5.399825232950525 -5.556182065187829 -5.9601635002732545 -5.165635242154015 -3.9895832110704172 -5.278709867806639 -4.940935313803115 -5.770418611260384 -4.15150059878865 -6.21535366265074 -4.673133249499546 -5.082775577889224 -5.003310741747538 -4.8027159697108885 -4.823454704910151 -8.282776320469353 -5.129007174220979 -4.907842843431576 -6.555904352735164 -5.608433648516657 -5.965607698282784 -4.382559105564987 -6.298957201506246 -5.486322463134723 -4.350258914759889 -5.469855178512936 -2.704571208247281 -4.037926923534416 -4.2680934019446 -5.407106381716483 -4.579049152312022 -4.97106501726593 -4.804533270189564 -5.082809984595369 -4.955836712519994 -4.898683042041537 -4.799204277659236 -4.381250992114758 -4.3430997959135835 -4.4113242036313185 -4.297052250069932 -8.474259678862849 -7.591607962085172 -7.42231767298499 -7.308600164880858 -7.219670720756735 -7.089866933068059 -6.969257317377905 -6.846548720200769 -6.596993144767886 -6.257727104468057 -5.5215602475119905 -5.081403730136897 -4.6444700067406695 -4.201148984958748 -5.505926643872452 -4.889051642599984 -3.1073387823825236 -3.011039010860133 -3.5721927019725324 -5.256467527049054 -5.107400455650094 -2.7460068487882454 -4.873169807060127 -4.4637639483909215 -2.569992139682731 -4.582449397245364 -4.528089855979917 -3.2055878724279543 -4.686603178117893 -4.617093513105138 -3.1732482662258903 -4.656570254963718 -4.664298180178529 -4.621502196458493 -4.841390422402763 -4.2031581383386705 -4.15743363329297 -5.482097341119873 -4.696773199965096 -5.454936589078729 -2.646995314563141 -7.405564140839242 -6.856872473807332 -2.8548527477110017 -2.08018836885781 -2.9935960265657817 -5.508207525557007 -4.106101270537549 -3.072254069270379 -3.376309371633094 -3.2499951200406447 -3.3804873486212026 -4.256157249382397 -4.699820561758498 -3.684161681460653 -3.8178560274829922 -2.8448957159196238 -4.290255769590788 -2.8431626224456403 -3.279496052275162 -3.878643094933298 -4.312018472052429 -4.399488825010136 -4.456121852089909 -4.344163194230581 -4.173903195957211 -4.138088992607858 -4.1606847801534705 -4.047812218443975 -8.142857577982422 -7.251972571352759 -7.0687505542000055 -6.919231511991411 -6.796050531440762 -6.645207970037977 -6.501740783962145 -6.329146653756768 -5.9573228786740335 -5.754435715535267 -5.083763617971045 -4.939587117642881 -3.7703772852728306 -3.348787043821777 -4.451779263813824 -3.1055851530160283 -3.6066520335321677 -3.7317633421247267 -3.667744147737604 -2.345697344570206 -2.9004880091738334 -3.1209185314357537 -3.63901522700888 -3.1920274063908987 -2.917431546431209 -3.536383829400529 -4.128896186025441 -2.3382422415804758 -4.212659831436873 -3.694715539655456 -3.0134491043599785 -4.084098872244581 -3.0166839947449975 -4.192558592502317 -3.5465726484967037 -3.9588077604046736 -3.169116735334082 -2.8226040301781032 -3.669353357468063 -3.699595887660299 -3.4249711242313947 -4.204773540261601 -1.7020299722338985 -3.5590831658882247 -5.564517186080087 -4.1764690152422235 -1.9479632348896765 -2.287555581974533 -2.589248208513063 -2.610840776874682 -3.338286421814149 -4.1018649984075415 -2.7167249018909847 -2.708907624848122 -3.273816309454417 -3.4179460762769347 -2.369593955907361 -2.982615249114236 -3.2640019124344395 -1.1187425814411525 -2.7613383232944972 -3.5263963120962187 -3.7445725274955706 -3.987394923933245 -3.93636705564695 -3.9792804680046774 -3.937765703161462 -3.91723763988414 -3.8237666162046313 -7.822993439296328 -6.91421418601746 -6.713328677913279 -6.514284777362207 -6.31842826617336 -6.114146088291591 -5.896094336039799 -5.590996577546792 -5.132159988990519 -3.9077718998709594 -2.530736546452013 -3.256275110115348 -2.035025807096055 -4.627581674390804 -2.7859715875979068 -1.7035797066306588 -4.9001236670273896 -5.247604588812604 -2.9379934543336303 -3.101184101542654 -3.4106581506516203 -3.811538425870535 -2.9239579361689514 -3.5497461182706482 -4.047579471219325 -4.09203957052887 -2.5690160561083983 -2.5717944439375606 -3.1064186857857576 -4.041133509616813 -2.3705453037220736 -3.0592133427249144 -2.053805516909098 -3.3517543074847502 -1.6641234678449863 -3.457315241749288 -2.884193927404304 -3.9788796311261403 -4.934931272298423 -0.5649579778523384 -4.127648382128889 -2.689064677910286 -2.795981442130884 -3.3980783836807 -2.268265888609052 -2.952899738496461 -3.355883167787193 -6.051884009080892 -7.4587955674509 -5.811916059960826 -3.9314950139440166 -2.54483227360365 -2.3505976979896817 -3.9374993495746335 -1.0157600833267886 -1.9729608115572814 -2.415101680168349 -1.8405108360570863 -4.249613326426744 -2.8202663335347666 -3.0516934371959628 -3.0467815530523645 -3.1242476431438906 -3.344026622664029 -3.3959827918899927 -3.3891837005460914 -3.587612316326097 -3.684249337671006 -3.6167142500868583 -7.510950805723944 -6.603361033107569 -6.398376265907753 -6.192070256835464 -5.907015963814214 -5.613514409589398 -5.2682380377706215 -4.866580312975512 -4.797029752012792 -3.8660543971507337 -3.067606857167231 -2.3462532460005012 -2.6447344888589974 -1.1232863854339141 -2.5193725438692924 -3.5607973566712805 -2.0664921124680182 -2.1326394542971316 -1.676636624250074 -2.91581012314865 -2.844263031255923 -0.6232443285890342 -2.151805632074218 -2.838372319608763 -2.2621146082021415 -0.0048223405530737435 -3.482485805460577 -3.4007939704907217 -1.5247871511662698 -3.080643253409537 -2.9979304449979822 -2.378032524400223 -3.2160756711572125 -2.5364089693835665 -3.8911124595116187 -3.3199465707278413 -2.5238757559652334 -2.799884337669108 -1.9317304723426316 -3.058479881498945 -2.2200358503896274 -1.1490922448553536 -3.119356402384285 -3.0776040146110417 -2.6732037810852542 -2.6675394945854465 -2.71066419281208 -0.7473457292143993 0.4453491683423073 0.3836483901527547 -0.010201535147297314 -4.036019297674128 -0.700087539678534 -1.9356756219488858 -2.2473370640595487 -3.2415080791108477 -4.011894571401583 -1.7438426973632657 -1.3631368345799948 -2.547509277884445 -1.6557500300170664 -2.775659520113557 -2.907527420102603 -2.791809078991501 -2.738043890057559 -2.963876935720687 -3.3068879921686625 -3.4935125188327563 -3.428701779975074 -7.2030132219378755 -6.343115243046728 -6.148912832447089 -5.999950160982748 -5.635342496020411 -5.263108927403134 -4.82300193849402 -4.4918134372928264 -4.573520418116739 -2.1330101885405837 -2.199599009993607 -1.9900406425165516 -3.164383957533189 -1.8562226353876268 -3.7880623041989683 -2.470625527104686 -2.061047791495822 -2.7850484751205133 -2.765442737209607 -2.8583273869622827 -3.897533330335991 -2.4142440983691578 -3.258259204276145 -2.8228052280452123 -1.396140437918943 -2.404108334677666 -4.596744628934784 -2.9221504713905597 -2.577277181242561 -1.496068093029295 -0.32897421881406275 -2.2842839218703967 -4.008959897268551 -3.380482174227789 -2.6444813823519095 -2.4127896335885284 -2.8006964577214646 -1.7070182026491791 -2.3020489368332595 -4.524505767046285 -0.2674629279003864 -2.4238407159882867 -2.679781974458077 -1.5688709479728133 -2.2141725199693942 -4.101083906258802 -0.11355287176122601 -0.3126092770353508 -2.9012758236128473 -3.3536708227374934 -0.7863348388493111 -3.2576323916099277 -2.1908810170692243 -1.3121825841723433 -2.790879659162801 -1.03442741293494 -2.39322480969919 -1.7269051390500756 -3.142752861303679 -1.8904697638468067 -2.1989951552725233 -3.266555544741119 -3.154581568528611 -2.7615356295410267 -2.6105216961224516 -3.0492977003473696 -3.15823938281001 -3.3288032984399996 -3.258738888400677 -6.889360915796413 -6.120474867712851 -5.904733247036119 -5.748636583680159 -5.370877651696043 -4.91194184843905 -4.400563516708222 -4.111452902646916 -2.6483170919358576 -1.7073339118237845 -5.115784561931652 -2.253403966289276 -2.419275969556852 -2.0390644575067887 -2.2573211601256666 -1.9694579479377627 -3.3572564156326523 -1.5815893796256146 -1.5870591280239754 -2.4308204341868507 -2.094750595919978 -1.3597436305040713 -0.7099980656994652 -1.9656562192257048 -2.6328220851413606 -2.307864424865039 -1.8479747648555223 -1.3635513415734963 -3.0180569240523654 -2.8766654031197203 -1.8009645824071372 -1.8979942026400258 -1.4791417769182966 -3.7316325851487484 -2.8293816551970963 -2.3729107991594574 -3.6086213141670065 -3.1644898509449404 -2.567001777309888 -4.243667855323592 -1.3753773880577331 -2.2886366908872504 -2.6254547743090755 -2.502740411045986 -2.0939715345477983 -2.2874656123591715 -2.528404011861844 -3.3001193400597986 -3.8064736371197143 -1.6967684507697036 -3.745230960136417 -2.0753624805290674 -4.426881258906882 -3.608494970172055 -3.6784874916280987 -2.6059272631536685 -4.086616548884048 -3.5482257747742656 -1.888284018399752 -0.9762333387767408 -3.2772879507228048 -4.079250018781489 -3.1359972383444084 -2.6704614067382715 -2.792681222227745 -2.82995256372731 -3.005785258898221 -3.2473624599247253 -3.100881657869353 -6.560174115283615 -5.930345193088545 -5.7748504651480514 -5.537943590479397 -5.152065700620116 -4.677863014844175 -3.8598238973931296 -2.9006524832793166 -3.119152095201606 -4.204416773217353 -1.376405249347776 -1.2481820282735425 -3.512902600271903 -3.2121765445777486 -2.8007014024034524 -2.441248601359781 -3.2198812462757838 -3.1605108667729573 -3.0811636305575663 -1.7708669100717205 -0.773837960931588 -3.9975840245827654 -3.7659721744124446 -2.583884149630992 -2.3107471948887 -1.8904652654989442 -2.0006388481164086 -2.604629607132552 -1.7389778545404604 -1.466614129338139 -2.092546983102984 -1.0857707278308861 -3.3790591818912645 -1.4202175942738966 -1.6853741918158567 -3.5935114321961135 -1.0289884903458408 -2.4773020013022897 -2.725833661332955 -3.261572599998742 -2.235917497515148 -3.021411823579641 -3.0599744264619617 -2.070605655123195 -2.5424197064761382 -3.241582892622276 -1.9675804252380538 -2.4714172995743255 -0.07660580529183221 -1.521602632223618 -5.512092549238031 -4.774125244453585 -4.022655639517127 -3.46048725355638 -2.2947096723524787 -3.8518875635331664 -5.0747560130502265 -4.1136963564937785 -3.699814214220996 -3.9608063840255108 -2.836819015768194 -3.4761055670729486 -2.6259418281906806 -2.599343849646349 -2.8482804909706703 -2.756402488953926 -3.0159143509358026 -3.2037949567950066 -2.945469719549853 -6.194924812156983 -5.71619055479003 -5.6458412863212315 -5.443956003926014 -5.05338197596694 -4.321170075456255 -2.6991871540481824 -1.864429665309013 -3.5941604600046255 -3.64763005021246 -2.052722777612998 -4.4088328521393825 -4.836990335608219 -2.0116109771602506 -3.5957962827477754 -1.8291172353103924 -2.9688059219082708 -3.6306235560783793 -3.335620605000469 -2.5299691562354942 -2.0796661835646932 -2.644329787024607 -2.5110193892076067 -3.7475264800230055 -1.4997991858028474 -4.612131963034062 -3.02466200962341 -2.015544677564775 -3.7240471679582408 -2.203329343308718 -3.884227840973451 -5.41927434367401 -3.773795045696145 -2.595641234495587 -2.067168167205049 -2.2944891575911144 -4.526728202067845 -5.116669142945051 -2.991254904997549 -1.7522814275311795 -2.8216115374890944 -3.2059608217491666 -2.989216295908949 -3.300744204484122 -3.635067616665648 -3.617349421981645 -1.491129482210228 -3.6610167524284627 -2.5516144995332435 -3.9447041148407176 -4.6242311793929485 -3.7299495819948882 -2.7653515717882993 -2.641263532385136 -2.105528680027467 -2.2255133917155323 -2.77483894206493 -2.3807685636576523 -3.2149242745734483 -1.8166368476841879 -2.12865686469275 -2.3418132614152825 -2.059856019184411 -2.6928393312657843 -2.9887447873036113 -2.8610065371440867 -3.1007512915340922 -3.1867752759523853 -2.769911664339111 -5.773084998182913 -5.422750981318023 -5.441595667970488 -5.320823563986539 -4.96674509660847 -4.431885114116282 -3.762251025840895 -3.2830887382467244 -2.350300774495592 -3.0183190930639316 -1.8965476207853158 -2.8826402358476533 -2.8054986715137766 -1.3225173742945737 -3.634455449726643 -3.5087563952424907 -2.9375245338630664 -2.3042126026311736 -1.9692969226231662 -3.4032540697672116 -4.516536238265655 -2.610551766531709 -3.0860812446854835 -3.5112294070482144 -1.1755179196272634 -3.123492237885967 -3.1760496771624815 -3.4791641523210783 -2.631246149859788 -3.195753332485804 -2.1778019486986695 0.8858270149077244 -0.020163299780215797 -3.4155680752509334 -2.1147551686392987 -3.0099041530098325 -3.318786991304714 -0.1847048513430048 -3.806740912652601 -2.5019358742789173 -3.0519620508780996 -2.8454212860691563 -3.363285218666001 -2.690726838344882 -2.7596618837482993 -2.841263076433851 -4.001377922772254 -3.5203751700108468 -2.8010754967367038 -5.458551710399787 -3.9432016770820804 -2.5155753577148663 -1.4013347725241732 -1.5242375041125642 -3.032295909359775 -2.6160288612874982 -2.840619251104398 -3.675709407388774 -4.684439990632456 -3.389008602488439 -3.187116270381354 -2.821764840644995 -2.700470860656665 -3.006054095157287 -2.906710937297992 -2.987528172912137 -3.293462710998431 -3.1882565343840117 -2.5525798881924446 -5.290445486575144 -5.039818917552153 -5.117641204905677 -5.123738146938601 -4.929898493549066 -4.785430154136061 -4.209600198252906 -4.184448598138673 -3.557845006616461 -4.104195845513017 -3.2234304936428626 -5.024764777713329 -2.5584010901864946 -2.4194084501381354 -3.766860081255237 -3.010925858617133 -3.3594196898764834 -1.1141854190973577 -3.6347329441643828 -3.5228737257486693 -2.639576882203052 -2.898811263409997 -3.304737702525082 -2.142143835387494 -3.004358738550345 -2.865295359460457 -1.6912125380975989 -3.4020122428420083 -3.6782547649175816 -2.9995180705567335 -2.379400914984069 -2.424171210683815 -2.5462287901764995 -3.827877847035527 -2.38343427399821 -3.0501343110036134 -3.1460972652941246 -3.585494580113536 -7.203802909520925 -2.6612371118016935 -3.1104028301866333 -3.776326086725543 -2.8120694414174996 -3.127627696099234 -3.2082959798055914 -4.166678548161743 -2.0242660699401966 -4.06293468627769 -4.210668308869116 -3.3651465375548653 -3.012021046955461 -3.855512636288102 -4.667858915176543 -2.564717269569096 -3.282352240309461 -3.847670410154023 -3.683657227266 -4.185439406092804 -3.6567475341571347 -4.098030019628761 -3.7000101261538845 -2.5939751838937504 -2.4769393040920864 -3.904766925465457 -3.3814529044613875 -3.712019185780119 -3.5786710414281644 -3.1830448547601096 -2.2838449118921864 -4.742797090548008 -4.55811124712712 -4.665426427187175 -4.7533635215925525 -4.673750040616843 -5.067321038136239 -4.57036072525039 -2.380853408043298 -4.683711815445686 -3.4666706006538153 -2.075758753525332 -2.8045002325813466 -4.134434414587948 -3.4153556464835026 -4.726864576720968 -2.7742872952772815 -4.552393648910233 -2.423397658637367 -4.127294485361169 -3.624318778872657 -0.6060924680601015 -2.757580572906564 -2.6606150279553384 -4.081402667524268 -2.8905367392286148 -4.414829642903152 -3.1409953455825543 -2.340907860963065 -3.073013204997803 -4.031145508517434 -3.4321965042139833 -5.6458635593633835 -5.381836316580849 -3.6267425054271474 -3.9450941050106376 -2.181474663246781 -3.1661378873733033 -5.548829189836057 -2.6423721884716778 -2.5656922017479626 -4.182086217479649 -2.2879290750786216 -3.1749339270968298 -4.493061469102524 -2.230170428866962 -4.456585791297759 -3.113873314439651 -3.3657214935152298 -4.231604976431199 -4.034178234327347 -3.0167542302618 -3.14218269089715 -4.34422620521796 -2.246845488959757 -3.5335096882855836 -4.486494481964821 -3.70066325357404 -2.6886996190729584 -2.8728548408800383 -3.8191951457069813 -2.6739814255764283 -3.881532169406901 -4.961885338552128 -7.019199270626345 -4.721441004857884 -4.2169220084462005 -3.5800478443555668 -3.1145475854156257 -1.952333285448779 -4.142249417039537 -4.001030119475369 -4.112375070798345 -4.220596389167018 -4.326021812116759 -4.3463550390042744 -3.252336731751859 -4.198110564983875 -4.804044899725176 -3.113302926417856 -4.30273027771532 -2.346732247673184 -3.855814859242706 -2.5841372011113584 -4.3914181613988506 -2.8343515619350885 -2.44980396772793 -3.5029943616179957 -3.9283652984069097 -4.017541575787663 -3.827528542846711 -3.2475619502337016 -3.510259016011707 -4.313587892759827 -1.854304457444791 -3.9538218694526295 -3.2715206724307166 -2.8714272859181738 -3.7745165505017755 -2.53926091362355 -3.570366439934951 -4.181468947794201 -3.95728544618569 -4.033171986315158 -2.108730427670462 -5.148587638654322 -9.512172861428207 -3.239228307554777 -1.2959998649845739 -2.3030248408517813 -4.119397017425629 -3.026229327560465 -3.536775183130461 -2.292309437868779 -2.896097686062019 -3.2404948174755868 -3.622942147843879 -3.3226885098543386 -2.854428062132292 -2.5292175046646217 -1.9175254527029193 -2.595686377624465 -4.581849924122309 -3.832317170487124 -3.5641729331687073 -1.8531549461640955 -1.4608185957569724 -3.0965787564048584 -4.433777678198018 -4.246342509933608 -2.8745632163925046 -2.8391482200879343 -5.868301913986345 -7.924505977251 -5.277050310559594 -4.09314815649363 -3.4904533800698685 -2.942848209686739 -1.5570588042331586 -3.500912072987832 -3.389075508862558 -3.5088918860321026 -3.593163881096645 -3.7399413814732134 -4.224775856340835 -2.9362195751142974 -2.888204553042925 -1.9173629468993518 -1.5770520148168092 -4.103296145656731 -3.078235999714568 -2.5372130065869976 -3.002622586742464 -3.217616960585855 -3.1355059063718507 -3.781847913470818 -3.4274071361053786 -1.5266360945692599 -2.377080175461596 -2.7206833936460715 -1.6783780205554586 -2.8978450094802946 -2.496078036796479 -2.2948715826325667 -2.392079389164858 -3.590389575573934 -3.5000705099012177 -1.628824692916333 -2.6647126981036737 -3.421265669756918 -1.4854194562815382 -2.0404299347761645 -3.5536819192597964 -2.984785917555128 -3.0762860859215992 -2.562123328366548 -1.3030507897600652 -2.7605815181363393 -2.5076671651164784 -2.9185138747391766 -1.8667194796241744 -2.715950789664605 -3.880564345470313 -2.8630742611320747 -2.6992056378767235 -4.207589525556887 -0.7115554003885138 0.32914020150346013 -3.8259084875220886 -4.6105094864580725 -4.424864526416484 -2.9103599517583394 -2.590540354949857 -4.332736841325262 -2.8963067589159475 -3.8824367272914926 -2.476881624592395 -0.7055979832847978 -3.9509417572943373 -4.373774590913961 -2.8476083321852643 -2.511175988997555 -5.02783626036293 -4.496638095537925 -4.072866897173916 -3.350454244737341 -2.5980831484328917 -1.0958552137757307 -2.8177434296136235 -2.7381671350467904 -2.808418586957927 -2.813135433494929 -2.6928250522719708 -1.514661993600647 -1.8571301484488598 -2.2544204222186477 -3.0265557702036303 -3.208153939746263 -1.7852676278345783 -3.216103428346113 -3.7493403532223413 -2.6735700498521475 -2.908375249014817 -0.7175678150980197 -3.753116421630054 -2.1449625675432507 -2.510402824404622 -2.7366219164521004 -3.388057166588462 -2.9943363140160644 -1.9460483866160956 -2.3357930172848023 -3.240651981722616 -1.5092833436490949 -1.4963695000974488 -1.8256667051350184 -1.4596455237034889 -2.865624336277892 -2.628874879293644 -1.2950901473848646 -0.2777983823249024 -1.4944069757747 -5.314881735312005 -5.591585209238166 0.7101484984697425 -2.3581792103445887 -3.5231350110437396 -2.9310628726821664 -2.9195886482415063 -2.6517189037037814 -2.1217845878254766 -1.5640847016649606 -3.16908360295466 -2.2034957955376036 -2.1285991911098523 -0.44123766562976446 -0.36229412312174303 -1.7377880066272848 -0.9640625941357195 -1.8251807483631186 -3.864257273784735 -2.1124807332473745 -2.0867423662885827 0.1599463822054712 -3.247234361568244 -2.9068943614356284 0.42906794184268426 -2.461133323109085 -3.680676881872749 -4.954650705117328 -3.354609543307975 -3.1823823445920434 -3.472821867056413 -3.104079491061619 -2.593301899279182 -2.05000829340165 -0.565142625151339 -2.0917018581376787 -2.0679080859934884 -2.1719550839335726 -2.2539004337520683 -2.171171725075755 -1.5763416806342094 -3.169085812744416 -0.9926018161103668 -1.1712050712176671 -2.882715089379739 -1.603596731930485 -1.1114471238202335 -1.625592206469722 -0.6096528910691232 -2.9454509937856566 -1.1039675918856975 -1.6587383654591157 -1.937752329560556 -2.3979282985641737 -1.4536956222722237 -2.2053274641872815 -1.9141583955916732 -2.472788868484873 -1.5077129405432592 -1.8198341245779321 -1.7836676008977914 -2.940249752255852 -2.1253906524956827 -1.673889959601456 -1.5857832339988385 -2.6423422125832827 -3.317195086141527 -4.442949716643656 -4.891802369381464 -2.7519852898293564 2.276341431182533 1.2150389213545412 -3.0315589766152957 -1.1626388999125779 -2.443179146561504 -0.7805053922239518 0.030633824031451536 -3.313451824800132 -1.1928483068141345 -0.3934006454167199 -2.05545685811732 -2.185647659347564 -2.45758911731808 -1.3741945675260239 -2.3190107384825946 -2.511275795064897 -1.3407390375976036 -1.6940389189142688 -1.6820735346467113 -2.8359196148501713 -1.6144091330569017 -1.2844515947535473 -0.5634107298743062 -1.8815535148412568 4.79008088698496 5.08627396504858 0.5797751582330147 1.6269820527200565 -0.5384158008503963 -2.330469739097152 -1.5999253009955716 -1.5323504340506504 -1.3520094833015623 0.03757730501948694 -1.317472632448136 -1.3499522018952104 -1.570575400801088 -1.912701968329667 -2.0517396776427246 -1.8864295082183598 -1.9153554443183194 0.43817719461549204 -0.2555147118027846 0.5317335952978736 -2.3203904888662445 -0.7981801011434827 -1.951814963991271 -1.1900939409419196 -0.10774984459531636 -0.4113142613942565 -1.2545627433328537 -0.9740220060970426 -0.18932756109067192 -1.4531240357700856 -1.0373688653318056 0.5645658027552435 -1.0202566231551555 -0.10126549547181433 -1.6950020412029212 -1.0469606306195596 0.7221341269172429 -1.1284473049786776 -1.0660404427300898 -1.2008190814317996 -0.8204655266391636 -1.5994797680126984 -1.36352145955042 1.42091389605437 1.191579650710571 -0.8563027405903673 -1.472501272990054 -2.162219283813323 -0.38858181353585564 -1.1457067037716053 -2.5533143341931606 -0.6963189047461779 -0.7807472812796246 -0.4662996890726827 -1.5491930543589445 -3.6425703304330947 -3.7352343672972856 -1.6637434103570636 -0.39768362456402 -0.63979693630274 -0.9961557922511542 -1.552745002396652 -0.851656871938485 -1.8354890848254353 -0.9643415252047031 -0.6902032643796523 -1.1133041187961024 -0.012706905976987357 -3.226480900328679 -1.22094555246136 6.023311812383303 0.619008001468521 -0.85482093017626 -0.5039100357528241 -1.058838502800081 -0.566888032265408 -0.7024008226933667 -0.5679343328082893 0.7061414251925062 -0.48974102643314393 -0.547140788476559 -0.7595368373483028 -1.0547715369862332 -1.0944701287850003 -1.4034188108357817 -1.2014937112243698 0.2764517008104082 -0.9663666215648091 -1.1011545871529405 0.09472762737429295 0.06981069406125756 -1.9301254597162392 -0.13463716575647267 -1.0376577064941632 -1.623013031166005 -0.36737465160061805 -0.33344994082254276 0.8984814233133435 -0.3147570911144609 1.061725931267889 1.1499772480535548 -0.7115752897282113 -0.06110522454918552 -0.6964617641814492 -0.47882434440834276 0.3133197471313163 -0.2614458503882992 0.48998526544673127 0.002931439707001843 0.016030325488555812 -2.0130256989384487 0.6304073939451031 0.9015340278842199 -2.214329824444718 -0.439577373673143 2.0977423936879975 -0.15950681656722068 -0.04734150565901695 0.6359556456857254 -0.6336196668474879 -0.0396514771078473 -2.1552612585128026 -1.26872311072119 -2.8943882753738173 -1.5696801686624722 -1.2528198239102573 -1.545116424059153 0.06542870272980372 0.8062953876515597 1.774099980155014 -1.604238959215714 0.22848073910922323 -0.42942893638419855 -0.011635162026773779 0.17194400230319432 -0.007323632756758257 0.9960260882668923 0.1772680102682536 -0.5806719997727469 -0.888066541880808 -0.5097567381036572 -0.8809377533020911 1.6633882907315631 0.055021286134550235 -0.42089010058106835 -0.024132873527319725 0.2699786070510446 1.433635203084216 0.38551241179400064 0.33119064996385017 0.05536759553172124 -0.09740525414351862 0.21731923426128308 -0.22901052585374918 0.7512839929719816 1.5110516155638583 0.7456660141730169 0.5267019319878091 -0.132564195742782 0.11949706481259399 1.0346396305827477 1.4292295961527168 0.40765864756559034 2.381634099612469 1.655409568392449 1.1089348528359784 0.762944427939509 2.110635577825909 1.563834382531301 0.5441976322463321 0.8060835238079462 1.7531322964480067 1.6643304117250783 1.8806116000842525 1.199146747315044 0.7805897016189243 -0.060008140611866184 0.355210297328071 1.354588328930945 1.6526485547619802 0.42419530662135013 0.4651661706099473 2.786504244619974 1.0927198432347813 0.19331025221251086 0.990512197531856 0.25623964026384055 -0.04491802999450764 1.2715438476256629 1.6359853402840514 0.384263434503441 -0.6199900463100915 0.2587121905238816 2.0441585991061695 0.7318132694597914 -1.32736392817406 0.7702616980149929 1.910226228664618 2.9270205908998417 0.3962251096727465 0.3948022087448616 1.1228274871318602 1.151027227261154 -0.2839965259844361 0.5255377346883013 1.0715607622711085 1.3838583192882483 1.525576079714754 0.623661877719392 0.9191776816824055 0.8448369484802886 -0.10670347337414796 0.13318136534271252 0.2857314068106515 0.8383651083520991 1.1150289508123765 2.214378418369477 1.3023071341199173 1.2776593877024978 1.1483238653411567 1.1651585371077287 1.4610093147122576 1.6517101746602572 1.9118228344886776 0.9911604239626053 0.5832172753737352 1.1256695798368002 2.796560226013158 0.8369184688339119 1.3653400463464114 0.16175340408659727 1.9618549505668144 1.3225048298761377 -0.2880632918649602 3.610821903551305 2.7040106441533123 0.3576990414041766 1.5488176305242434 1.3958032262221374 1.6501780199182472 1.5449576991712388 1.0982768588857228 1.8264582902370652 0.5345985141209663 2.6685899432683557 2.4764026000396817 2.0856190638101384 1.818107465776852 1.1912500986744645 1.9763861876238833 0.12709614706518219 1.7897474225715586 2.3895837000845943 2.3790142760691024 1.2870160993194 2.94242567084217 2.0868238305479965 1.8080512253473402 0.9764282742602022 -0.20403461936302877 1.9428324033064666 2.50048749333745 3.6531977338025765 0.2370071290796212 -1.2682753266920943 1.5074345519313659 2.101747006850703 1.977806109644093 0.20066699846857786 1.3234870461615615 0.4806562422278639 2.319191935534736 1.8760085744787467 1.2111919281615213 2.1235731864817566 0.4108415210387637 0.28951052896110463 2.2258760357996543 1.6478174252524243 2.936549471145511 2.1797318349081425 1.396291805419011 1.2964011572179877 1.5875201302939785 2.0112478788893715 3.045967720137109 2.2412050378377746 2.2401081482295506 2.152554690786799 2.2564187943989986 2.6750513652775565 2.818608961242503 1.9761949692565006 0.7298308900514434 1.7308796328411817 1.3307965383015943 2.29656779947264 1.9932291343372304 3.7680270526189434 3.215601026432444 3.6037189731446424 2.2595198940440833 4.0701503812297055 3.1609997635083897 2.729617635627016 3.110826460059507 5.092771306881535 3.565001022521733 3.30177519701189 1.8932771419839325 3.3046084094477193 3.7846333060671995 3.4043494013029334 1.9749870122570117 0.7805136482869172 3.2418459098942995 3.5173026110236663 2.0827524515647795 3.9844185758391797 3.097874470786955 2.5670132645427732 1.6582731221413136 2.8228089881090623 1.5235611409353575 1.77023080259904 3.286271712353729 1.9374154300303195 1.0488416462164933 2.1821152456205697 4.473971291013553 5.089540061970795 2.8230383226953792 1.1469665343842703 0.3200902037461979 3.082752118241944 4.208677466972368 4.550824697672265 4.109340088115593 3.8383763567308855 3.227403044518062 3.101958660994715 3.071394936205027 3.5819254716091886 4.333194619106662 4.281905738777569 4.847295556914738 3.327489939563341 2.490969575053852 2.887471515395045 0.4505253035494601 2.353934850753388 2.4189160660850844 2.6328961133172655 3.0317814930002775 3.9236934466577997 3.182768020240714 3.1885428794186255 3.075456132232729 3.081347891552028 3.4588795094134834 3.696332380510027 2.6146249029877553 2.4982832434706124 4.00744244248906 3.5827719922122663 3.5371748968692733 4.387783773467927 3.8577014266795597 3.5717296368127998 2.363579238556487 2.99131606620446 4.7416580800603905 1.8194412682080434 3.8929845366013183 4.029512834551204 3.456182580160681 3.3988163323561116 4.059997463002397 3.1685017886306053 3.0787876526319815 2.8340670432333908 5.181688577921668 4.349848126604775 3.8652336124382307 4.460920881467088 4.213351129303728 4.191073483969115 3.4369605805843295 3.911930275294354 2.965071884825626 4.036427681912505 5.439505076483799 5.433333636772077 3.142368290991177 3.9160098636628216 3.986320784639993 4.552814848971917 6.4650321904306915 2.9745897947733146 3.852868319679488 3.519586736284508 3.904543506562543 3.9371849302161035 4.162803431175974 6.195176616357814 4.235674309548044 1.4106158196223173 4.062048412413805 5.309969783230028 4.001690115110436 5.195181202707014 3.3821970470834435 5.506618466144732 4.089567168819867 2.510074051542927 4.93858720457036 5.2621698250149915 5.255024902858454 2.1604055624164613 3.5986118223766743 3.928988653248684 4.005385002867013 4.199349217389657 4.839047898713067 4.115584925496777 4.122247049431066 4.0031225530936565 3.943959252662754 4.154873236707198 4.3825003487048 5.694856080836754 6.44211057972263 5.941756820060779 5.495591420826496 3.8582469104015953 4.636690063383645 3.835511687243462 4.999001777129436 4.588281620963711 4.825244545923228 4.039508619422964 4.47376970980419 5.923595196426573 5.492806965003195 3.477618528361178 6.3167855139652325 4.991741845842283 4.198916465854421 4.975697743690388 5.0632005400244005 5.387884017952051 3.193268901023976 5.577907030021625 4.699705246189128 5.01421387107185 5.5319779319297115 3.3467011535766846 5.155271374599932 3.757804685178859 5.775042686535112 4.32913565732118 3.9062247695584906 4.907306093767062 5.5949365929450705 2.801441744993209 6.346428373591985 8.024592595289073 3.3529908737469336 4.2679222326729835 5.2423555628234935 7.3122299537324835 6.816486247361548 6.3330897163343725 7.1101820328102034 3.975597778795062 3.2826809159339114 5.078979489934795 3.5411932838101374 4.726269556283674 5.827606456381074 4.997694705616157 4.047097534845941 5.136722326882175 6.919655917264263 6.131215521015112 5.14566447805514 5.090947448642292 6.095436230032423 5.768012208362243 5.498957420883981 5.430341824351546 5.47943006154603 5.779359557788786 5.028244597774139 5.035791738351238 4.8847690732815945 4.797252476879395 4.89265462318781 5.61445579586695 7.239722343363066 5.9911208811275385 5.2415965915045435 5.217835785439903 5.19537475887596 6.152007809881383 4.507691222016501 7.074445226261514 5.228051576062782 5.665852853733399 7.038914968061369 6.133845136658698 5.788132252714487 6.0282705661492635 6.1563391228626 5.85318182709825 5.269424969227508 6.453704784411889 6.79226320073812 6.548100225514794 5.002143306186249 5.746635650938729 6.259447692659429 5.9643261476266565 7.065678492205007 5.64052034964742 6.885749543436184 5.634380390921586 6.934878413746355 6.109938534937377 5.465194431686969 5.712218946674929 5.011202856645556 5.1290048556544905 5.453253131672481 7.9868949462874745 6.552854018543594 5.563376748210962 6.795686946070135 7.1255492928657596 6.84209326109166 6.78530973066221 7.052685563098084 5.598098141457527 6.59911589475053 8.556309715316944 7.6555438036711685 5.022097764600425 8.047866788682523 5.3430600959355505 6.181611137034883 7.217671777454767 5.158015931013079 5.087474138731484 6.388268724312489 6.4172229556071985 6.5730383094056375 6.856599882522884 7.178606557343836 7.285443744194967 6.98579843466099 6.801441436514403 6.7265255261435435 5.9172259535601714 5.939682428928421 5.809076343826112 5.744352392496408 5.751398599793458 5.684644555676412 4.080874501374586 4.028883073442481 7.084431934803272 7.166418043000762 6.74409898259341 6.14226637871974 6.332482103381146 3.8550790853480863 6.628759686250303 7.289001219874269 6.270949849437443 7.219430742288704 7.367578958029159 7.668230107966571 6.407385901686555 7.336539700571198 6.6189014979095315 8.256382573753223 6.2602236382222785 5.203229560278295 7.702399860500261 6.657621955851182 7.87502247417688 7.292260776006171 6.827031001445504 6.631972929493039 6.755429057163 6.491253987680614 6.36263413393421 6.627305224666959 6.865921447779936 7.492355135069299 4.62413813162924 5.36255143674478 10.640017391423232 9.187277508321618 4.309781504474146 6.275200458873438 6.136611451281585 6.566513025038899 7.408005590866541 8.367573712262987 8.413829224403454 8.409977257337054 6.989650411955685 6.430769141559192 5.773385928747104 8.655377391623306 7.64686494665053 7.693856073758348 7.126562071368581 8.62157120548444 7.087588345381455 7.503975582430298 7.918501013469421 7.146251017247369 7.161708681585885 8.539629316062795 8.404223063184418 8.812763968052675 8.368750083006114 7.988847385703649 7.61726136072654 6.7790079093424005 6.841238695069129 6.769850831603728 6.7214533562136785 6.788503655170724 6.839020813960356 7.511822125913616 8.137790424840773 7.316160379089509 8.133352801209494 7.590305984686984 8.068153970603483 7.583709139680537 6.510682835978494 7.603141259845226 7.164038675846361 7.450999222512413 9.124702691039102 8.28086092177219 9.096106138220817 6.232063781437855 8.740405935934437 8.95624113636856 7.781692227045083 8.397646127227908 8.229052866263148 8.044200390028646 7.643083667665937 8.314789645321486 7.367512352040956 8.46521297203768 7.425745213276102 7.731810610056753 8.01905625670764 7.687891523505398 8.162843270763894 6.582185344000868 7.269422513424967 7.440238745971505 9.408172504295456 8.302860660626948 7.305110359272014 8.903436169317352 7.46733443200749 8.3677802124725 7.929506480341261 8.079278682796975 10.42794592188852 8.974564783663457 10.42580465274685 9.17301458431158 7.703069046916238 7.4256473171371296 9.643338792095053 7.863339296482433 9.142511297988591 6.630087358657715 8.539226254584163 9.465463212526851 7.972390146450739 7.644664315843266 8.255518692422873 8.706797838860993 9.58623809381463 9.478488493821004 9.515110530920976 9.331157772178289 8.93618361280792 8.390361078160668 7.608241120657614 7.7266913669415604 7.711125462647672 7.738627910149858 7.914631241848417 8.13232949269683 8.150533431671143 7.0005094774850445 7.8460780794822895 8.700238298176844 7.273496779305735 8.072264962817899 7.252097661989369 8.071127987265633 7.937201163715367 9.799377291365063 9.865866215448634 10.108630115997695 8.037229146701353 7.579554307102588 7.673929824881017 8.187043702397528 9.86891919488723 8.470518245579397 8.431715690768064 9.03747377019419 8.133567001817054 8.69328002323816 9.62268879821624 9.235439031643084 7.453761792234336 8.834764703213425 8.441243181292325 8.710828820078014 9.832403891786148 9.366535885089942 9.54085783127004 9.367775170591603 7.338872281113255 8.766347803358354 7.840012956789885 9.323907895481783 9.830108870418295 7.730225259584317 8.141502587571681 9.476240550621785 8.931146471338533 7.9667776765723834 9.411499900345717 9.853040661491676 8.435238953495096 8.204222840156351 9.619920728116737 10.113375964695052 8.715515252327144 8.891385615232293 9.379287540767292 7.65560620839566 8.743701127112269 8.831018480845522 10.177119579184037 9.749317782992476 11.357926118209948 10.76675045419802 10.536218955712512 10.35947801957752 9.95408814012699 9.605031815983452 9.040082210805547 8.399576243042636 8.587674842690593 8.6251757364024 8.754896647899164 9.080799862110355 9.481444162489579 10.080447662710498 10.395505363661716 9.420906120314703 8.854413191102577 7.409091400952448 9.947950573413618 10.86888486348897 10.047859400004876 10.81194650775749 9.523827231730772 7.136017924218199 9.156645674742897 10.011458219936287 9.719173032975952 10.899261199990221 8.904229640458265 9.474140485220019 9.261158629990446 9.683919355116203 10.274634246061522 9.899161101356462 10.194112356262806 9.233520289458923 10.021272560806864 9.644831017858024 10.146454172501834 10.018099989293203 8.29174643590354 9.388663231431831 8.241746963946316 8.948494775873408 9.029026831177859 8.719561257393604 9.465525724240273 10.826878984483507 8.967057313332798 10.33815703105629 9.147557902651284 9.483011242617527 8.718715349297247 9.432497665083176 8.995285965277688 9.158115271837339 9.413952921595287 9.45275333293946 10.949794835581002 8.563775290769575 10.87444100909796 9.496113582376283 10.579877418189618 10.78935667119409 8.187340614415435 9.703778064519328 8.97890738396516 9.11978492701614 9.000019598397827 9.006893243507449 10.217880076049502 10.862786514763817 11.274493667698074 10.463089946681858 10.019695402454836 9.562874218463199 9.147357935907472 9.391497595774675 9.46879805931655 9.683736514098666 10.104201401102475 10.59930162077691 10.984654519591906 10.879001282418024 9.276210044064838 9.953575267971107 9.826527282461113 11.05010226194887 10.112408808602416 6.77248220801197 8.377791190810163 8.85716366243853 7.501327235561613 8.398173855432585 8.18314562710592 9.711720757942174 11.89689799943078 9.708692239504064 9.688751703051693 9.52902065401476 8.810920270465058 10.189050080820214 11.5702133128861 9.996477886998207 8.796459926626605 9.768969320710562 10.517026989749533 10.510515170969828 8.416274278769352 9.590278166996274 10.939279903796162 9.860090488588265 9.82496799155057 10.685733259882344 11.084555896119213 8.628037035734117 11.268770723321703 10.303460966511322 9.695809099890871 10.239243171152348 10.017696382202535 7.342477319392668 10.162169502574498 11.40724719440421 9.853644430102625 9.925546040316343 8.544867900750244 11.21683948921154 9.710194540178213 11.879488189652106 9.803014978332968 10.758161449537296 10.894317512079096 10.620093536733112 12.072550592104662 12.025042170225719 9.941296426354109 9.823877403230957 9.111058986119083 9.9804776022248 10.136341804257869 10.643351723390488 10.53201914612468 10.311615918638774 10.014709655587314 9.845930858662046 10.105870235990002 10.201021294902826 10.430114408295228 10.846588141302632 11.296346878990436 11.620456238470133 12.223121342102557 10.389307242982436 11.18452895558658 10.954830794425684 8.63133451077954 8.819591436258722 8.970641190856444 14.017801405502235 13.293937554161923 14.504483000982885 12.902455714008843 11.609034871424043 9.47206836269472 9.61466917115924 11.000411076621775 10.24173962666872 11.27038382213207 10.117602768807794 10.562618133004738 10.681987439304796 10.772823794469225 11.99440996266797 10.538137953803002 10.179174613609668 11.005887097361935 9.970333845305332 9.658076602059232 9.600139375044716 9.80018527107621 10.622211500161079 10.822190013601437 9.191132668554967 9.703392044228714 10.26481768818779 9.45217407322551 9.731410591713638 8.612301679106467 10.545918349710936 11.094730087610099 10.206778266002534 10.081609996683044 10.98810589704353 10.602823831909859 12.171687447238037 11.542017397359563 9.034305367241894 9.783764247022178 10.975853561684222 10.79327857508946 10.19412259348298 10.992663557178535 11.18682854832891 9.827479287873238 10.654100741785511 11.817444202022623 10.354695743722854 10.329491152316365 9.892380529926523 10.331768353859731 10.702790717018818 10.6296028964125 10.451035109339774 10.494347663300074 10.72690581409423 10.816620720858475 10.925702728505687 11.338996418645124 11.653903629926203 11.884558840529733 11.123407971341056 8.315215408815535 12.68042493983727 12.47065425139925 12.281422328546405 12.043246451301007 8.978271003175177 10.287015528575926 9.5715555236541 8.38842677583363 9.290466788930033 11.01147908327771 10.087854586429499 11.789229273549761 11.089471676125365 8.787957932834573 10.767061101108808 10.3565354201368 10.708788955453922 10.100760914168509 10.779709706180197 11.123340634536518 11.683860164346159 8.698278911238482 11.347190788720285 10.962283905689883 7.98947547897434 11.379534843801162 11.270423624488176 10.488946016960654 10.105577474218611 10.843814490358923 11.025360120689786 10.367731948534237 10.623619952552234 10.48839267929382 11.56838444795693 9.234078417301019 11.030917466056895 10.815567067138804 9.907109030694775 10.716950459134464 12.739105904853863 11.39441641208674 10.375978355396496 12.842104924684323 11.691551465462064 10.070841439512412 10.913636827489405 10.767206516935847 10.749511893368505 11.886841766365109 11.85894262836245 11.127440954838098 11.140932349253301 11.125608580451965 11.082317191513235 11.070327944468866 11.387212843581294 11.177639927148615 11.030822079206345 10.88327480888672 11.091661001815469 11.248653359423233 11.32610792443525 11.397242557643601 11.615781788221296 11.731588183841989 11.535035596593328 9.936206263144097 8.55725317568745 12.50489734233651 10.049971124101063 8.522885423177843 9.66441009906637 9.388168491748024 9.545910693414697 10.546548970343398 11.826054595897114 10.003138700153634 10.430554389063309 10.72695190388498 10.281112727515522 11.73729527410756 10.177506290016844 11.281699254599438 9.797770635082108 10.498444910552648 10.509875762308885 10.976546072731624 10.229695653601162 10.729376388575346 10.425191155314948 10.642322028447234 10.73819362600806 10.360488596547501 8.993681681115797 8.096286449916082 10.71119867032008 10.714945876073937 11.067711549792875 9.996085087850933 9.848048067582003 11.750137766357097 9.756949434772714 11.079389565530667 10.476218363437026 10.72713232955261 10.556475220417479 11.32991342601272 10.422394722559874 9.787443661902628 8.665908801986355 10.823629592773823 10.306031085158281 11.862641322158636 9.91055258981244 11.347892203026996 12.545174634982928 11.281786313259033 11.587634063883842 10.177499247782404 11.542437605291818 12.003946473087629 12.187866559731829 12.250288679283234 12.061203139692276 11.987494916916583 11.680304770492889 11.524169013093127 11.32110465603484 11.64163351114936 11.692629880378144 11.751385049367636 11.826203930654676 11.808952945412154 11.80408416161504 11.60246577674048 11.592255183218318 11.631066812525201 10.775448462613225 10.03588478208996 10.052542249214197 10.300024358090322 11.250048750984728 11.237275751408474 10.839139445865973 11.054929698892984 9.932688397143405 9.92377880203353 10.307120108251805 11.094334728166293 10.889892527329598 10.617935199879561 10.921221642464202 10.3711370759923 11.221470003882192 11.103708733211784 9.930878535365526 10.5041707766923 10.693159946759142 10.075781710080703 9.946890426258289 10.731732990931114 10.472471475389899 10.542885419739493 11.370107658168061 10.873937389239975 9.905791314453 11.37375053889887 12.090611768600008 10.386905254383322 9.59172883221673 9.684938500436605 11.363760231062592 9.670384985893481 10.372905208627449 11.31184586135954 9.80364867137546 9.832964962186864 10.56195932083443 11.855186011386138 11.351900776433311 10.203108675657447 11.007560294449208 11.246343301693686 10.240429886234189 11.056113475759577 9.547931429014074 9.871164283951945 10.722622914976782 12.210471236817568 12.262246677021563 12.734423159671847 13.547640052729053 13.339787015006909 12.87071300415453 12.3352881957692 11.992090668183888 11.73281650050793 12.14802782824639 12.08213688697208 12.038008905730875 12.000405907545785 11.90847954237648 11.782142873623831 11.435295296517557 11.095792164481026 10.915941480139423 10.083351587898095 9.36164294127899 10.31288287139925 9.576465204161032 9.63798667342125 9.236589883460214 9.456359079350321 9.837971391370752 10.058392271488312 11.15734315056251 9.355685621492968 8.65836387478345 9.76989916561867 10.405101520782202 9.576611241684793 10.663804937220267 10.64520609541335 8.78895296819085 9.418699134057174 9.539029350956186 8.948620370613453 10.249722972641296 10.810679282801166 8.852468363670859 8.808032279053208 11.876510360487245 10.52172864218942 8.164524696337256 9.682022316307703 10.892417765344003 9.287238327111481 9.75469375583945 10.720168906954175 9.512294823671777 8.874200630927836 10.723083893605176 8.39824248399916 10.75139169918293 9.688995414331906 10.060895165113951 10.192825535732947 8.44934419899748 9.794989750107534 10.339010963857158 9.629095752009258 10.666762536459238 10.217320271598933 7.888629803761249 7.6799152582478465 10.460477620961592 11.231607553847487 12.277927315496074 12.490233158223656 13.083584943850868 13.135524456539377 13.605778121212765 13.552043184315501 12.76888562322957 12.332344267722208 12.086805438883365 12.615062056021989 12.43472565520264 12.33046437770994 12.170689098727678 11.96394781183109 11.69218167670463 11.349231055624276 10.906414215995492 10.291180952087077 9.339226537249496 8.903009965993258 10.81034636537095 10.252859069272091 9.871295591941061 10.383964604421065 8.50046752962092 10.311934242752235 8.971215302243243 9.037579663719042 9.784915726672274 9.551756187664848 8.861256599112883 10.069853463548595 9.336695853951353 9.480867408981293 11.025555113361474 9.960963687466155 9.376628864972568 10.77191833491125 9.40473682752877 10.668454324395334 10.420099710408508 8.697166357636794 9.389045467291451 8.947041905433986 7.736578867889175 9.552195515584598 10.254177932798859 10.525009714180197 8.870852725413048 10.055715608595829 9.927459410236679 9.383675153480391 10.103527610028225 9.738333476193164 9.47079629182597 9.760200016439057 10.07193131416549 9.015476558366645 9.728560253877568 8.796308474733804 9.077154214887216 10.337592783941377 9.800707285829464 8.80319870918758 7.11450906711904 8.42782700395631 11.83293636457565 12.92897568652867 12.291322555862855 12.574120474284236 12.866746348579214 13.249523313874796 13.326329351958545 13.389842591960461 13.209419772812955 12.778625669840691 12.528584064398284 12.381267709444533 13.046954297442184 12.760147951369394 12.609707526543701 12.383040198191669 12.07974717836635 11.692432722932853 11.268303956055556 10.782613476037529 10.14942560043538 9.814851058702011 9.539485143491977 8.682182929813074 9.226741392761786 10.213477347895228 10.352132087356846 8.508104865769663 9.13089918901172 10.220720809497335 9.501685358378317 7.716068837521264 9.003129361359637 10.544986752116303 8.646095076672275 9.297214432234583 9.5665914614632 8.50465777418897 9.580536135344646 7.692505047712375 8.639064611939673 9.121868478049581 8.968377096379355 7.979640171847511 9.803540443497086 9.170696550390415 10.550047713784865 9.482208056099582 9.376644875024894 8.172312802850364 9.470221719003533 8.72754249417057 8.883457475858432 9.246535596120921 8.653804332164592 11.657698575642733 8.549094122174477 8.230497048827743 9.404473846008408 9.69769143940183 9.001163380589018 9.501466189114325 9.127398066106185 10.041435266811533 9.908716840437677 9.41390844844193 9.652441370662824 8.844060508304052 9.507698420893249 10.959438987744837 11.99704617340058 12.343122843638923 12.550898270049448 12.839070912649913 13.09790992898165 13.24023882749711 13.24945630351393 13.058052868916105 12.77515354922613 12.599598429055536 12.616937821161251 13.451908384244346 13.070719527693734 12.88368648216387 12.608634622648907 12.241630565104519 11.78714266543054 11.279764488995474 10.737930252283348 10.163840803099765 9.788311956462493 9.795028805249167 9.687200014682855 9.176312065637823 9.235897223100245 8.501775616259224 8.806806112699828 8.622379503850059 8.08292639602666 8.52066649774206 9.50359685307172 8.607407901313875 8.835496747794444 8.280308224242107 8.566621539194974 10.270420132811878 8.877485399913528 8.622606736619847 9.655871931545644 9.097647242180136 10.068875270452631 9.44798628268727 8.862264324208459 8.932027400683625 8.652449052134134 9.003689044484661 8.47336819485116 8.78369262717147 9.460229328769435 9.019331207095828 7.414103034144883 6.828279318642607 9.962312483489955 8.930551150178452 7.7081452155285755 8.999164271929493 8.721504951572781 10.777505787781172 6.642073790582632 9.306327510970814 10.214920150936758 9.969889277637751 10.302750316285175 9.481006075434108 9.075643890783509 10.44737346993199 9.757050412654287 9.620380695842611 10.28449593948951 11.631191347983 12.182047782766873 12.430454977929905 12.6279145982845 12.833720410518497 12.93208634206902 12.95939923604886 12.906583107241568 12.710586206386816 12.597354541011663 12.817033932239669 13.838128148870613 13.377841568641383 13.157015677289818 12.83876701068596 12.45925111711343 11.984924908547699 11.444645433104636 10.891720773356367 10.375407987323221 9.97947071774493 9.769575344568258 9.662707719727155 9.894758303766245 10.124480209835626 7.865160656192902 7.818732906104811 8.762727822218734 9.3039276804083 8.81425859710289 8.96279006055663 10.097064034032146 8.518036805404199 9.048302372857588 9.801035747525333 8.2021985358408 8.418762432417592 9.099510431008714 9.817082685239583 8.783130989330614 9.729430694256008 9.33950674755763 9.402425433326364 8.681953046715481 9.017686165554744 9.765574935724008 9.13136696468518 8.330211651158217 9.162056947241485 9.560773928724299 8.922795694393747 10.541842573328887 9.683168616647869 9.23016997289911 9.122806978419762 11.091542206023911 8.544712539709659 11.138319772839191 9.052242134413373 8.99584630033441 8.938592227886845 9.150729183499562 9.331454288244187 8.848440208625044 3.1086976211492505 6.20437250974796 9.691354860329785 9.888017211302664 10.644701133358144 11.91157455466435 12.239623795116156 12.416043891901081 12.574428204047065 12.635746733901795 12.706019435569662 12.703620049966718 12.615032491725767 12.59170544095353 12.604823628127876 13.006326494491708 14.208543308803607 13.687358974782684 13.37406887696167 12.865270204465002 12.683667481105623 12.274930261263533 11.759009028692995 11.242046762588917 10.783447125265424 10.420894692582237 10.195462450413688 10.036070275041128 9.921085413322585 9.882396387587661 9.043942482704411 9.67009106845973 9.159458746498556 10.166499539853385 9.528303096537869 11.365722778653577 10.420930188014825 9.482394690919623 8.653446286712532 9.72523084892369 10.159007905319065 10.236461173584459 10.395252855670785 9.625715479728461 9.510914974436675 10.938676715761412 9.340414794012704 9.39068868059963 10.51121040694149 9.888132720740549 9.392376708284976 9.768823579355402 7.040661576120792 6.066691996920267 9.887672126209518 9.271705946677601 9.303714629627123 6.859416031868992 10.332952692734102 10.279572714906054 9.405832744537443 9.909003387764503 8.545936056680821 9.30440458783226 9.278298200234094 10.466764977224553 10.786551461976465 11.153073041487918 7.239759985530711 7.064010208828993 13.137764038451756 13.719452832203311 11.773687500030784 11.863660864094209 12.27178246114103 12.383476713248658 12.457723223370104 12.492799147761326 12.475268675618013 12.476213421687786 12.455558467845444 12.394268966283537 12.535152324776947 12.648038900413749 13.195547746424012 14.566083591344178 14.005442276024967 13.704355986421184 13.234254872068854 13.035358866987488 12.661631477887566 12.210855830431049 11.776236541299609 11.405203952063378 11.117222295780572 10.936690875947894 10.815540012053336 10.713449551438718 10.685539908162653 10.989149619126351 11.192264535819925 8.885499447568744 9.53577796150442 10.232364200225149 9.938313386834556 11.18232861388737 10.808060360908145 11.214628623841765 10.444338855216794 9.969583535680075 9.395122836191211 10.97771357113081 8.182790568693788 10.95361277854832 10.942247849944252 9.741065711444875 10.601389804621103 10.827513259976623 9.739122475170673 8.577792029731427 9.534593962210819 10.356255129201251 11.581760041447756 10.485645800624942 8.323511847630677 10.332636200391818 10.775696448398318 10.562012124565387 9.40032302790806 9.97596617334724 10.983590723895079 7.113554406323048 8.787316839119038 11.539560694157947 12.397302772672578 10.336140065077847 9.025087022247215 9.820734260112118 11.399566891713297 13.650714923765213 14.01702745292974 13.323802031754955 13.08092463515514 12.910295155826951 12.788822601380827 12.61292929304494 12.502705897122146 12.478009246313604 12.405835559277397 12.388747436226806 12.461483762718125 12.614143198026726 12.749753803134157 13.39543462382779 14.908016756050724 14.325770962935765 14.087731624769727 13.785960478385098 13.457844131009912 13.091085743747536 12.720299610097832 12.379661990933876 12.103820346765593 11.903477206749587 11.778473719430893 11.733529678912136 11.740465876884851 11.813023904077278 12.00402726267589 12.562412350531577 11.002689442417129 10.620411933683082 10.223110952089653 9.693552686656641 10.162896280970672 10.713147300192018 9.617816982083157 9.277991335891231 11.15419803287019 11.272042914158838 12.770874488330763 9.618404115133263 10.60655264830836 8.420391348001639 9.878934841061962 10.742131389737931 9.613008598881123 11.151236693210802 11.403724913130345 13.071068605882086 13.527107838350583 11.94579414880475 10.367729904111506 9.71772532113932 11.24373927392219 10.167724211147647 10.207826230960825 10.38832756008973 10.635896137524872 11.569550968889814 10.517680036215078 11.723464696944454 8.550912993783905 7.103686123260793 6.852496752678765 10.051445848706912 11.268111225320212 12.298845976673999 12.556718259324796 14.299581381121422 14.355479655700748 13.97236041123959 13.53438602298083 13.143465304380035 12.805194095236722 12.555475052551145 12.450153322015487 12.397599181497773 12.445702004145879 12.50738710444096 12.71104325814623 12.90457346761351 13.61006849724151 15.231610699234084 14.642058363141041 14.412568929580452 14.133428395367014 13.831537766881727 13.510011798238295 13.203312458322376 12.936688343050703 12.73761922468997 12.610349334114366 12.557221672254716 12.574248453049654 12.64501278448894 12.807567041873588 13.068894937132152 13.351960607498318 13.279635108814322 12.85187002432117 11.49868379204429 12.14319151614857 10.278758040414585 12.503622907410433 12.756884634527152 12.03220646948322 12.488469854912431 10.082447389291055 10.3721346039864 11.328373276767508 12.363114789314126 11.648646094217646 12.21033015187351 12.364957641345086 12.597349655459523 12.49704519677711 9.730859319105917 11.116430274681049 12.36468515942031 10.26541078330097 11.045585392883632 12.757052111455524 12.212739586465002 10.285697342335936 10.482438852663046 9.892363583744977 13.12137714501238 9.571519915439499 9.50365297090872 14.877438482039436 13.128521891013117 15.657315295268711 14.955267987680505 13.350352364368964 13.389721458397364 14.235157933321382 14.645050518575538 15.036338619956345 14.929090642831936 14.530965082810338 13.977752701204174 13.426794600565403 12.996975090741353 12.715660560616195 12.571837876399902 12.572851544937302 12.761535661176499 12.842752456408666 12.915730109875163 13.105536492209035 13.843524944850364 15.537763523109188 14.952236347676823 14.732904660722 14.470049647744272 14.192083581940278 13.905019775829137 13.643245978810977 13.426202724690384 13.275356114810748 13.192749174509816 13.18464910731374 13.23741441493157 13.320206471400581 13.482749220051101 13.755759759888182 13.875384127634133 13.654062405410466 13.92211848505799 12.154411253343604 12.03461863452622 14.709510143764494 12.938424994736147 14.041668697754243 12.136549765516147 11.385964424193249 12.908020615373424 11.987406881777598 14.206907538050977 12.30174035620904 11.636699380343723 12.768167240903132 11.768585020661602 8.395773221441836 11.116147513259225 13.668510869877146 11.559273778937738 12.554743040644341 13.43089041073443 12.303303191386568 11.884766480344155 11.094422663088885 13.200352864970556 14.678107810528656 13.569683374041373 12.193620339283685 13.013963310424472 15.810242202352471 15.043184876486372 13.023851400430155 12.573736179384433 11.184860151902537 14.769796839525577 15.121253575598814 15.065097569408108 15.206214323592091 15.286276382885745 15.148919014081452 14.79818763704677 14.249215113498533 13.666144305592589 13.188467333352246 12.890471191500682 12.811859454362708 12.812915789433863 13.016322798596448 13.171730882207546 13.197708967524628 13.35589247167717 14.100432616851878 15.827375234608903 15.254135857023355 15.046577034629685 14.796759318160483 14.54121124440335 14.267389987011247 14.021662899001234 13.823533056725568 13.68576433676141 13.615224609359283 13.61690099382847 13.682426781185757 13.735152800194333 13.820385442675583 13.982530459578406 13.842736321547735 13.786246963721537 14.309151096469272 14.37496102994579 14.175437983984137 15.153612816339693 13.580249002959718 13.22695396485194 13.073335640159051 13.344946184903565 13.919945562976228 12.36423295332425 13.499772816123238 14.154319489228698 13.753019839356524 14.31793572611015 14.578637621427013 10.48206811395281 11.53331845380039 14.333531488001059 13.546535289764968 13.43428913973254 11.776431986195474 13.70353395466649 13.81138098382509 13.66089858461731 12.771796765238447 11.542932192326258 13.775811042998848 13.384313310375576 11.657568613593105 12.786453428978549 10.642227224419415 13.714055244148486 15.740805666212768 15.231412847137706 16.332946350896083 16.157221999423058 15.783817743900995 15.606200933153282 15.461031408158103 15.211693084042142 14.840663858999 14.33624024855387 13.818168898317865 13.346459055380276 13.077156766682789 13.02805619417296 13.100013402423297 13.32424902127342 13.48946418912082 13.552176802576767 13.676705645711559 14.385594380111543 16.10677237127614 15.552622333749671 15.347461753663413 15.106043326189914 14.874167601444135 14.61206357663956 14.37473793206192 14.180577186464316 14.037143384161615 13.951618881047404 13.930500166242751 13.974623190882438 14.053698989293343 14.122332688488191 14.309414352502614 14.67515883578312 14.791337860611192 14.76096704465998 15.180774006985493 15.688131493882157 16.33521129563728 15.412076677717124 15.413255611180265 13.656663996979837 14.187657659253857 13.703954651119902 13.50387484131766 13.912288619463721 15.217491487855503 14.130860011693432 12.400707277146301 13.877587254818808 15.032115899144676 14.50558286334164 16.195426933508433 12.929875226650955 15.609014028722358 14.204775087023123 14.21966209753938 14.2501317045751 15.44268200188562 15.108765248239466 14.900652619592169 15.456197758649898 14.875117074954371 15.753271178681656 17.966604412520937 17.513307593391165 18.13627569351446 18.028867282384724 17.650544056291267 17.504470920336367 16.992164942132757 16.45032604194574 16.01906851731332 15.643042808794133 15.285375905918418 14.884676119304737 14.44220956134648 14.040122075385279 13.780719303445839 13.719467353419269 13.579742459324992 13.536809728671217 13.705863506501492 13.844786939137565 13.925258109047435 14.046937105443657 14.706201318069207 16.382307999955202 15.853734830453265 15.658907336735071 15.430386489835561 15.200489556326758 14.959246202589362 14.737719091108728 14.550170597012913 14.400585123092675 14.30226439246572 14.257413953010794 14.26800137869541 14.380764390384845 14.47318925370075 14.670553264068122 15.021100334124693 15.179923912132816 15.542365995176171 16.181760233488472 16.687890907711456 16.226128764437426 16.086318982461748 16.247098808123965 15.77601233078337 15.56141844142441 15.78324287927794 17.802147672589243 18.007714638820318 15.345885458923208 14.214044141936203 16.64511949996293 15.229708010342229 15.24597680676382 16.237945819938194 15.107813790845292 15.296472085463352 16.53942825781378 16.44950194432192 15.97519524007115 14.040529636060178 14.109451657586831 15.108182011225432 16.556369816758465 15.247657427336799 16.148603489994624 18.821599923788153 19.51837904378263 19.49178100637537 19.2933981814846 19.37290675568166 19.209100103721802 18.653177729380776 17.846552957428717 17.07449291012507 16.44232478237804 15.917366838456864 15.51555640607139 15.13114293291087 14.742174354296768 14.456434165556189 14.302129220897255 14.213135658704573 14.047172829182081 13.977620102573187 14.071194355444113 14.163550132586103 14.328572662121339 14.46959919929632 15.069672595581219 16.651276155803192 16.15285770643444 15.965101758838003 15.750751885857694 15.539341001914108 15.319452932486566 15.112222889292102 14.939417481749958 14.789726939827332 14.663500251537394 14.63962118998316 14.614807639501885 14.676216117566044 14.802737707537725 14.98834936694893 15.25896840909272 15.983611618050636 16.232730801156464 16.648256060722016 17.367100532016572 17.23556038586156 16.926424652801856 16.909969191459385 16.843000231542785 17.128757626557174 17.877124465905062 18.867941330163447 18.065740463797596 16.980791928568316 18.74319794517142 18.393750933785736 16.247285758712852 17.039491467552942 14.924232563392206 17.145918877416605 14.748712990392626 14.41128217948705 16.70647702240495 17.990578814714294 19.172735555961992 16.894408018938528 19.45300671935407 21.111581976028237 19.968042223918705 20.04007424785911 20.702010472869944 21.082295687691158 21.726696653508654 21.884111695451463 21.46528066356847 20.578972250873058 19.607536956306756 18.63025202097295 17.70325047259682 16.952446962018175 16.34834668173389 15.90141100708762 15.535902560365868 15.203266456398875 14.989725196340476 14.80212757694818 14.64113579413722 14.592312576478456 14.658230399466053 14.75711602887271 14.638850759810868 14.81792889970791 14.97415362579338 15.469338190088964 16.911340379480762 16.44650436088527 16.27265000846451 16.076249050393866 15.884491151181443 15.682477646462319 15.498911401596391 15.343978064469571 15.219692804948112 15.102428623183618 15.077618769791346 15.036223966511916 15.06988432321997 15.19018260124991 15.351062424740995 15.623819751615837 16.344269785879817 16.941579845862265 17.22505056196571 17.630927451065844 17.85440500833122 17.797093776765944 17.86922312761898 17.933413764277603 18.33730830996472 19.068721498190566 20.099940726753818 20.698311393144653 21.289048194608814 21.75711030708808 21.099494701321817 21.02908188043632 22.066428823437338 20.551737589735268 22.134494857345896 20.790703335101018 19.893085534764836 21.318195518224446 22.72421897014627 23.622518436275392 22.83639553057062 22.99447100400733 22.77591312601202 22.671794477246376 22.92513679897918 23.102834616600752 23.090669986863844 23.45730188435763 23.384163950165146 22.440348938754408 21.300750859724605 20.21714764460594 19.215601473462847 18.30974156876973 17.566820301848328 16.977410763729495 16.518951850573654 16.149485856167917 15.867387752382719 15.630065464034452 15.559654710609855 15.451686188791744 15.413913614354463 15.352736557390596 15.355345347893717 15.241739261870048 15.385598049213495 15.49446459065936 15.895285876774974 17.16585665465699 16.737665306349605 16.584613873939656 16.40929798595628 16.233006034471163 16.05755256513327 15.915593815664788 15.760206048995439 15.603110495518584 15.499975454077727 15.509026863275503 15.489645317563314 15.546827009738111 15.644985601147297 15.815263850419976 16.126451714036417 16.57272302882345 17.08967725776174 17.52173409903609 17.961189163937078 18.269366194463498 18.474507925991603 18.6493802978206 18.92173431110807 19.511956322267455 20.395916105260053 21.48096385576026 22.519097407364516 23.44275438618337 24.063521826389483 24.2911312942612 24.292526961232518 24.055144634083224 23.592241445567247 23.15546960195985 22.86860071258455 22.969691599657747 23.80261949904354 24.850326416236182 25.74324026022275 26.235661622900587 26.44087492025167 26.170900538890294 25.739233855423855 25.31606810128946 24.874744406550494 24.553124307688993 24.21418069403394 23.69947043679901 22.797851708954195 21.782253338599897 20.75835957431003 19.815317337101533 18.984677607731587 18.30273226323378 17.755864659422198 17.305192892067005 16.943260857309625 16.67455120741506 16.4701306855135 16.33759848114938 16.206028143853402 16.122336341552046 16.036106944648516 16.008012272149735 15.997739602879092 15.967233915108066 16.02349957356829 16.341411647148753 17.42332751275257 17.03495465039858 16.8968817711981 16.740211076707105 16.58513678745691 16.4402666193782 16.34902121459095 16.195269059117827 16.057624166797304 15.960870171772951 15.981213979298849 16.004665968992775 16.079505240845414 16.20263457516054 16.37173173869472 16.65611503290342 17.00974914302526 17.434845337529474 17.90188233990706 18.3495335410504 18.74077726046192 19.10959101790296 19.47299302701678 19.959921637381136 20.698152332834923 21.651459137885475 22.77556486353282 23.92184401875654 24.960400124765044 25.790827963000453 26.252525785397054 26.36477896384036 26.23811348820906 25.947961875868817 25.540762878269966 25.302314618114536 25.513301159704096 26.153280618704116 27.190581744801847 28.178142886290306 28.71960436879048 28.791574733251608 28.425885569535076 27.783945631713262 27.056704257046956 26.345868745365724 25.630476272902293 24.92203263543021 24.1534274853686 23.28900380505028 22.345413477073112 21.39963197793188 20.54814565531414 19.804467873382595 19.183437681610066 18.66881733114522 18.235780683486393 17.875449987973884 17.583129086342204 17.346050161499065 17.155315421231485 16.98243527586868 16.8221776870606 16.743432131487303 16.700154482170788 16.630749826303823 16.55909229632777 16.58107285199237 16.809402257073987 17.636000217297035 17.284411497181438 17.15960974895687 17.019255389723657 16.882741654022993 16.751627561948528 16.648035227431333 16.55233638501791 16.484308192043525 16.439199397502648 16.425262920984164 16.45836723206994 16.545748959803817 16.690292523784333 16.894644319304522 17.16055010275299 17.48530034419795 17.86367696698057 18.291476920244545 18.739367545125585 19.193034793881672 19.670597787492387 20.184493349650907 20.807111542596072 21.611055137815097 22.569579291919606 23.655780267271695 24.75199356547345 25.742632942153573 26.56803256022995 27.16252842580468 27.497621960983594 27.558849502889085 27.41797958290503 27.135734076787493 26.96480086081856 27.159255768438676 27.69879322664466 28.561829599769286 29.398525759560666 29.872681043461252 29.936785049688346 29.557859564108565 28.89391904067985 28.113616924732938 27.280669989560504 26.43896662446184 25.58543262118847 24.69988604948779 23.80742998253688 22.9143121169168 22.059717984454753 21.291713524107667 20.616737556153105 20.042014944789013 19.549406737080826 19.118787832527307 18.742584144407253 18.41588056172652 18.133612973508068 17.893792402156627 17.685780385721767 17.501948827636284 17.368472960867244 17.263661307508396 17.174538629865676 17.102629846961175 17.074455610322474 17.217140502646032 17.82780419483751 17.511477656848253 17.398924180312857 17.273211373594243 17.152859385627377 17.038728176003048 16.948582236198728 16.880878923286737 16.835290410263774 16.81731634567757 16.8325452227471 16.89083342273566 17.002043150561107 17.1681641271792 17.39119167903111 17.666709228902494 17.99032934245416 18.359592648731336 18.772033963175513 19.22083398121574 19.699202500904914 20.215722074516435 20.778966368634464 21.427707762489888 22.200718673230394 23.07880831756048 24.042785912184726 25.01242855946798 25.907513361783757 26.688186815261545 27.314596252761 27.747776308805673 27.948762360856733 27.966782825293173 27.85106194502668 27.796915977456916 27.99966216234215 28.442474116676333 29.108524699114483 29.745261496791855 30.100139620380858 30.12939305885804 29.789262695411008 29.204022163357795 28.49794466379893 27.716880702681838 26.906678780370203 26.0763579479153 25.234939212067257 24.399712637628895 23.587953957867573 22.82018872072836 22.116949432632676 21.483146629172765 20.923691534541277 20.42535260608054 19.97489621103203 19.568306762226577 19.201580330917835 18.87496901509364 18.588734431418267 18.34093529729763 18.1296542209684 17.95205859433255 17.805489104102886 17.683904653925676 17.585438025734344 17.530173401600127 17.596175928961507 18.050926779386355 17.769348959792755 17.668467451942796 17.556464807869634 17.451033936967857 17.353706572490495 17.281056614573124 17.23296816131648 17.21040528981328 17.2184849927905 17.26240180197819 17.35001790919407 17.489201073305843 17.68112141596041 17.926949458500935 18.221474105258448 18.559484289260805 18.938667287337093 19.356710378376526 19.81036315480091 20.296375209179836 20.819266168880496 21.38355566128053 22.010934715704153 22.723094361476253 23.505754232632647 24.344633963209418 25.187880282241622 25.9836399187646 26.70230456886265 27.314265928620426 27.78504178957522 28.080149943264637 28.23119186728354 28.269769039226876 28.331874635249495 28.553501831506054 28.921229505840444 29.421636536096255 29.879416086169837 30.119261319957182 30.11036387007934 29.821915369157058 29.338430424647758 28.744423644008833 28.074270554679547 27.362346684099354 26.622765796807744 25.869641657344182 25.117888176478115 24.38241926497903 23.676271334445776 23.01248079648081 22.395569908133496 21.830060926506896 21.309802389293967 20.828642834937767 20.385590768275904 19.979654704592903 19.612755856249777 19.28681558111178 19.000744956442702 18.75345708611805 18.54129791828728 18.3606416281596 18.209148991300747 18.08487393550193 18.00793497577177 18.003926531216443 19.35595903945089 19.219655501103354 19.166199367818088 19.10973872493367 19.06532162313115 19.037138993878614 19.03662606022087 19.067558583476448 19.134232441698032 19.240780196274322 19.391371751295434 19.589613194985635 19.839113296654574 20.13911587580276 20.48886494442397 20.882567151568637 21.314429160107554 21.78068369345668 22.277563476024394 22.801771950378157 23.350012559156816 23.92001018760265 24.509489720963096 25.118750684466104 25.74809260333994 26.39216567035841 27.045620078295066 27.698089911043798 28.339209252498176 28.958608649889225 29.545918650447714 30.085577410828982 30.562023087688107 30.974802347444307 31.323461856516772 31.62784517501096 31.907795863032597 32.15726065695512 32.37018629315217 32.51322661445278 32.55303546368618 32.48371665990681 32.299374022169175 32.015710571257586 31.648429327956226 31.2081042766954 30.705309401905197 30.151742353476543 29.55910078129955 28.936853210847335 28.29446816758355 27.6396643477085 26.980160447290324 26.32338246272854 25.676756388579697 25.047597753515525 24.443222060539284 23.868771022083994 23.329385993069153 22.828601174255017 22.36994578688469 21.95472455899587 21.58417286290182 21.254046502683 20.959135281795987 20.7078614513448 20.495192609425263 20.34178632991966 20.08090104522033)
(UseCyclicTransform "false")
(UseDirectionCosines "true")

// ResampleInterpolator specific
(ResampleInterpolator "FinalNearestNeighborInterpolator")

// Resampler specific
(CompressResultImage "true")
(DefaultPixelValue 0)
(Resampler "DefaultResampler")
(ResultImageFormat "mha")
(ResultImagePixelType "float")
