(BSplineTransformSplineOrder 3)
(Direction 1 0 0 1)
(FixedImageDimension 2)
(FixedInternalImagePixelType "float")
(GridDirection 1 0 0 1)
(GridIndex 0 0)
(GridOrigin -226.9707591816432 -126.07776666563528)
(GridSize 67 63)
(GridSpacing 100.0012962337415 100.00147987603289)
(HowToCombineTransforms "Compose")
(Index 0 0)
(InitialTransformParameterFileName "results/lungTMA6/my_reg_project-modality_fluo_to_modality_brightfield_reg_output/TransformParameters.0.txt")
(MovingImageDimension 2)
(MovingInternalImagePixelType "float")
(NumberOfParameters 8442)
(Origin 0 0)
(Size 6366 5958)
(Spacing 1 1)
(Transform "BSplineTransform")
(TransformParameters -38.80702509128494 -28.49158066669885 -25.820267888465228 -23.21809209427624 -20.900116386155247 -18.477225266847704 -16.11960422254499 -13.768188947638407 -11.40407114043416 -9.104063011831476 -6.9478598440955635 -4.899953034735711 -2.9250409764721796 -0.9954278179927983 0.9165674304271051 2.817772751379842 4.715015060443746 6.614514785597372 8.522492278211045 10.431467492203225 12.333960375992058 14.222517641864142 16.089686001711126 17.946836938614616 19.80534193562788 21.67631849787358 23.57088413047237 25.498383748864814 27.468162268491206 29.486564778781368 31.55993636916487 33.68059580742911 35.840861861361375 38.022824469879 40.20857357189912 42.37270562691146 44.48981709440558 46.53154239451247 48.46951594736305 50.3279568381542 52.1310841520828 53.90365507484403 55.670426792133625 57.43299503488524 59.19295553403449 60.95184003362275 62.71118027771681 64.46737493350291 66.21682266852643 67.95558798658702 69.6797353964891 71.39483615475122 73.10646158761233 74.82060417860959 76.54325738237242 78.3006400225633 80.11898444842059 82.0314302668835 84.07130547186881 86.16773101108726 88.2524517243584 90.3444442330263 92.4992312609784 94.56467412088652 96.89765566892754 99.30724955099008 108.69228491949268 -38.182014786954014 -27.84374598826274 -25.163110636319338 -22.549385948132546 -20.218761275701873 -17.781596897766576 -15.408764165881339 -13.041840329955228 -10.662645524320368 -8.348935149830055 -6.181353916443648 -4.117776121352534 -2.1162835048086475 -0.14249849526325156 1.837941585090746 3.828638983622993 5.833194878380588 7.854920497670369 9.897126993025303 11.925991375754782 13.907690651656127 15.808121411337133 17.593180245009826 19.3136624829259 21.020363455308598 22.765125755345426 24.599791976221912 26.519345436656028 28.5187694553657 30.604022204811525 32.7810618574542 35.01412865611168 37.26746284360201 39.54911032840258 41.867117018990896 44.16876504173857 46.40133652301717 48.52809391467142 50.512299668546014 52.385355203941295 54.1786619401576 55.918799256237975 57.6323465312252 59.328084800029075 61.014795097561084 62.70133650234386 64.39656809292603 66.10717376383168 67.83983740994839 69.60279233257741 71.40427183808622 73.22809247807191 75.05807087468892 76.8788247562779 78.67497283391634 80.48186572438549 82.33486773222349 84.27638429235729 86.34901148556787 88.48017735717664 90.59996530670412 92.72690891317917 94.9165260685728 97.01443158596885 99.3813653054425 101.82343505062069 111.32151471006725 -38.02686141612851 -27.686392144380765 -25.00441129450959 -22.38884593265991 -20.05611012659611 -17.61658284144822 -15.241267185498195 -12.872292068737346 -10.492037403664915 -8.17889775885291 -6.014157594831513 -3.9501512201483178 -1.9394204282583287 0.05811785136473959 2.082531792501066 4.134170604777877 6.213382428284153 8.320874835921554 10.457355323802314 12.570237281805595 14.606934094297298 16.513922855861885 18.237680660687882 19.85668745092019 21.449423168675114 23.098114351951647 24.8849875387467 26.783932098063786 28.7688373989064 30.854381403449956 33.05524207386983 35.290687065232454 37.47998403260395 39.69775098309411 42.018605923812345 44.353102942390535 46.61179612646039 48.75862276859047 50.75752016134915 52.6428651919511 54.4490347476109 56.195818200085704 57.90300492113289 59.58112887871873 61.24072404081111 62.892803736886364 64.54838129644679 66.22446476049808 67.93806217041073 69.71165558736207 71.56772707761083 73.47125807762023 75.38723009462798 77.28222156250789 79.12281190089043 80.95248168776843 82.81472523096315 84.7602104962807 86.83979668137961 88.9797892998464 91.10915738139012 93.24599105422445 95.44547844043817 97.5525270550791 99.92875281133765 102.37950325282954 111.9069455033049 -37.879618589202856 -27.539634275580447 -24.85710521322757 -22.240486257044108 -19.906277546845583 -17.464867916697074 -15.087238629983116 -12.717143472820881 -10.338693072277037 -8.031745764354724 -5.878124985563058 -3.824736534712524 -1.8137132625237453 0.2064997917683254 2.284436458085486 4.413150249673046 6.58883661601293 8.803657094458076 11.052008584903467 13.258886703952323 15.353579389409676 17.266388830542887 18.92493280638039 20.43065627107427 21.886447578323956 23.42358943083861 25.163110979509124 27.018542509778232 28.936689119340823 30.99761833717062 33.26347777635961 35.5376753339415 37.62208811652312 39.701373674213706 41.99021838615332 44.36255432708928 46.615494030562694 48.736671645057925 50.809103332423994 52.76910786415559 54.581979559895835 56.31506025753818 58.04076322684065 59.741670142030074 61.375811873755104 62.970722381351386 64.57039061025229 66.20235350139416 67.88746485845539 69.6685774255221 71.59179460707672 73.59494771047439 75.61731515658487 77.60309660103215 79.49501225590448 81.34769845277945 83.21571546113806 85.16110881523691 87.24640681446385 89.39553862289581 91.53405244996863 93.680823214405 95.89248491003588 98.01070652350339 100.39629413797897 102.85507986226575 112.41098277821614 -37.75108832430294 -27.41398817533953 -24.731688377671418 -22.114732143132468 -19.779476342554364 -17.336375234139158 -14.955904579087159 -12.584658917295807 -10.212998622960999 -7.920887531349331 -5.773480556433935 -3.7559401726416577 -1.777754809262858 0.25052767071370297 2.375214511955507 4.576427420724484 6.881262272398595 9.211501686191918 11.599494328082256 13.827157406581145 15.913506265495872 17.83604956605194 19.459889742064096 20.8452274362344 22.129833870200667 23.639066119820594 25.509554454863142 27.205001546649843 28.694926536975817 30.65702483228375 33.106682822396 35.65187458971429 37.507046614350564 39.225633601917146 41.577094279788604 44.85989864788137 47.02505329192055 48.3345411550551 50.79303774738697 52.94092410530071 54.70094077924987 56.394945889616714 58.093167240435484 59.897191295956645 61.479450568009355 62.98543397398773 64.51600237001485 66.13205404671535 67.79678608593207 69.57729483060926 71.56708732306308 73.66310271530507 75.7769463008379 77.84408872467928 79.77792722570517 81.64493944737185 83.51053543426383 85.45050208724601 87.54070255055618 89.69436505040365 91.85427913765022 94.01923723583013 96.22111052647968 98.35736042362103 100.76059799417462 103.21984450459072 112.799787890284 -37.61607767884547 -27.28294142517902 -24.60112102490809 -21.983807668171462 -19.647684596314065 -17.20509541702722 -14.818389236938518 -12.442248015013677 -10.078058380424725 -7.807610961150093 -5.700134495063997 -3.7378448586580166 -1.7969253603165471 0.22635112414178757 2.4315100063401993 4.605785238129482 6.9454223788695595 9.396553968466028 11.842034838264457 13.965136353793055 16.2407217377424 18.236719908662323 19.850500061266075 21.131985930648185 22.166248906661153 23.660048674710865 25.875012416493117 27.834759434531573 29.68585951977428 30.595558993075276 33.408886057385644 37.16986080038189 37.53929793559073 39.87665668628448 41.69791189430232 44.52783105583634 45.159656197844136 47.31832543063785 50.569300937535 52.31704934751698 54.860652403919644 56.615804615472086 58.47068867946079 60.346895215606374 61.636826448979484 63.0403966619778 64.60110426400442 66.22693825116231 67.79362980639561 69.61010560109686 71.64707882158677 73.8115077251672 75.99727830751536 78.11880850066377 80.07416867655249 81.9410220101691 83.79522939826398 85.72586652944064 87.80805145060076 89.95653443183 92.18932233180492 94.42010907393404 96.54845641119846 98.71400311568523 101.12262608283942 103.57718126425753 113.18436329615851 -37.48333551881412 -27.15519078937274 -24.47408663833983 -21.85629558426963 -19.518662859796414 -17.073299142325332 -14.674288383846243 -12.295775794014581 -9.94201037700442 -7.700449387727435 -5.672536389735101 -3.80730494468727 -1.9311201680945167 0.07752377501569584 2.335136818020842 4.441049564341939 6.8151393119928585 9.29656157941223 11.513806824792834 13.77074662392551 16.15803117410751 17.94246988229658 19.360253570411086 20.89644142674773 22.61801685764242 24.52837967461238 27.327828799170735 27.60346655052713 31.13559810211342 31.085600509417397 34.13385126767581 36.772565459348826 37.71579031149236 39.20044460719656 41.17611079074147 43.602241122355174 44.19920943427237 47.48274229142765 49.71855728445314 52.36329329654456 54.81623385883553 56.47714086499669 59.75646887611556 61.42892383395673 62.12449257568905 63.080747939589465 64.66556427422191 66.51609466765757 67.93816050312573 69.83008703232439 71.92087552096278 74.09426544813223 76.3010393213096 78.42914766348031 80.37227975340181 82.21951079659301 84.0432914740741 85.94897647169638 88.03132063583182 90.17555299789076 92.37613151558581 94.65824483694541 96.8262857854739 98.9784898104308 101.41520543238403 103.89532092201746 113.53239025088236 -37.349331582560175 -27.026715710883984 -24.346228754371225 -21.726929446096733 -19.382756957284283 -16.92186148427593 -14.509735258909283 -12.12295304412992 -9.775290356078825 -7.574746689168952 -5.634885739755441 -3.8537121401885086 -2.0964176863344606 -0.2151624557397609 1.876473922361571 4.171402989224591 6.6229407276015175 9.022639907045516 11.351782340857321 13.607674895179246 15.593459440824185 15.783633802820033 17.962865182978256 20.85890447945452 23.34316830741317 22.21591959766807 26.244203286986977 28.541925549513948 30.180115830694003 30.82887568910326 34.576750136821786 35.163734342144544 38.17204383079851 40.399950041375334 40.78776481266167 44.76735043040515 44.48794291896495 47.89077745849481 48.5174722415734 52.53756305464107 52.62868146549467 55.388831336207005 57.72998668825349 62.27095193184357 62.204764617545 63.654124985577916 65.36656570569676 66.64434471828868 68.1946334281951 70.2441392828393 72.35017423854137 74.48672394902991 76.66376751545558 78.75158812192784 80.65217512816325 82.45825499888007 84.24791733531885 86.13453918360845 88.22545651139937 90.39559681811627 92.59951508357712 94.86512822515633 97.09198855336564 99.2572146603542 101.69994071193761 104.19357039310037 113.8593066917663 -37.21297252064787 -26.896023538262405 -24.2157557230978 -21.593053243728875 -19.23903468640806 -16.758865530544487 -14.31710685019948 -11.905355606960049 -9.547946365781682 -7.369147405055813 -5.506466615200499 -3.8128755424242726 -2.1589582484667353 -0.41280207929230184 1.5752812003810763 3.795667750615856 6.164012847921846 8.72458243817127 10.68977868322782 12.313598895520407 14.910814174604585 17.361600334395487 19.49703454236413 20.28529143704645 22.264181104494426 23.426065760101338 26.64245487639351 27.934272200698132 30.527098165626974 31.92706859638625 34.260235221002056 36.17735325475957 37.03475575467797 39.80653924372637 40.45701079685307 43.60319847121314 45.94143904456284 47.657704206832086 48.237301540148955 51.67533426648233 54.4729264533692 56.279613394067916 58.78356370264053 59.55027330509417 60.318592927372855 63.67201603601444 64.49914785343294 65.03521771746999 68.51586042963835 70.9659890816812 72.89327208171758 74.94010649244899 77.04961297539167 79.0604456257537 80.89152403027563 82.63945767320546 84.39940912322291 86.27401392475377 88.37012639023855 90.58428380460805 92.82494687935666 95.08832198210273 97.36678599665878 99.56503684274837 101.98404545450128 104.47678731551187 114.1701811071077 -37.07902830319597 -26.767892430917538 -24.087479696352766 -21.458908515405202 -19.088956875144525 -16.57842859532253 -14.08695874055833 -11.619302501756858 -9.227591576029644 -7.047588376171041 -5.2289827474315524 -3.6099259362723632 -2.04448314115885 -0.42764028855350755 1.418566539078091 3.3855285569267783 5.546397531415915 8.208088314622323 11.46334511987116 13.398497612674875 14.246181584489618 17.255857603436194 18.97462719048864 20.361777033883826 20.181331380345696 24.481895090164045 25.325157937367123 29.65078364161445 30.85725358775792 32.13244565403817 34.12435794193208 36.65655028193859 37.367570865640005 40.64409706100098 41.871719669236924 43.61200554094864 46.88377524868921 47.46035247248891 50.279412978321155 51.362361840443874 54.04067053040684 54.266692301134704 58.62793159548512 60.02166312571979 62.32040643776177 61.96479759189197 64.92137958166259 64.2473932215635 69.16168220100417 72.62731158067052 73.0744399824665 75.25846406414743 77.33715841670542 79.32178304304087 81.0804204268761 82.75153918783445 84.46979701414114 86.3258084077626 88.42670435671259 90.67066469443576 92.94828750767194 95.25378939442622 97.54851553184342 99.80624788647059 102.23307696495455 104.7262157131577 114.44458550391568 -36.952443862747884 -26.647282043714156 -23.96639697130743 -21.32892422019424 -18.934921198940238 -16.37874491214385 -13.81317160886897 -11.261691052935205 -8.800720055069547 -6.575921255878871 -4.745966264307184 -3.1492503522189415 -1.6203292448606743 -0.08867950960347694 1.4848341607421944 3.130646991883804 5.451923439492934 8.676959564810467 11.711796952754582 10.9213633373636 13.089226638459278 16.765904558569023 16.964121356557765 21.020409590833243 22.737929934202135 22.834617944822828 25.353471614355744 28.802121297707963 30.190558510375933 31.3282025083406 33.09152548109894 36.27572669550107 37.46705809783245 39.17241904313081 41.241026989465 43.79429795002753 45.24901130635082 47.175101181049904 49.20171965902574 51.70569779929489 53.20423699932494 55.265022029563106 58.90184375539485 59.99918467059552 63.18846767580284 63.32569554612751 67.35121502090622 68.29894225491779 68.4783066686985 69.65996428370582 73.24626581869458 75.6702804434003 77.50524174114835 79.503127026974 81.19396245964255 82.7364714224272 84.4054290922147 86.26167284503394 88.39386045056851 90.69872917671108 93.03947457809247 95.38224164363844 97.76370088774391 100.02600094407782 102.4226763170307 104.92157709999304 114.66126045346827 -36.83060631417541 -26.53184826402464 -23.850291473659272 -21.203062539160566 -18.783116707656035 -16.17769204021226 -13.532303563669581 -10.893602230485302 -8.351867777323163 -6.072743856604948 -4.209766779352723 -2.5392996980888816 -0.921417180521036 0.49712745396555386 1.7654853669216761 2.6811781055397432 9.073190217833439 6.706363796992776 10.094146766812791 12.559783828116897 14.052053043726508 17.122360022389127 17.335288882455185 20.442996341174045 23.333867018291564 24.84236510877524 26.270536567387474 28.934819446501077 30.223558224381748 32.37428998935027 32.947867439894694 35.790157255431254 37.773864323717255 39.96021894419541 42.57970628878431 42.6404557882464 46.576481104356006 48.45295466839379 49.50105871819815 51.403335727373964 54.91727209866013 55.8818624532832 58.83478856561727 57.50343922487325 62.11232983225812 62.79011123302083 65.7640348274086 67.14095215099557 70.70047425755993 73.04681641766634 74.62756554845625 74.6222112221597 77.21211549590868 79.60711216415051 81.1449337832068 82.57643043413657 84.26196272678361 86.17456958030377 88.37493926039275 90.74427728229959 93.10699963304259 95.501702065508 97.90885084952868 100.15945335437493 102.59472639420194 105.08833097926146 114.83596898806118 -36.71091533408741 -26.419260010007605 -23.737100050786342 -21.084923377760433 -18.6445788974229 -15.993833456119756 -13.278820480555092 -10.56015620833772 -7.949729616897955 -5.609442998541543 -3.6813335475663447 -1.885012614626563 -0.236826533755858 1.0641832218604776 3.2984731659381286 3.609937787637746 7.607218358579742 7.190682483589118 11.223198301638744 12.797652269267168 15.356920744865253 15.708254894206593 17.26086918921277 20.013839922586815 21.730762506405377 23.546580466585887 26.4475935165015 28.399773608751033 28.369038806160074 32.28436179770611 32.96331339871367 37.15138894008547 36.971651379999685 39.96772131491952 42.16448014813847 42.79071764716796 45.57046349253827 46.82029758105256 50.66184928753949 51.76621405943986 52.93997648238517 55.340995611210936 57.143376984464325 60.68462788117077 62.0772350594684 63.329917635685156 64.79678892381588 67.06939146271216 68.94315877943097 71.11041374125479 71.56839699308173 74.05090061528449 77.85984585023824 79.57208673734276 80.96023679902763 82.34398295774392 84.12175648616531 86.15650089492031 88.40285536995624 90.82672695310107 93.22670458364529 95.6279114591154 98.06006429381397 100.30757102388752 102.7613956603901 105.2483898277715 114.98395205480487 -36.59125140880772 -26.308167757801115 -23.626184144974463 -20.98061662313073 -18.53277005631118 -15.850072581616494 -13.082906488962735 -10.33636250621069 -7.712302311485904 -5.356215531292941 -3.39267023000791 -1.5877541148725574 0.10968947212975819 1.4761349586654602 4.315390138964341 3.398629621438823 6.149344988308586 10.004139864247538 10.218677058928382 11.407324593340629 14.723074505006462 15.970542409917298 19.011603478057005 21.822938485136856 21.873070431742768 23.617267100851812 27.13154457252094 27.845468867743875 30.652770186015815 31.747725046410267 33.970993997597894 35.31632291267649 38.2447713889649 38.50841534888088 40.42363476378063 43.43872056522899 45.22837838735162 48.766922195491766 49.42214415483615 51.241688672335535 52.844396346902734 56.784049929276435 57.140782544016304 60.49688912848347 61.07211422183025 64.25550062628382 65.66474465791963 67.32735210571313 68.20270108067064 70.81122534953106 71.93976747440861 75.14704308480805 76.27970138363737 78.99389135719053 80.89663766552327 82.23430080500158 84.20562834797788 86.30482867582911 88.52387634477863 90.98792585015364 93.4380285031269 95.84925412349953 98.32170638113557 100.5134002283699 102.91832513743122 105.39271650383768 115.11684372078227 -36.4694959265526 -26.197222920072512 -23.515515673364273 -20.85600993320137 -18.413171538059192 -15.755264837323754 -13.009484121080915 -10.30810671330533 -7.743308606167844 -5.4705335381876425 -3.5792365936473884 -2.2218588392296845 0.06340993875279176 2.6060027518272353 1.4230208878553399 4.187068485086741 8.162503931968015 7.6065505440339205 11.368224009308268 12.880855693509227 14.46688118016811 14.939870662425344 17.461077003316127 20.111315221349674 22.10100273289797 24.518344569141064 25.586419852372593 27.752093551016053 29.349576078891875 30.730976693776924 33.218040453151424 36.63347163398383 39.49926672127435 39.45430443239468 42.42297254415432 44.577132386028275 46.01137193641603 47.664130857230916 49.36203504097567 52.528680933054176 53.83839686743113 55.22758838484423 58.125012180618434 59.62163633251859 61.661803272746205 63.84076963692392 65.21253797278152 67.20422120370391 68.80253988839816 70.25735374441167 74.02031935323937 76.23647106310672 76.82094113342009 78.94555252047381 79.44986840777443 82.85007590761207 84.83981517993881 86.62437744320049 88.90119684357553 91.33525604423437 93.79085314504212 96.18809881491397 98.6258955538579 100.79319085423154 103.1549555247634 105.57799059133382 115.2506660709157 -36.3428030482665 -26.080542481147386 -23.40315489268867 -20.74846678810768 -18.3174738888624 -15.672194939703925 -13.018395255917387 -10.40523782862632 -7.896792815255697 -5.770432539547999 -4.24422000886514 -2.458980614263618 -0.6569778071867787 0.34644688114598693 0.9623720730907419 4.812644181911218 5.702427637403755 7.468235108461754 10.888999582592916 12.075472460788324 13.857581198471067 16.06809009588704 18.59505895483511 21.305497410754313 22.19575127566332 23.338416486498385 25.690811460489257 28.865638385248435 29.041541609215102 31.628869646356502 35.2257290549998 35.59762428852215 38.262683267861455 39.503364020962344 42.22536670916906 43.54617716980629 46.40074881667977 47.28403209245903 49.189401749296955 53.26371817767124 51.7292466551219 56.16094611980595 57.48340626920791 59.58363268372884 61.48209934467105 64.00430868003059 65.7793286897377 67.03516681627727 69.50736332081732 70.79925472816629 72.92202821052909 74.60816116803878 77.13432392110244 78.07680421813382 80.89067369068053 83.71180723411916 85.86475535188073 87.11933871194753 89.40120411049875 91.7535850604541 94.19858566901407 96.56640683771323 98.89723071442207 101.11860516331384 103.43480624467158 105.80317891553062 115.3870951151916 -36.208326999647056 -25.952061404061794 -23.277847667186233 -20.633770597397866 -18.210324187000474 -15.558747561564882 -13.036631175229157 -10.526410572847311 -8.06395727258114 -5.906191982696011 -4.180778983491029 -3.578890100238458 -0.3544780553296614 2.3965649603460335 3.911293652611585 4.396113009937451 5.835208792782165 9.301430490663222 10.560571717605441 12.010798589249184 15.054037027271503 15.696616098896534 17.81310881518269 21.36419390145112 22.098824572519014 25.64415715982742 26.875255314172975 27.372087466648004 30.506577152590935 31.359501104447123 34.03502371354442 36.16946547985697 37.533821729134495 38.21385366837481 42.62337842030169 44.207545471042444 45.330449922728945 46.97331364847131 49.748075247046245 53.222775580159784 53.897234521886034 55.92525043441949 57.674937699699505 59.68963310263155 59.6795245112127 63.72509692330378 64.86313869384085 67.02489135816595 69.24390373225835 70.42213696153378 73.14084141871692 75.1437417590066 78.0381083767529 78.98867577146432 80.50480386969092 82.46619306698139 85.68061104164171 87.30848105816567 89.46046501839784 92.27424745355253 94.6787602608631 96.9757768810328 99.15781394107796 101.25577641445203 103.61269588037554 106.07576592015423 115.52924134720587 -36.06312872875209 -25.805112229518375 -23.129979053262673 -20.454514718562937 -18.091535055447707 -15.530881610358966 -13.044168175307263 -10.569809335203427 -8.086612884561637 -5.689464368649721 -3.4297519005302775 -2.853826036170281 -1.2388573224523973 0.6561177681669098 3.8234268170869914 4.955233186672862 8.462872716937492 9.0547872268757 11.184609173261927 12.055371424866397 16.19171068961753 17.615941300161325 17.00578013166874 21.115866522295402 22.330441164222425 24.562135072000554 25.98822560350212 27.454867056395845 30.867889988970383 31.985722092602952 34.964478773925414 36.51653307274399 38.595765789904405 38.9921397361543 41.514819873789286 44.02623608098302 44.79934532664578 47.2261832815783 51.94555883295958 51.59020907070059 53.79996483162997 55.70901841155855 58.028106725033794 59.90473067272377 62.96055853415895 64.06762537176736 65.02884914437205 66.13765015880462 69.11763149416157 70.54654749281048 73.20345096566551 75.83375324346422 77.74370119031627 79.17255194302133 79.70905796047407 83.68520235418694 84.49563074872839 85.72249380101591 89.07684136802548 92.38078707935045 95.08948897116055 97.46705895519351 99.93150169584975 101.79573819931785 103.79002457047423 106.30050018626216 115.67381109242481 -35.904269188288666 -25.63157342564263 -22.955476486357227 -20.305612360928432 -17.969403952871616 -15.463311836982596 -13.054326122302342 -10.691645200162506 -8.717223315755577 -6.7072896978264485 -5.130377525691106 -2.1263829802180827 -1.673558295755716 -1.0000849854586764 3.2068689394981256 3.8755338950107427 5.361724161587447 8.573274325985752 10.853959683485785 11.995952157870866 15.443794880517157 16.299651063828964 19.362108074164766 21.057217542998846 22.77020844951524 23.650035742052818 25.947759171531647 28.22708087517264 30.395583717573064 32.29447604836462 34.38693955792695 36.20703334471557 37.48710363545168 39.84878812287286 41.592752069821415 43.45547122114108 46.25286700479701 48.787759672946756 49.77718686837116 49.866025036613145 52.49429940223305 55.952474562659 55.780554908956006 59.19433423161227 62.91144203561014 64.30309389468626 66.6208564523517 66.31366825903426 69.39613140526377 71.69578420035816 71.56125005548948 75.6039223665738 75.61501522609073 79.04109975610378 82.26331285953003 83.60364394615993 84.2612115079026 86.42201629957009 90.22409144625159 92.51989439950039 95.41580595051404 97.89063609187846 100.33679938396061 102.09356424422143 103.99199385553871 106.37076622960048 115.80713424893487 -35.736617946096516 -25.441959269611292 -22.75139844997554 -20.136453789893128 -17.816355198806445 -15.361128795459365 -13.04475416825746 -10.876782240738681 -8.632987958212405 -5.33329534856422 -4.439769909378386 -2.9391333804143565 -1.111838512063458 0.4473798755125906 2.0575485145400245 6.851858981373471 8.221106892403816 8.948084119772192 12.794180380463532 14.443424819480663 14.04523612438428 14.569977097013137 18.74434363986337 19.764500267275626 23.09579287380285 24.088997023499157 26.888184545866093 28.281649519366468 30.63765804452851 32.08746987301569 33.662392587690604 35.52674872959604 38.20151839950072 39.9857551174874 41.88529445374734 44.19222962216715 46.02921848385248 47.81077352887578 50.18337554970171 52.65909824061631 55.1315164091822 55.344354073138135 58.45449967845609 60.85279506014952 59.96162121663944 63.3512685615892 68.13847788109264 66.80130710614179 70.38162455472619 71.09317124379594 72.42190526256374 76.08735428204594 76.54835487207902 79.96367766327012 80.6890588868138 81.75985753087296 85.77107215072041 85.54697205450314 88.69668821902935 92.8605904047564 95.2049901577557 97.97751746911018 100.38733050725155 102.03383420841264 104.16014850967768 106.54099350432823 115.9552706564772 -35.56504457034918 -25.24788245821434 -22.552720213654386 -19.946475373891204 -17.678010460907544 -15.304151642541633 -13.08554868139329 -11.27956926746725 -8.776910043100793 -6.93237419136005 -4.553304537092171 -1.636188783109651 1.5072999813808003 1.0958635476380272 3.418733468382176 5.177591010296173 6.617239567886081 8.348054414853964 10.148709268052652 12.204034350249128 16.27988093285879 16.815466121741316 18.06439521778175 22.331766213353585 25.10063171971513 26.029741078193425 26.47381453611803 28.49985265544565 30.91679250630142 32.09360769213351 35.415193687024086 36.8955757255338 38.38103187223141 40.723063402375345 41.92557439064294 43.700312370392076 45.79762631153014 47.57872399255909 49.57366420342109 51.172426783573506 53.52079172688661 55.36924152113122 57.55009417319013 58.99636360978392 61.24527499516767 63.41954469830246 66.68792019420543 67.79122735996074 68.47737434332221 70.3109773679739 73.21434163177341 73.93966394302736 75.84423544395356 79.36461943435563 79.5112996099301 82.87060099421656 84.94161663653456 84.32123326276762 89.68440696833443 94.03219111195476 94.93043619372673 97.55363073242843 99.82733786477262 101.78328553960898 104.23799894778378 106.72157660433774 116.12864913741916 -35.394502083598915 -25.05927597054361 -22.36043499317437 -19.72963194673407 -17.45596655459955 -15.143848524178049 -13.07505931620164 -11.149346151966432 -8.574293367338523 -6.433744362670482 -4.071940057614908 -2.939593721652124 -0.10330422262428782 -0.2602192433065404 3.610401059625869 4.281784436967248 8.175845115171834 9.106704111008975 9.157082207227035 11.900282519618345 14.252798912124216 17.07590253832461 20.729823380944776 23.002666370275257 22.98482191291333 24.573542533873887 25.724905749984302 28.023297252730604 30.480617667331703 31.89365708251616 34.086803735106216 34.3251317971708 37.775421849795094 40.56812086225969 41.955371010618606 44.147550272420254 45.829309546266764 47.66736487685994 49.891506118833796 51.64116247493158 53.96477566926872 54.91752197930463 58.246460412355205 59.52996836345625 62.11810137457032 63.15618966336183 65.06643342289605 66.7968018020389 69.39301289164685 71.06629749598386 73.74597900881881 75.96648599124359 78.14185610453572 78.70991595234734 81.68174433037188 82.5289375142609 83.27817643768275 88.06299733378371 89.9487168032237 93.09782859945592 94.69430626383058 97.35833665608693 99.81691360863681 101.95613045343133 104.34971910111824 106.79060648583147 116.31893359757477 -35.22994350842203 -24.886680417964236 -22.20189272652301 -19.56686023863482 -17.197030889611845 -14.83874558406421 -13.052428950007004 -10.944225130875289 -10.536251089756135 -5.892567461191858 -3.7456174804798525 -3.270070412977231 0.505886108324405 1.5093773570752627 3.2363856765712113 4.710536000676182 8.743165465978574 9.538540883110054 11.43210699917786 12.928584947841205 14.001384551105884 16.71121854470401 18.787364301833648 20.427618871558543 22.573914191568452 25.52099553119525 27.59417737071607 27.91523858388873 30.622595629419898 32.679133167089624 34.97994823704345 35.95082322579268 38.14370975270373 38.442837775840026 41.130870641773505 44.85571185340728 44.914862228221125 47.27827492117114 50.251993211895815 51.129462299470376 54.36652710429364 55.307004069002694 59.298001153757724 59.65199524623799 62.385482798640396 63.03402117809669 66.13488458260588 67.26503979342915 69.41486861701269 70.97906410871215 72.40529718222592 74.77172321879674 77.09907194436124 77.52360184050148 80.61474219334423 81.91680716047978 83.89598502227673 87.00208228400807 86.97580042683268 91.02892476852682 94.88801052467011 97.45548268689015 99.83568616349832 101.79555099344435 104.31786620700562 106.95048636579538 116.55138675269826 -35.0672865783718 -24.71669339582805 -22.04180308576856 -19.397984254320306 -16.95321980422882 -14.539734776987888 -12.686590688697217 -9.971947186765565 -8.530270201971062 -6.435133309558518 -4.589509490252894 -2.1702047213188056 -1.230142033129553 1.9833621903313343 3.754659700277758 4.840138931735692 8.322500271351549 8.446828060656681 10.033711006832927 12.996264827882417 14.133860112420026 16.322243233100156 18.098021586706487 21.396518411322276 23.11851245581107 23.53692220736364 25.783138360205648 29.713584252038366 31.658946933029558 32.07588527706613 34.604344519501566 35.71220148807275 38.273545345706864 40.6173833718055 41.934282513853155 43.73189523743614 45.51943080692771 46.47619055464978 50.28533749820365 50.660533618050515 54.14451675540048 56.00350336064059 57.116034535604214 59.36643841516635 62.594139766663304 62.43008949425267 66.3547670522944 67.08645462197471 68.24003717090048 70.16954815503875 73.79751892000024 76.5534907980258 76.24107418861486 76.91568340511681 82.37221617125789 82.35241288341362 84.09806680875339 86.05577314812962 88.00774356093227 93.21318676346526 96.1463762367895 97.18600870217577 99.3170239845271 101.5092505503248 104.24213110071587 107.08928523331967 116.80403769754354 -34.90244902700295 -24.53607148818919 -21.871613844917324 -19.235262839363592 -16.7900958499806 -14.347644012301592 -12.306539415742295 -10.56459118779396 -7.665145880538325 -7.246978123327803 -5.7944653622208095 -2.4393413280736453 -1.5563457845003836 1.2284719934188173 3.72060416484253 4.489787688052933 7.8449438891586825 6.037462244803132 10.29550957764278 12.480898274418179 13.695565622210042 17.789929517362353 18.814137499754825 21.979154899551837 23.062323131062016 26.8696478832713 26.222022628561632 28.399709166163138 30.009603184911338 32.37473607608368 33.322468424619274 36.250365382222235 37.27309631208043 39.87023351781776 41.22061417456134 44.27745253374717 45.10319269824123 48.72469956314061 49.987632759809266 51.38312619429016 54.22357417327299 54.808647540222694 58.34554871569756 59.87599836982899 60.704789856603995 64.30272141666998 66.09635190324504 68.01156040444201 70.84396969269723 71.50821891587238 74.27255241737124 75.69974047329302 78.22730416616365 79.9463217551053 80.30094925762585 83.8810533177069 83.9743645129792 86.09833239752547 89.52539080271869 89.82136399803092 94.11674875628533 96.16005786531127 98.56957534384965 101.35095152594783 104.3708594922406 107.29816283588076 117.06865238801127 -34.73186390435366 -24.329777880701474 -21.651801851714172 -19.02532892014257 -16.70795173774676 -14.314773804827647 -11.471059569494189 -10.987912999102903 -9.3217687020754 -6.077761863874166 -3.8361862316044775 -2.31658969844078 0.25855671447287054 0.281001266386861 2.7728284626060034 3.963130314160839 8.708114293442918 9.05828657218401 10.852107606210541 13.731855086546915 14.542889878103983 17.87301375815626 18.166193162487392 21.390040388926813 23.621002790969406 25.74535970859856 26.226609472365524 28.447410034297956 30.626278537295036 32.488088489529524 34.10219947357042 35.94778738806689 35.320491280204614 40.618412462419116 42.49690859645412 44.592355742695744 45.152620264997736 48.40807524185108 49.06112590558802 50.65882518191008 54.19094795833823 55.63732402364894 57.4256446066653 60.441367667375744 61.89468560227862 64.94425698263572 64.51883728072934 68.39647657100046 68.69356250133852 70.97492434509715 72.27171609687781 75.02202869406642 74.87680836867143 80.28289127047964 81.19173905668589 83.4020144816816 83.15595669229806 86.87932029067741 86.9390970311114 90.16179024413015 94.0089878206061 95.56385159674589 98.05965973050108 101.22439276049035 104.51373959211378 107.55542345146706 117.33031365261782 -34.551964260461936 -24.083369044451743 -21.38605583880436 -18.81471060407701 -16.689624013652868 -15.106532162902093 -13.894453087909763 -10.494345964643674 -8.37786616071681 -5.958134241893462 -4.7504685425429125 -2.450516138093116 0.9552587298933617 -0.011089368591025363 3.143698364153801 4.662922256943607 7.33351822096202 9.527101454157819 9.485837296826958 12.755196888953785 13.892859310101244 17.434290759366274 18.197975799916172 21.32262883322374 22.369309228538064 23.68862512708307 26.069715102066578 29.82015917427817 29.554569254640462 31.572297729474588 35.19542788174325 36.56938165670806 37.180142355932354 41.51742947656945 41.651763986648454 44.800281107184595 44.897400357533016 48.15910067503498 50.58564510116454 52.482737500108605 54.112814605980276 56.011804765212986 57.11536920999255 60.155205759682666 62.00959390239675 63.17048708708844 66.00007644145506 67.31264122376565 68.98607070146802 71.79345005419998 72.98220012129605 76.61448578666773 74.74344382524667 78.90513054722513 81.14908669785926 83.30756637379214 85.19585005984138 86.66821888356505 87.5694247821623 90.55565805861076 92.78591256157944 95.53961592590848 98.28025318994884 101.52650986320162 104.78323790136193 107.87926402230052 117.56756284651686 -34.3686370735811 -23.83034269705131 -21.104757820538556 -18.517624260128386 -16.405963914293363 -14.307629272169217 -14.737694729496985 -10.968033000029113 -9.172691941159092 -6.224158213014322 -4.550244366074364 -2.3815396029605083 -0.14240195873216038 2.3276747410269283 3.0588846273864503 5.319941564774592 7.424135905111355 9.164552119583853 10.23084276996428 13.530196437191943 15.344539895096215 16.91964811583582 17.718857827482122 19.73927152687206 25.50715739687584 24.78084490693938 25.58752578034977 28.61019155764289 29.45214695079871 32.6721994140297 34.01910777430161 36.476118588770774 38.00273436948884 39.4650707934936 41.18687397661519 43.57120126533307 45.845285205325474 47.696900345077545 50.02961836577998 50.53391356712729 53.63097885979219 55.381821901791874 58.32437387012694 60.351823085155324 62.28065519927322 64.01791494344982 65.64824643642757 66.9808659782708 68.09383410229285 71.45495405199657 73.90879277118478 75.00791223689798 76.95304158953054 79.59497368656424 80.7540270967864 82.76545577962153 83.5382989786203 86.52683571499902 89.27166645261025 90.10759926623483 92.14469664241224 95.65186499650012 98.83213329055334 101.98616316216476 105.08417462588059 108.1673062117126 117.75074284039452 -34.187769321964105 -23.604146566079926 -20.876736590547235 -18.226475937116884 -15.93034034227413 -12.648855761750124 -11.740126597965812 -9.48847243730848 -8.990806199456507 -5.985987754408422 -4.777440256847303 -3.1824068848195592 -0.3686640089698062 1.9323039437204161 3.0291528411837487 4.864258832395408 7.406574075428831 8.455706017786584 10.787664065979117 13.062817683127365 14.388106189671507 16.036490656064665 18.32298039224429 20.570925309211866 24.01183407472826 25.226921884900825 26.832458273645727 29.069151166177296 30.880817719999946 32.432600110899266 35.54418806927865 35.163734932852826 37.434652139580166 39.750507455564474 44.39420250822712 44.09714672034338 44.2224913967957 46.100998589239296 48.853062843995446 52.360488566144156 53.63324692915093 55.957447052803474 57.80264295389582 59.10811454333376 61.71021766342378 63.07695660338363 64.36774925796105 68.26090345470372 68.49093522207205 71.13797656323436 72.89359925657897 74.52795684463835 76.87421165306338 80.94462731516936 81.53014594694385 82.11311029528161 87.00231138094153 86.6203597978548 88.59242390096578 89.64170257493244 94.42268442928687 96.99024381599521 99.52349939853781 102.52668531880383 105.48684978106861 108.34802105775783 117.84777986858509 -34.0165478993071 -23.43694620541495 -20.774067539509623 -18.15899958147073 -15.70487149810732 -14.022119932701935 -11.895520169931064 -9.950462544089657 -9.3009265550905 -5.9580039190979255 -2.5715574121381146 -2.6180387998483288 -0.9319322895227086 2.0492236079699957 2.192757376823962 4.518055486815423 7.7467731119776095 9.382084673469972 11.09015919332317 12.713737253197564 14.475277081250066 18.013593008687405 18.54490505477928 22.406590718729692 23.39795619327885 23.206759332723934 27.12705441451164 28.039831756958332 29.842555573287168 32.56874222534201 32.463101305401594 36.25151014893016 38.843581568183474 39.56659425705696 41.26334746811994 44.13265026576415 45.97586005734473 48.86357071208547 49.9497998272954 53.73874041414046 52.52692929316799 55.82716650348331 57.77253690291368 60.090971989538566 62.18068706790116 63.08831782323893 65.97097372088975 68.97922259375301 69.42050225886523 71.03943993547041 73.84260966135594 76.2187260777022 78.01010643285196 78.2713277351863 79.78209805739448 81.9135052233531 84.85894233510967 86.45919249976933 88.03199978855598 90.20834328780352 93.85011911832525 97.77950608339715 99.770032502606 102.6610342320775 105.63789160149982 108.37307435973935 117.83342792218595 -33.86215969930623 -23.360915591377804 -20.795981167047223 -18.26334668237414 -15.92253014216113 -15.043391203306232 -13.054650369998418 -8.32140403680039 -7.855150315139327 -7.132425693621361 -5.386310029191057 -2.4821147320277652 -1.2250827246690048 1.1434516221575617 3.5101208068035525 5.195690753158983 7.371894085158521 9.917089247755722 10.634673956343768 12.158593031545573 14.997852073250368 16.497265773147355 18.19061257194497 21.255056936766504 23.478714651684754 24.38854733040261 25.640358751603266 26.70348845566754 29.44474472184022 32.86117528858071 33.190596408652645 36.556027555027015 37.55068499889866 39.88478472398715 42.205659500566576 44.241774217221675 44.43390932609288 46.97494110558205 48.68461900018491 53.214706327427784 53.09636564035243 55.106505292073216 57.854499018525615 59.58941151441626 60.895910045129185 62.89291660572505 64.1580977713072 67.88364955908806 69.55218062791859 71.71036465108754 71.81157803948709 75.48007184217214 77.67316874109805 79.46472473254133 81.01052473541672 83.54493604941926 85.87423047193957 86.86964318078662 88.11257957766048 91.27629119601106 93.14511562438813 96.97608459178588 99.02733961786154 102.18906310597366 105.34849349838818 108.16656642262164 117.68510496142751 -33.73462844946877 -23.33034395997141 -20.92068282859761 -18.59783312248101 -16.492156399126063 -13.277106557825073 -12.042042147489829 -12.675691090967995 -8.060291792723525 -7.054519421956607 -3.813297345703342 -2.1625599558467914 -1.3621506257163696 0.5926454900591287 3.4434324236382694 5.902203457295066 7.317483838137785 7.782203260534308 11.080835454705747 13.40589228645319 13.473883900351964 15.990055366287917 17.138447230126044 20.553399771604123 23.256011466463953 23.891339228103185 26.047032200658624 28.43404391454517 31.64363386547804 31.705492320440516 33.80675414522182 36.275924783160136 37.37331044813472 39.5022266925046 40.55400705023216 42.75655092790005 46.23171504483104 48.42608912398871 49.44405874252734 51.96820519537623 53.90461151866694 55.94284289722667 57.87551547714271 60.40926914844563 61.78651568125202 64.03517766677574 65.09392796605468 67.61785444120218 68.7774255847888 71.83258497732754 73.5576729213213 75.5405920877392 76.67175028720627 78.28608653186507 81.26892445430907 83.43250455420772 84.22662994640447 85.9847636080147 89.3991916009914 89.68094416555498 92.74778962782626 95.88531922978208 97.69703864054172 101.293705548222 104.77162631508827 107.73095379851226 117.45314292865548 -33.643977877301836 -23.297416393968298 -20.953440581076418 -18.66854583962641 -16.883316839560376 -16.08494983794137 -13.082800846004274 -13.880471097532274 -8.541676125373383 -6.953479801363232 -3.79432900723354 -2.288179884139362 -1.6131846894433879 1.1345231054296454 4.001267782397526 5.606497946953073 7.543063957384868 9.830228392670941 11.184866406585233 12.669683994095053 13.659350776312957 16.816637758058935 17.99893275570129 20.43109949994378 22.412109554598054 24.507274589596992 27.53143923247695 27.26766978981344 30.399599459249526 32.54013274528311 33.76300020788272 35.50808958107514 38.62093474076743 40.289594668469924 41.30063463876099 45.02753298679763 44.95748856541148 47.02456250640597 49.87311509505885 50.78641137105972 53.75423020327245 56.10992890826859 57.19882870429309 60.34186547188272 61.19600595798917 62.666044174150805 64.93952818218679 67.41560340880618 69.09415390370805 71.36970310023172 72.44111109855625 75.68007090728275 76.92783844204631 78.77786749119598 81.75563397480677 82.72863260297048 84.19635394406929 85.94138100794765 89.63863060406561 91.99596041113433 90.9673503234511 93.95116697161393 96.8358183292997 100.5328388645281 104.21600630271536 107.29764878689059 117.20606933430933 -33.59444915674207 -23.23698326599865 -20.83149496031038 -18.43040779737284 -16.267045493747922 -13.936783786475822 -8.961533656555762 -11.598548933356453 -8.90492626749715 -6.527567063271941 -4.779066118151547 -3.0922548081121817 -1.5285126220741456 1.295992409539747 4.5450118917011 4.977546989038478 6.430722102421361 8.212953665143958 11.070343831788374 12.25839886954076 14.574974509135815 16.771163879610814 18.324930300685818 21.573581704232954 22.049889172601276 24.202262275158713 26.718174082864067 28.462880425445935 31.442004598738748 31.18509368116845 34.60136439055996 35.105263478271 37.000061857144004 40.90348101313872 41.09511284591183 42.8902229656052 45.24342492649516 48.007581895511436 50.51693675592814 51.150895560772305 55.33091631207763 55.22640801954119 57.81776281224046 60.47233097340563 60.53260575190787 64.40352811038842 64.47052715876559 67.6521062888384 69.91348076505619 71.8880871217634 72.24930692208132 75.54911551665982 78.3933649222922 79.0375567368728 81.74497002401384 83.27075579586307 85.23707764041313 85.9861522909783 87.08944901165111 91.84338744690895 91.204696729394 93.56787295840357 96.63341122255851 100.10382761588887 103.67230537600572 106.83044658770565 116.99670721276684 -33.59028346172581 -23.124824898285826 -20.599060383375207 -18.139550997598207 -15.929770445889979 -13.69813887971709 -14.73167327932362 -12.776919521995897 -9.980080952021375 -6.30926132183962 -5.0828500947345 -1.626026205115223 -0.377574341140798 0.6840009178655143 3.3372896584346647 5.7308356362594965 7.502961716676011 8.624342011928045 10.903679958058273 14.523443492662889 13.993627898669548 16.95107209104222 18.253913947687764 21.118113194792397 23.137617586770542 24.802700547838207 25.94593468882891 28.492855611583625 31.106524691687557 31.64884861349593 34.51424462287648 36.215779852947655 37.42334723304314 40.87239494236905 39.8248993281675 44.320318620223944 46.54508832699867 46.44430829232172 48.27012708229566 50.91291880021917 54.44075388936801 55.26552331645333 58.06317957775623 58.95268413679733 60.49411720845808 63.85953644569055 65.50259441472474 67.95342363973215 69.71248731765597 71.34128016623471 73.56342296654338 75.95901737999957 76.59830740204146 78.8482863978993 81.2498836128182 81.67507251862689 83.23887100793763 87.14210703353234 90.02546606738167 90.14898516634989 93.53178937142425 94.47098931937228 97.02966681205864 100.23473822322127 103.61428237943167 106.6952137890884 116.90136843175033 -33.62980544206717 -23.034754120963754 -20.36085816599063 -17.85412268190239 -15.901420493379366 -13.965082541010885 -11.076897492740239 -10.277098637132733 -6.651115212471174 -6.453919343706292 -4.925343574194608 -1.011455435704098 -0.526100980490952 0.47519472347749514 3.932114142510429 4.722544233832263 6.851141647111989 9.020663931345181 11.017439874146694 11.122166517300952 14.696712719213881 16.274482993869405 17.881092563588457 20.904928657012476 20.47036656516696 23.61085534033565 26.276363957921838 27.895826387042476 29.3178429414324 32.397539180792734 33.0624957238385 36.91121355573169 37.479505703235745 40.044175532739956 40.165128665840435 44.27031385165088 44.68328146445052 46.86832348103916 51.160373891926994 52.22739007502927 52.99736007104417 55.15820937300336 57.15136779328988 59.811898412367576 61.49264055238386 63.74303683775394 65.83474764044063 67.73515845386578 69.24949945711262 70.9651986164932 72.99881217406275 74.77188600307029 77.44841514536733 80.33002369551014 80.97714251756847 83.35460229029536 84.26151831299025 87.72624249431321 88.66176316212186 90.63523301091284 93.67045619584863 94.93827274939224 97.42523627489112 100.62089267150314 103.7333531019615 106.69727736787003 116.88354001616739 -33.711339747580126 -23.04093168671991 -20.24412482222184 -17.6413427393971 -15.644872924269352 -13.119680326145778 -11.209293375705718 -11.31326950901529 -6.184422631955152 -5.884108263415308 -4.601357404546082 -1.9292089410084163 -0.8758543411346376 1.3108587622969678 2.2385567195498357 6.13819738099046 7.815881358318292 8.0824658817096 11.74751888549269 11.09429850549439 15.085162145102448 16.919015311804923 19.299199489380083 20.93330331368846 21.979818450197598 23.91954313940937 27.80860539176616 28.43148610542861 30.120280459059632 31.87691245330671 34.30478590158233 36.50322374038869 37.64169039871211 40.36570335003582 42.47244531365812 43.23875093655216 43.89921695917637 48.689596315542 51.33960863354704 51.16809321449554 53.31570561948142 55.75866001737995 57.669106241972884 58.79919440598824 61.16046072160383 62.918701159226124 63.89900452973376 67.84178212412384 69.66562593645378 71.08033543109451 74.07495413614242 75.39555432227962 78.72293463718444 78.16697994339184 82.19747196934622 84.43386480109251 83.06842971649985 86.33797087931067 88.5978995081544 90.79104825128579 92.2961132803216 95.04395096085025 97.96554589739868 101.09576024212264 104.07439407101079 106.882550582884 116.92500694186137 -33.832093135856255 -23.22215618250931 -20.401773862763143 -17.739634472383088 -15.682482162384792 -14.324278344483432 -13.794676801963469 -10.109263774721349 -8.514173475909802 -6.931499327891379 -4.6886693534583745 -3.4207151365245765 -0.6175277932259103 1.5490581732409079 3.4962498776214788 5.0292607007024515 6.280565787475917 9.28505148830465 9.617556440778664 12.559707427367217 15.152160954721477 15.76823368898365 18.55059929622144 19.22192146354029 24.801563330759866 23.167806971059985 27.433878419414167 27.344370097297002 30.812247911195815 31.43518652731436 33.97026607678423 36.43762027300247 38.63030940162941 39.796635736959345 42.036688704238244 43.71655337147566 45.06792456921893 48.429307570458334 48.75269462413169 51.741760789816105 53.73370408681126 55.978705212833646 59.21320272140656 58.8596746261423 62.225250586341566 64.0750254053281 64.48163324958935 67.80098068520789 69.35978834267237 71.08216861602126 73.21910314126916 75.93278724627976 78.18475924490924 76.24126228229945 81.8985190951568 82.47455367002001 85.30824576270571 86.6509290326588 88.70693622114102 90.63080124341066 91.96629660828422 95.61857670225614 98.67835361214472 101.52347797379976 104.42569949696036 107.1669172565841 116.99155093009001 -33.98927236448694 -23.65653047987143 -20.975150260374328 -18.387459288141972 -16.312253274305416 -14.028535099791723 -10.461217634914796 -9.653065240364656 -8.203187002185816 -7.889928124599897 -4.465234145021143 -3.008292061890957 0.5007527895047638 0.8806201405422541 2.722387507155415 5.7828848758436955 6.231028558110245 9.592868037377016 11.36714664016401 13.23244207225562 15.56918604106107 16.660508362090443 18.829679387313266 19.07684182206981 22.515010937511008 23.872908876864933 26.10238732256435 29.469494427625463 30.553990500302003 31.99144061928425 33.740143129495834 37.207954318527186 38.382858431279615 39.881344487660606 43.166659731026805 42.149119632670036 45.76631024642806 47.989086240629774 49.028845222192345 50.10530885937601 54.848804998972945 55.15014693073445 57.62780912493844 59.92635533983319 61.06074962125299 62.86848631839333 65.41448023954287 67.20117617497758 69.13049512190348 72.04481830764162 73.19661349952547 76.03527603495613 78.76910638382354 80.59224430704445 83.27879657140515 80.74346818495223 85.1848413823876 85.97192857282286 88.42156918783617 90.70046365444536 93.57301640494988 96.39587836702896 99.25856161093057 102.25979082201239 105.2043972089398 107.64546861980622 117.05489670754615 -34.15854524077954 -24.215880628704888 -21.772831542405 -19.407359440431733 -17.321043783692595 -15.035230676586295 -11.822474121995317 -10.849443683452913 -8.290453241412468 -6.202794474485253 -2.6878509219686837 -2.1280082611783984 0.09180628529670613 0.6985235015325381 3.7084894168006275 5.6226725284564 7.210724269345315 8.220320689894608 11.550979525103996 12.00512596559233 14.527389256313068 17.164599828977007 19.235033747175162 21.846767875750547 23.01942522064886 24.386792792721888 26.28535222967665 28.983835368761262 29.505872181303424 31.933110150991503 34.01351699360401 36.25712142448813 37.6624209144689 39.347768259306214 42.934909185708385 43.34497377292139 45.56501909375646 47.34804348996718 49.773621686183844 50.87913698932101 52.91036164230221 56.780008732680905 57.38643713516065 60.08700361554617 61.445202236046924 63.88892795874284 65.57144331866544 68.30530599318017 70.69132409231977 70.55501742794738 73.78066924619236 75.32067036740322 77.63392941906446 78.90991056428166 81.15260160212434 81.96750100462546 84.97234568216197 87.33121940030287 88.39372045965 91.55740187972046 94.87760569897205 97.42415701929848 100.53690959035804 103.10317034633542 105.69968162383738 107.80954548187383 117.08005124868042 -34.31557957204055 -24.770992759428403 -22.558853865400557 -20.495010144884446 -18.601221978667272 -16.36543079395776 -13.177841698811493 -11.811811278411957 -7.468707274744282 -5.545551620545654 -5.74241526772317 -3.0612505773254455 -1.5579638877007689 1.2024069206757908 3.6436182888543485 4.840589978524763 7.564425721719418 9.374353101774368 11.312948176088536 13.271724376684567 16.218086345385313 15.921416227227686 18.881484413648973 20.87839244665555 22.53811620501369 26.08436627300413 26.896388381838566 28.04311428595285 29.009375281050968 32.65546621786427 34.32876572983602 36.58544233919298 39.69095168536281 39.04166558748942 42.88099124883614 43.6161943440795 46.129229207111806 46.35341550136198 49.71537030727673 51.905545035357285 53.90970991336715 56.77602113628365 57.988916885529605 59.531720452711426 61.27076641807971 64.61481561953356 64.58490626070503 66.50588313301465 68.20117532717258 71.0144499501956 74.14365921273955 74.08235155107934 77.28926885694551 78.09649882477541 82.08600118921689 82.82387268690327 84.79778729754727 87.01606286927817 89.5976927444076 92.83623134963099 95.82674224497136 99.15698536665937 101.83661326888573 103.53811316292432 105.75238596683093 107.88490492561297 117.08853152671657 -34.43669499646024 -25.197899106349208 -23.22148771649795 -21.444213035162946 -19.772479809964135 -17.819396262425055 -16.22559218486222 -13.498615136690772 -7.6715786980374805 -4.541772753625576 -4.848171331157936 -1.7753918622165175 -1.8369745915400384 0.7052970175476219 2.837013740972601 5.069552236801385 8.225980238805041 9.184531765453205 10.3585353949714 12.442114462612297 15.438354843982271 16.137158297334793 19.157945999512567 21.22700428862755 23.200823529422856 23.826567341695185 26.38010441415065 29.35311340364339 30.256858764038075 33.110165912119506 32.715789012876144 35.56700779960815 37.193645701560165 38.3731039360642 41.83365593930538 43.692738539443525 47.742934093999914 47.78526321589587 50.22647243804795 52.251506973328844 53.64624585925662 55.217782115559686 58.639661378195065 60.87701642985618 60.67210057313169 63.82819128289261 65.60043316469644 68.41858689608623 69.99915623048139 72.66347554069594 72.76455117367261 75.23295116151826 77.5866449792106 78.52028264342006 80.99117349503913 84.26761767258522 83.78429548662146 84.30984048225481 89.14067036054439 95.19882501573612 97.37997002963982 100.27537841228498 102.32868879476034 104.08227216451407 106.08813613319411 108.01619389427502 117.07526991898287 -34.49821115222248 -25.368761513413745 -23.4693223716677 -21.736337016507235 -20.127986443327266 -18.174889749519632 -15.754853595387456 -11.939094362904047 -8.991536119903943 -5.659849370950417 -3.6808428816253813 -2.4260905689984993 -0.036213571499902966 1.1725325689592985 3.1122749022868033 5.857161563953507 7.024040446154954 10.260109835106086 11.372506294045298 13.15427879032214 15.262742005124991 16.38889406775275 18.922573657807188 20.686423865539883 21.915611410802462 24.406366528294786 26.86145125455275 28.41006671447742 29.360938587546595 32.16156151331398 34.69422060216023 34.971885453793845 38.518262012698756 40.61546823243048 42.51622121311996 42.929053271929384 46.88143764496168 47.91486561762904 48.73118141024595 51.27566469958504 53.75544935758967 54.501674541305576 58.17683988297442 59.220035965645266 61.010013904115496 65.40594774712328 65.41277670972038 67.82236605974838 69.52169339537242 72.08834602977252 73.79494404588253 75.80005390673948 78.36711097949846 80.8352263584602 81.04341929508568 85.04261463470206 83.74083507556804 86.62873047720477 90.6882104047888 94.23863720868593 97.21483913643584 99.8353173972003 102.23560325748085 104.30826154302567 106.07971498380623 107.92175486550866 117.02486590274314 -34.51126275560429 -25.34748528088847 -23.372184977494594 -21.56600262423903 -19.907624880263597 -17.781786926632268 -14.937877923709955 -11.41917996911428 -9.440360984862123 -6.872630845275463 -2.499098030125969 -2.313470387189672 2.2787952220781635 4.309891709746448 2.107210259232763 5.8389423578189374 6.675556159489503 8.580135448077412 11.456387919349178 13.20468005161772 13.289566242106039 16.515422673824858 18.570959086136604 21.869865285745952 23.150643937280485 24.330550033203615 26.42771977477052 28.262212631947907 29.9627088025674 33.959690601003544 35.19043568144094 34.982208231602236 38.08067945310523 39.23867191299427 42.549684045203165 41.934336302449594 45.68525039736947 47.22265828843921 49.47416369616169 52.059884981636145 53.76567050436604 55.98043053009709 57.45008414837654 59.98954847474794 63.01717116262928 62.5509291728738 63.322559035014095 67.69630118399496 69.1752713419647 71.6217802055454 73.03073579695581 74.94299254009537 77.75997537748276 78.38497480735982 82.04451085162275 82.70874550271878 82.11387959459525 87.54442344159436 89.95252827010987 92.87487391421452 96.42153194599746 99.07417682186643 101.52190380726005 103.62659329324643 105.57433476945079 107.65879110685677 116.9600550118474 -34.48698452279587 -25.202615597544476 -23.111129486055805 -21.165565592333117 -19.37258287134006 -17.135564812362393 -14.40934527687137 -11.361090874676373 -8.074371053075005 -5.608737515020941 -2.835785951685489 -3.4798997718568048 -2.8551946975779225 1.7083277100090517 1.990990738850803 5.14341210580338 8.268899014554366 9.5427027268192 11.029437259719867 13.2526981716422 14.440314187077911 17.560979057066533 17.72394908630587 20.768761590176744 23.693680283668098 24.554728130240942 27.43182981255751 28.748656880909326 29.72305272823896 31.86985574971378 33.909641912913095 35.88423338435255 37.074955736658595 38.08119867490585 42.266039505951525 42.67399035787155 47.242587022114634 47.345001197433874 49.69063059956703 51.333042540622344 53.20723906489066 55.742966364723294 57.16550869641996 59.80008630411472 61.79129067558848 61.715494449240396 63.16505122064083 69.13965408524803 67.18924098902642 71.25907709451857 75.38799634713955 74.72658289037209 78.49049211405604 77.83709908819041 81.38976029457852 82.95109648617589 83.35054500147221 87.25411734607972 88.9234543552841 92.40541765887458 95.70882279052009 98.28776540816324 100.72345071959006 102.94928924474969 105.13397859670489 107.38553957489624 116.89614855145778 -34.437158566169366 -25.002263859708638 -22.78104739206921 -20.681226667103086 -18.75563970789694 -16.471337334911176 -13.839466234813534 -10.985231518414567 -8.028583048735797 -5.8170856530026365 -2.879046432053752 -0.8661517917662069 -0.3839542222256662 2.345522071935596 4.200696830560245 5.058603145223091 7.975763449361739 10.094012682257391 9.859237295518362 13.335632702895277 14.891103499639616 16.812726522565573 19.303498517775985 20.865269490371123 21.651901631641838 23.352074432664725 26.540457367336007 29.586129197481256 30.749097618352003 32.47109106200116 35.387691263751535 35.62735497210591 38.84118614203788 38.85811858768831 41.77765576746427 44.18993835586286 45.17511281598728 46.70205618621516 50.16511860755279 51.44583817360256 53.56126238871252 55.15315369546595 58.08203965133305 58.613668311549425 61.84810148043131 64.37720439768833 64.03895867222691 67.95836528095342 70.4306385971822 71.87905473173255 74.63449582998268 74.38060620560623 78.04649636060603 78.8996857774372 82.45546058977735 83.90277393862748 85.49642638164421 86.82222170631478 89.30699739460755 92.23301853218251 95.0801809830962 97.81927444867223 100.2999148974302 102.47512803798526 104.76263949279654 107.16255283710751 116.850002529868 -34.37356699688905 -24.81501297296129 -22.49563826661027 -20.272154890393754 -18.243828471541267 -15.951790644187934 -13.357970894500353 -10.615409424441324 -8.237284609542854 -5.791413113912308 -5.9175479295959095 -2.695978965082886 0.38398570142585114 2.4257377596604175 3.2091207821173944 4.738256214287545 8.40985775482882 8.06851889594497 10.131140369594743 13.2750863959503 13.221508783098914 15.820300751461097 18.422357630823544 21.363955625030524 22.414679918265865 23.227547879186183 26.578565257712885 27.973040189395157 29.051936208148454 32.892219320668744 33.72657346432275 35.7129085218845 38.53184948054636 39.96432258332588 41.75066926092714 43.33551150845351 44.96272764548197 48.85562089056761 49.31240114722983 51.432037586897756 54.39013716234764 54.81898810186396 57.80009299612959 60.00511342645613 60.96755173874278 63.4747197252303 64.72963074300212 68.02425921466487 69.10324619414585 70.09322279713032 72.49666160765274 75.68623996694978 77.78292455378069 78.68977758468522 81.45182480149525 85.28157794473634 86.05242171998306 87.30987046035463 89.70407608798989 92.32831246680571 94.77044390464211 97.38297554806614 99.84251752663667 102.12346953810473 104.54006730776031 107.0289904096023 116.83490931550352 -34.297757836472464 -24.64190642503639 -22.242972508814745 -19.924390380433536 -17.82382953017567 -15.529991872723969 -13.078412589656406 -10.549286168610552 -8.31112691348095 -6.113501320703479 -5.006087076075837 -2.836624592280784 -0.7172545072507236 2.6290049969638063 2.941965420643116 4.067492554696764 6.537098177963764 8.647329884252265 11.668478284561221 12.737640813623555 14.821240204691591 17.803858471363277 19.292019685813862 21.30757799151164 23.206838822568418 24.905864048085757 26.390500727972576 27.673707118556607 29.59828101564864 30.541065693950234 33.40064252200129 36.47673953109593 37.264015735838505 39.78055001469571 41.81222983475539 44.60930945981881 44.450008759300125 47.140737514785535 49.6099945263473 53.21090274579758 54.03904475885612 55.547873277877365 57.696579712987116 60.056407754992556 60.99752296898337 63.309635021199234 65.20927430635942 69.16969529499542 70.64770134502764 72.31011129920245 73.40563971766079 74.26612181406774 76.42530740501928 79.89844978342144 80.33172833481906 83.48836232932743 85.71694635745251 87.78808451153614 90.14836248406637 92.57482040128488 94.86894028901203 97.24312309146679 99.58490586304296 101.92059253697441 104.43992997724737 106.98096913827919 116.84491047325861 -34.21127908961653 -24.484203190986758 -22.016502060613814 -19.625685935365784 -17.483088107102354 -15.179101849314701 -12.847831660971115 -10.506242986467074 -8.204885814370622 -5.937869397203461 -3.7763288210497525 -1.9037834606794306 -0.14520897245478268 2.202549773233243 3.131332117618991 5.160882833215587 6.516603790811342 8.590194348688149 11.16818756098678 11.98473891665814 15.289638603050612 15.808954531345186 18.662317507251807 20.389249053624425 21.919713152826453 25.26624828372987 26.57592500825034 28.892143765819267 30.843866960547228 33.37184177472777 36.718460338241584 35.58808279900189 37.63977196648818 41.60849907359307 41.14840854273436 44.66744662515507 45.986447206486396 47.865728531636975 49.90465831948625 51.619287047486 53.47573067338379 55.77081701431642 58.17597023132954 61.229100516218196 61.52011875938808 63.226142538884645 66.39069158533461 66.00329647769195 71.37279061326569 75.01786257678708 74.36205981322011 73.59387541768692 74.5392640325299 80.69694654496683 80.86508073065146 83.06069139848462 85.47330697067073 87.95257298618556 90.4734980057522 92.8196269718961 95.01064031324984 97.25348774091192 99.57603080412323 101.88453026911978 104.40729174209295 106.97937783569554 116.87106341947899 -34.11541668687618 -24.34323902173407 -21.835735488225094 -19.398269673131402 -17.219834186143483 -14.904126982273398 -12.60153616029371 -10.298485874675917 -7.990446140761554 -5.745165991282951 -3.658915295215442 -1.8173461292410593 -0.2510238571520619 1.4737150135935841 2.7038666758111676 5.262322538378722 6.444034151691998 9.914815079757325 10.865755427187233 13.935949931203918 15.156833174949254 17.302271816814056 19.33535387914012 21.40842554683943 23.374065913908545 25.636928247919275 27.059989726861687 28.72303286672699 30.14626928443993 33.162943086876915 35.27157432852562 36.11036119921021 36.819823593243555 41.06002593954702 41.2043169178619 43.819023870829746 45.13366371270769 47.01706519386761 49.66816361401581 51.80669825049284 54.36759938488936 55.24366520129412 57.81176485766409 60.42613636648194 61.01676945180758 63.34075710221099 66.4700798217329 65.27414505013084 74.86813560131333 75.52189942818691 73.58100950843183 75.18893680728448 77.7362507153811 79.50772109827871 80.55772741688011 82.68137980382832 85.21896198207162 87.89726807942176 90.57353827760568 92.9622862825286 95.13582860534461 97.29309165698632 99.64377613698862 101.8391031409018 104.40172614983118 107.00616045452222 116.90653693398451 -34.01145632453063 -24.219458919648023 -21.693626198970374 -19.232379896534585 -17.03012715734119 -14.709051074808718 -12.422854888629585 -10.132069336969291 -7.854466273360601 -5.661802569957893 -3.6518033699911787 -1.880862946989985 -0.20151426789592566 1.3053537602316054 2.068102993142299 5.54667483595517 7.245704374914582 8.429005704290496 10.504226450784302 14.256745632329862 14.658611978428373 17.131955030744457 18.604023552832228 20.847152685965906 23.07430869011116 23.595864878587534 26.283001695411816 28.084265298560027 28.68866910507047 32.21012853104782 33.16065195910652 35.275130657157895 38.95619975498904 39.315449469862386 41.34529019350456 44.629667417031655 46.012064813331094 47.13562278277381 49.19419907861656 52.11114661357339 53.89509182874539 56.635223546911995 58.63401683467758 60.07043727045959 61.002657137944176 63.78535321210729 65.1074020119962 67.88388227625698 70.56791190929289 70.11522038780818 72.75905089629043 76.66000158519817 78.36721796589265 78.97994864218755 80.62035287533051 82.7310576740253 85.20118993409578 87.78280488668355 90.4089789406147 92.9222574713073 95.13335625877255 97.4645646994698 99.8315915586231 102.00459976298069 104.45543782873719 107.0411016331078 116.94429120462475 -33.88845203031418 -24.095892246141123 -21.562783476500158 -19.088695860811587 -16.878890230401662 -14.560654585461203 -12.28438405981231 -10.010012238146542 -7.768194757232189 -5.637076373126341 -3.6769572267821795 -1.9341936465153489 -0.31121014144825815 1.3850530207119698 3.071139479322893 4.814352440177126 5.762434001831427 8.54080063012748 10.097214425290549 13.12703414300367 14.758855896780252 15.085581560788404 18.762590116189124 21.078254258649444 21.495732377257774 25.358003807291897 26.203898388173283 29.135069457228266 30.717590887111726 32.266102956479585 35.16691600911288 36.349950045363904 38.11593455066326 39.06602201629365 41.84347992424065 43.82863384208302 45.376385685368696 47.544393408579445 49.70264584179406 52.42802288616603 52.08737039492317 55.6015656725659 57.9158181318733 59.79830543985389 60.919344051508986 63.93149295913335 64.90419273660977 67.30972994945218 69.09749326457855 71.0034655268533 74.24430798669377 75.60067964605311 77.12615230146923 78.92766669388257 80.91980684962138 83.02245123902318 85.4097496840876 87.89068015720461 90.24104981774104 92.63783855288916 95.01138897609819 97.37613636238608 99.75768518168336 102.0322575367649 104.49965810840318 107.08034598584256 116.98097985782915 -33.735454568925874 -23.95564842609548 -21.424545466712825 -18.950261952305784 -16.742814472102484 -14.434565726857745 -12.15996119086838 -9.902867896632214 -7.661735534912419 -5.590357050176745 -3.7430447343545636 -2.061100034483027 -0.5321733533579187 1.0301508129037158 2.653196929499044 4.157493937377964 6.4943125356597005 8.63600113118291 10.764685975932826 13.279684818198223 13.98167875730559 17.24564661207021 19.42554413049763 22.27568681349529 22.855808110504373 26.268389004091016 26.037722210638332 27.60630293814809 30.10619294019299 32.128266304702734 34.209919153702344 36.504580540527925 38.38869521082354 40.03379208764563 42.27686628807965 43.32140778617162 46.05718850495029 48.99408933930318 48.849885738581854 52.34876828415696 53.30688362044038 54.82351707336273 58.13230357512762 59.691739968550145 62.511434946731484 63.53950591520536 65.16600497571557 68.78276206513712 69.67011783510543 70.96872009166464 73.02004257479379 74.97882736116256 77.11055492126225 79.25261269985664 81.33799707980845 83.38106804843085 85.526856503881 87.96575800318595 90.24163948184307 92.58257217273218 95.05101335887065 97.37257628948605 99.70637040174186 102.06792909218669 104.55037904865486 107.11389776626109 117.01229343110533 -33.53991017859612 -23.778463227842128 -21.26424360516956 -18.816379951520197 -16.611245778197425 -14.30135545847165 -12.031213506804397 -9.790478084624961 -7.5753882563693695 -5.548888306616488 -3.748593469538992 -2.077270746154393 -0.5633505205137816 0.9559845309742961 2.5280441226497 4.163494213666227 6.051913013199566 7.662808009064741 9.88227135854537 13.077753872307008 14.527028066757593 16.17528837939734 17.626725015136 21.508681439012246 22.314056049370453 24.66795317062282 28.51862883069366 28.68154666041126 31.705543093057837 31.42168739340042 34.1824939623943 36.62996622498849 38.40766255149575 40.5215663333801 42.37212772203453 44.64419789069465 46.26972512175362 47.12722368246674 49.002221435470354 52.22906212285684 52.724536628030435 55.86825408576385 58.17241727456288 59.78850693674009 61.96902385489568 64.29973933444573 65.48537318364482 68.53466772892916 70.23665829878972 71.28592397581865 73.06806329330567 75.16510410174507 77.37907709371954 79.59379066444153 81.70342092170584 83.73782309119746 85.7737252556715 88.0219906729542 90.32763033744418 92.6966681994241 95.03591390736892 97.28484344079442 99.5796562991999 101.98799009705698 104.61969652322895 107.18133076188246 117.03811404762665 -33.28921964933937 -23.543561019925118 -21.032581768178616 -18.585742925159938 -16.413252229804634 -14.096404449960282 -11.834237166637294 -9.612337560482011 -7.440100061594228 -5.419777832407476 -3.5990429419719105 -1.9189612471068307 -0.3901659988843349 1.0521142639441123 2.6355910492335015 4.4460107367452295 6.587275863984579 8.637721905732263 11.132894495413254 13.494655751564338 15.50588935901108 15.205642759282279 17.313228009638028 21.557505326585 21.95031710553543 25.110600272251347 27.043541893818873 27.998134394777686 30.400401882243234 32.87232059349437 35.07338286453991 34.59974000391978 37.68984225602491 39.260400953884464 41.181652130870845 43.60177795044436 45.999788984419 48.25334047022477 49.1054754595834 52.59669017256541 53.438016505089216 55.34462590588365 57.80904209631439 59.67554244473745 61.94195508058303 64.15402147699807 66.27991529267707 68.40499654656782 69.80541264298472 71.4640161509049 73.30604094708214 75.40384321061082 77.6557177416346 79.84727778690795 81.9417632655531 83.98487724436362 85.97312882368297 88.06497151659498 90.36727997373116 92.69892985441442 94.92069231225827 97.33037508452927 99.71755811611999 102.07092910701577 104.65551302196602 107.23473552926644 117.05404099110957 -33.00293635797055 -23.270110452103978 -20.76033434832493 -18.313124244041255 -16.128405985758107 -13.835589685230838 -11.589019049877283 -9.37571152771709 -7.211250181670421 -5.165345498453009 -3.345020989991103 -1.6684131295397862 -0.11118058244039669 1.283591878904807 3.146477343882767 5.029370261650062 7.087731376909675 9.054331706273933 11.482649233818233 13.685032616565483 15.397597481007232 17.021003284081388 19.704009728560113 22.700898584004097 21.749611110487628 24.877085065784115 25.61360215914228 28.464740560515047 32.03105776313568 32.1128768501333 35.507524933983476 37.522080966065374 37.52918295654096 41.52767976151067 42.333718259955766 43.002153702849526 45.773471607382 48.18514676347709 50.58830908860506 51.330260808157085 53.27498756851528 56.09279053145945 58.64351947591852 59.675743072984645 61.72972999621224 64.00068132005136 66.25896643787497 68.13624074555014 69.84566394062757 71.64986853462034 73.61633296329002 75.74487957763161 77.94057730106624 80.0721851515394 82.08705170332027 84.07325439005481 86.02615996835453 88.10374468802864 90.37298146668309 92.70915581055385 95.00760108968745 97.41027763604669 99.78668597413495 102.09138120724849 104.62723775148963 107.2116475183177 117.05842062089376 -32.69998066931978 -22.976819033362517 -20.46656122768479 -18.024468345261667 -15.843978864222183 -13.557314974658446 -11.323574362172232 -9.112087978830665 -6.949671879783171 -4.903154765271907 -3.071702364943709 -1.3578987866334553 0.24168864775137724 1.5462655924736437 3.5913016097218544 5.742650552700753 7.775004363519584 9.85101426379154 11.957548996822668 14.012247352826568 15.92382676702338 17.774122526275153 19.677033846914398 21.54988227521747 22.702913318560288 24.5577941026032 26.357251119516434 28.112130707077384 30.43910935531048 32.18980189850589 34.057248924102154 35.74390557220739 37.5600656508021 40.79974914224714 43.139884077533495 44.69078108311006 46.91274003504524 48.77342070116737 50.760935753901364 51.84639145290391 53.86497806955535 55.498358485006406 57.48865905012137 59.55039537758538 61.97661170599914 64.40951941544269 66.53574944046814 68.34125228946425 70.16723642009123 72.00719593782897 73.98545440321925 76.04206103256101 78.11218654734752 80.15839052970966 82.11140495612932 84.080224017263 86.07524197430028 88.15832999029061 90.39745563425228 92.75094757960441 95.09867876375476 97.43894715736754 99.79868020295247 102.11959483295517 104.66452609123046 107.24402937396256 117.06059616415286 -32.37757231824308 -22.66330143944241 -20.15216190354163 -17.708126425861614 -15.531543677180903 -13.25880701737295 -11.04847260389097 -8.84755756717503 -6.6738665430550235 -4.608740600569588 -2.7452233681549747 -1.0223014789998859 0.6733495013171232 2.381865375533196 4.239983008949755 6.194535362476858 8.209527913032844 10.258440082742496 12.33175486441412 14.384863593750719 16.363870074212052 18.249773752310592 20.02792914924293 21.674684802853847 23.16283382971784 24.73642836819767 26.62419453704554 28.66350319152097 30.702818473779985 32.66314908520051 34.24420344494071 35.95812328790708 37.99352583012821 40.225312921900226 42.49480206370748 44.6339444997544 46.78071249253735 48.71091513755646 50.42697312457547 51.947547319742675 53.47920408800418 55.19594195128499 57.325868769746805 59.65659445418942 62.083183514997906 64.47436847006122 66.6557629889423 68.67308016492568 70.58312583311312 72.44120159877045 74.34798199997789 76.2882878044023 78.23827429538258 80.1791692044543 82.09762623659691 84.07781186322836 86.10076860017021 88.22083609328644 90.47904486145686 92.83810661026781 95.16666061845507 97.49533090617902 99.87295885617455 102.1559799969024 104.69369785356109 107.26663847345394 117.05673801277582 -32.02411432003333 -22.320758746170863 -19.811435964333405 -17.369674858576357 -15.197215639301296 -12.92954981513567 -10.726193280316695 -8.53546253353518 -6.358531772357137 -4.272224579957157 -2.3684384074138833 -0.5957549804450081 1.1383188917541618 2.9116087594896842 4.748203041817397 6.657242836922495 8.618199595859352 10.61094502188634 12.641250444624147 14.650988953635329 16.613359420900974 18.48321852596648 20.21423030692399 21.846351442874624 23.422905063317295 25.074784101409048 26.959954752852155 28.902532705967936 30.834068872204313 32.75370047859463 34.5051994339245 36.28904930483139 38.19361122506558 40.24210544686506 42.45923766618039 44.61780274808508 46.730214243041154 48.70793863348551 50.41087234851009 51.98404055358204 53.57239913182498 55.35345219524718 57.51447695704983 59.866631092438006 62.292160961154494 64.66888698873915 66.80277814445063 68.85342946392832 70.79652664303931 72.67347472973093 74.55621042370434 76.43324392662478 78.32764634424103 80.22773140455571 82.14918617468891 84.11899980973969 86.15630702395083 88.30072317666689 90.57839644569583 92.91716054076899 95.24866065757037 97.5662125944811 99.93799542712198 102.19434559733186 104.71928189714865 107.28220752307301 117.04578436926731 -31.66898486806521 -21.977201161508876 -19.470972031162898 -17.032648623900737 -14.864062265881158 -12.599804437016324 -10.399968310172317 -8.215636162036269 -6.035674033193231 -3.938528341638302 -2.0058434196174124 -0.18542349659448196 1.5792033799052576 3.3587881876808448 5.194187530086255 7.0677642632030855 8.969700361793315 10.907889988075409 12.874559385777681 14.829531344437527 16.740330829459314 18.570136909877164 20.281675013169874 21.931747981660966 23.582046676728723 25.3127652867255 27.222625883548396 29.14655364271741 31.07276420593887 32.986475169255904 34.76190673745126 36.512363620699325 38.33811429804014 40.27398905061855 42.412700351962904 44.53423982729103 46.6587469049707 48.676766038571316 50.473459914819216 52.167526599946946 53.87126941585467 55.72896351380921 57.85357168315953 60.12624801337325 62.45270458865304 64.76083088103266 66.89014158987123 68.91410538900939 70.86308208869826 72.75562201848744 74.63849507943937 76.50774748181998 78.3831139249844 80.274852794253 82.19842554552905 84.17460744824346 86.22355596752608 88.3735562152089 90.651802882944 92.98809934769687 95.31796349763066 97.62208527531239 99.98103645615996 102.23217702760573 104.74148825427265 107.29393926586636 117.02968052583863 -31.2187610938169 -21.543365195807343 -19.041730680263424 -16.608267069073676 -14.44452753212941 -12.185744257921364 -9.991778744779628 -7.810881357232967 -5.6289691495709935 -3.5221936197520796 -1.5693703484689285 0.278972578079887 2.071911346772458 3.85303127159387 5.663804985278466 7.4997010695368385 9.357279221659295 11.235775711469502 13.133003071420898 15.023752920778886 16.882849976447847 18.685065591416574 20.405165321203373 22.090711698787654 23.789427320217055 25.54645834061485 27.408021425888496 29.321455281979976 31.245791651863154 33.14147520183842 34.964122767825316 36.76895820131848 38.61181502710989 40.539223686560504 42.60170186408249 44.72079246871319 46.8272333278675 48.849385673905346 50.715027117778995 52.506934251183786 54.30756314359051 56.199486286455915 58.263113334176225 60.43077159456948 62.63501339112545 64.81339057150768 66.89636299491885 68.9028714816994 70.85270768170932 72.76418139325165 74.65674152108447 76.54081284334377 78.42764428547036 80.33012028129215 82.26118593658026 84.24152853652758 86.29184567626807 88.44025215620984 90.71503293577861 93.0419400187743 95.34909815171271 97.65084516221312 100.00453221566198 102.24791552650476 104.74479335876867 107.28664599505171 116.98964434724125 -30.705579989027772 -21.05075626781301 -18.55499566063177 -16.127648081250012 -13.96973253610708 -11.717192906860904 -9.529491361923277 -7.353142492755407 -5.172247812699159 -3.060721315524195 -1.095175614575054 0.7677655023983541 2.5712844954779497 4.351382569850893 6.1440470199245425 7.948800265160078 9.765163726269655 11.593122509008936 13.432661647426668 15.268805772419862 17.086579509737206 18.870967047461182 20.60695257330458 22.323641484426965 24.050139177961356 25.814322687553663 27.64406904684781 29.51674755719441 31.409727519943914 33.30217137444162 35.17324156003264 37.04891544026328 38.955170378679604 40.91614653460523 42.95598406736396 45.02966459914946 47.09216975215588 49.099162097390504 51.00630420586086 52.86403170414558 54.72278021882341 56.632509775939944 58.64318040154071 60.71561887993397 62.8106519954297 64.88953745584267 66.91353296901367 68.89287301281583 70.8377920654909 72.75866372673497 74.66586160139613 76.56750600997448 78.47171734474216 80.38764083537804 82.32442271121923 84.30452258609003 86.35041399725637 88.49176853609634 90.75845172250503 93.07583334930253 95.37198428510959 97.66431256645757 100.00784736257368 102.241080100373 104.72649698869874 107.25750858658593 116.92583126735614 -28.451180398449935 -18.897467902394194 -16.430777468421983 -14.033648084194953 -11.904253589342257 -9.681872984853971 -7.523844545602902 -5.375101820652426 -3.2177733414564798 -1.1227177065176628 0.8365360060758275 2.695008438983031 4.487528503055117 6.241884111060803 7.985849410044342 9.723316968633267 11.458178367120516 13.193853203747448 14.933761005796121 16.676347716079825 18.420059272317268 20.1633068144912 21.904501482218805 23.648766961588866 25.401226938663847 27.16694400608609 28.950980756495866 30.755751791264938 32.58367171176475 34.43714145171834 36.31856194484862 38.22424717434469 40.150511123395695 42.09405931305009 44.05159726435621 46.0147962550159 47.97532756273079 49.924713601444815 51.85447678510165 53.77264590712179 55.6872497609252 57.60639138443109 59.538173815558785 61.47728252790977 63.41840299508766 65.35620765523856 67.28536894653519 69.2060377832327 71.11836507995163 73.02253892757064 74.91874742204887 76.81177817781833 78.70641888006797 80.60794713573613 82.52164153728792 84.47173959024657 86.4824925267618 88.58514122456164 90.81111774862578 93.08688505784899 95.34156900601599 97.59255211466053 99.89430624652987 102.08808424129778 104.53172682075508 107.02274796755897 116.55380267280547 -364.1540167035306 -368.7811178199025 -369.78407833668774 -370.618369396791 -371.2232723903492 -371.79130422952767 -372.262530760505 -372.67016833028816 -373.02930811483077 -373.310426375108 -373.4826980433621 -373.5713485452786 -373.601509875344 -373.5947934200968 -373.57280385801454 -373.5508062460978 -373.54406515972875 -373.56763826727195 -373.63658320251005 -373.740066019174 -373.86725276850586 -374.00730188222235 -374.1493717918583 -374.29692730170825 -374.4534332160519 -374.62186988837936 -374.80521767217874 -374.99389255172065 -375.17831051127524 -375.34837015569605 -375.4939700898354 -375.6233433046671 -375.7447227911639 -375.86482459602286 -375.99036476593966 -376.1182911007296 -376.245551400211 -376.37032425405454 -376.4907882519332 -376.5943596589309 -376.6684547401337 -376.6991660026541 -376.67258595360283 -376.6016742494516 -376.49939054666714 -376.3786901664887 -376.2525284301334 -376.1317873114189 -376.0273487838659 -375.9500244882222 -375.9106260611132 -375.8883428325935 -375.8623640752577 -375.8114886359598 -375.7145145611901 -375.5394212313086 -375.2541768790384 -374.82092459957835 -374.201652221558 -373.45119893996485 -372.6222413654842 -371.69375022248363 -370.6145753217204 -369.49131697927896 -368.0110453050487 -366.2870876262046 -358.5894692968514 -326.2271213654433 -330.42411372859004 -331.32511635931525 -332.067166732125 -332.5969795526349 -333.09016771534306 -333.4932892455628 -333.83793768811006 -334.1392611881069 -334.371919329932 -334.5093909713914 -334.56939884083545 -334.5695808942611 -334.52436746094315 -334.44818278377625 -334.3723920198866 -334.3283598894168 -334.34704006067824 -334.4593861706097 -334.6299538805943 -334.8232988497649 -335.00389174336044 -335.13620322645767 -335.24361990945954 -335.3495284027556 -335.478996440101 -335.65709175525035 -335.8660739495125 -336.08820262419715 -336.3077492831016 -336.50898543002404 -336.6850901596288 -336.8292425665792 -336.9389157464218 -337.0115827947024 -337.0758496164564 -337.16032211671467 -337.28720160855846 -337.47868940506436 -337.6952849428978 -337.8974876587194 -338.0498316929396 -338.11685118596694 -338.1018049748059 -338.0079518964613 -337.83865097216574 -337.59726122313407 -337.3296814860632 -337.0818105973755 -336.89963248349835 -336.8291310670206 -336.82996140667973 -336.86177850780643 -336.88374620261 -336.85502757952423 -336.7482202729866 -336.535911558 -336.18522936362 -335.6631573305909 -335.0191271581551 -334.30056086861464 -333.4861257509739 -332.52649790538055 -331.5190738156783 -330.17138299864985 -328.5858873907631 -321.4349025784589 -316.5892273521946 -320.68480049617256 -321.56289979268223 -322.28512380152443 -322.799714940584 -323.2781735769599 -323.66847116375726 -324.0023593480888 -324.2955411231008 -324.52430964096703 -324.66380581234523 -324.7262010277251 -324.7235839503773 -324.6648825521368 -324.5590188652924 -324.44978605479304 -324.38097685914835 -324.39549570019364 -324.5362469691461 -324.75103778736127 -324.98767527399514 -325.19373043365033 -325.31677427077085 -325.39327343409315 -325.4596945723427 -325.55885524986655 -325.7335730310107 -325.9606951848611 -326.2170689805035 -326.4868797465823 -326.7543128117395 -326.9882278785821 -327.1574846497122 -327.24836894519353 -327.24716658508953 -327.2172650425303 -327.22205179064935 -327.3033327438393 -327.5029138164952 -327.76297988333886 -328.02571581909467 -328.24924571746607 -328.3916936721569 -328.4414237955252 -328.3868001999265 -328.2164547082564 -327.9190191433884 -327.5652268410002 -327.2258111364966 -326.9719375746846 -326.87477169661116 -326.88058061183557 -326.93563137754285 -326.98542144434276 -326.9754475333347 -326.8820491520818 -326.68155564739953 -326.3448622188895 -325.84272254525507 -325.2227869635235 -324.5307346789196 -323.74447865063684 -322.81447751351243 -321.83557840467336 -320.5202390520988 -318.9687601154771 -311.95544485084093 -307.2807829604483 -311.283137616155 -312.1410983425455 -312.8465814704554 -313.3489925747366 -313.8158621149534 -314.19627810653935 -314.52271493818535 -314.81199748425286 -315.04241977511873 -315.1906693637255 -315.2634587646221 -315.26422575982264 -315.19637566497124 -315.0607397016111 -314.91535298810396 -314.81789441651296 -314.8263765914952 -314.9991179039103 -315.2650852601198 -315.5585456838549 -315.81080499196105 -315.9469555921442 -316.0068149941366 -316.03090328259475 -316.0786941189192 -316.2197442275439 -316.42048260690444 -316.6421898615569 -316.9104323899834 -317.28465216621476 -317.64304367356465 -317.86550521574765 -317.94767014921945 -317.804844087387 -317.64992064402855 -317.66125536260785 -317.6178562367367 -317.8439051895354 -318.1616468099152 -318.4790779045151 -318.7746257853882 -319.0097463215784 -319.1467577755582 -319.128976169308 -318.9476849080209 -318.58564142320137 -318.14889293716135 -317.71745249523985 -317.39224366277966 -317.2768174548325 -317.3010905456464 -317.3917976968216 -317.4743185347949 -317.4756715146133 -317.38056285739196 -317.1736425212365 -316.83408772244525 -316.3408555260794 -315.7389525138932 -315.0702832827201 -314.3107817619269 -313.4097629587954 -312.45976628668734 -311.17371239095655 -309.6532467736198 -302.77272870096635 -299.00460285451175 -302.92737827477345 -303.76906445306264 -304.46167691682916 -304.9553094550379 -305.41481751812796 -305.78918176842626 -306.1087775755208 -306.3976013587383 -306.63438589159756 -306.7884929081167 -306.88070460068957 -306.89083158014466 -306.81906114940864 -306.65367598248275 -306.49196403991397 -306.386621335516 -306.3655030735654 -306.60081210991444 -306.91079292950565 -307.268080430442 -307.5830015453319 -307.7884768091235 -307.8833991436952 -307.9216341863767 -307.85692787269073 -307.9571118007618 -308.058762048715 -308.4815763391792 -308.5165716180139 -308.7853195011425 -309.4615717652585 -309.67187459069595 -309.7096333015514 -309.34440932512456 -308.64577133496675 -309.8899315705721 -309.1510528557687 -309.6764188160398 -309.54897978867604 -309.9531211612526 -310.40404553276016 -310.59981858837114 -310.7780592772251 -310.733797424117 -310.61371011652705 -310.12427017906833 -309.65709652226985 -309.25330292972257 -308.9002217069155 -308.78648609610383 -308.8574489603369 -309.0064478208508 -309.1255515450461 -309.1220863157068 -308.9979923632725 -308.7533636836739 -308.3825890528389 -307.876131059508 -307.28203980179364 -306.63335424091343 -305.8828276944768 -305.0028762203092 -304.1091330136349 -302.8517053227793 -301.3452986047978 -294.5828461746633 -290.2588406729015 -294.0968120978178 -294.9214920360919 -295.60077864135644 -296.0856952417741 -296.54407301882395 -296.9167938290948 -297.2170587760016 -297.50256156925855 -297.75002378263736 -297.93064320976777 -298.03594935307945 -298.08352443220673 -298.0221839389627 -297.8301322075157 -297.59398466054074 -297.55515087456564 -297.48467173568645 -297.6928470270616 -298.1301992267306 -298.4496266901922 -298.8050469636638 -299.12242541848417 -299.39672206463564 -299.38477126865394 -299.2027422858802 -299.28836379212 -299.5099839418701 -300.7669054989436 -300.3983143574998 -300.74981443568726 -301.6804914699231 -300.8673119404117 -299.83054887012077 -300.2507671260361 -299.3211055345637 -298.4694830721634 -299.71806235338414 -300.2010288391209 -299.8306884183113 -301.6785629558161 -301.1822763749901 -301.9440173705515 -302.06122770584204 -301.53994457427723 -301.2119651865242 -300.94751583903917 -300.66807880574385 -300.3814446714807 -300.036215370997 -299.9588193133907 -300.0903190022241 -300.3001396996969 -300.4535470095922 -300.42190775864924 -300.2325950914255 -299.9098687746926 -299.47332024197067 -298.9397999486913 -298.35867334435306 -297.7306801482779 -296.98763771384034 -296.1037167774215 -295.22382879371935 -294.0260431264294 -292.55350306867683 -285.9187140187723 -281.5995153719855 -285.3519945580417 -286.15989713394674 -286.82611120333183 -287.30232438368176 -287.74862107549995 -288.1046696274203 -288.40493627282495 -288.6889846081746 -288.9445422220771 -289.1534083344662 -289.28141267347075 -289.3515186482395 -289.3774320642658 -289.3095753930295 -288.98910186904453 -288.89030140846853 -288.88898723412217 -289.03666002322234 -289.29353625232886 -289.4077727529872 -290.12297870855383 -290.51421169692566 -291.3718106904314 -290.35881898707396 -291.3083572870081 -291.33886857849234 -290.7814535790936 -288.7755264705696 -289.573118023223 -290.58193462470336 -289.0863208870987 -290.5393842029373 -291.9802266551858 -288.7748702636931 -290.7932674409703 -291.74337778736975 -290.6422127605033 -290.19978834871137 -291.03292028130153 -292.1824471633507 -290.84739156020146 -293.6740086997304 -292.5864284625498 -291.88291308603823 -291.85555399430814 -291.76992807243784 -291.84657425057276 -291.67278396415475 -291.41464530000263 -291.42861401078926 -291.6365654276851 -291.91879744709655 -292.0859528786602 -291.99048277400334 -291.6859377259202 -291.23291672741607 -290.68104482744496 -290.085178530902 -289.51897247280635 -288.91249791484546 -288.20260973185174 -287.3534305540975 -286.4671342819546 -285.26373831050637 -283.8331044012774 -277.3289255046296 -272.81754808292686 -276.480515607364 -277.27101984309985 -277.9235041465234 -278.38862060772897 -278.8171736848894 -279.15873720990044 -279.4547733521018 -279.7314292718719 -279.98073326668543 -280.1927435963947 -280.3526528745977 -280.4536744303546 -280.54765386455443 -280.55601290768885 -280.2624669135791 -280.171973570582 -280.19022247736086 -280.07698447472285 -280.07411175365985 -280.4767708862596 -281.8409155950553 -280.48468648284944 -281.3636156567641 -279.9898902224877 -280.58373997113864 -280.8134523929817 -281.06882782216564 -280.26836422615054 -281.11116523105164 -280.40945824575704 -280.3558331910727 -280.7148685795966 -281.862014274655 -280.6094306040741 -281.0617429984035 -281.2049847287087 -280.5568289954809 -280.64439403179904 -281.65518887504214 -280.0973994247796 -280.9883817817514 -277.6479806128113 -284.49329527975965 -280.73187254452637 -282.22922813998923 -282.7614746339332 -282.83456486591353 -282.63222209889705 -282.5106192706476 -282.68673859604974 -283.0227212901414 -283.3877366559559 -283.5728960378517 -283.40173376330256 -282.9657245663292 -282.37064018688386 -281.7045952132169 -281.0578798324282 -280.4593469615366 -279.8931180388931 -279.25784803861904 -278.4239822788807 -277.53297099297174 -276.3705264662039 -274.9809898669922 -268.611287087393 -263.8516080192368 -267.4193933624526 -268.19142734798015 -268.82897552243395 -269.2819535434387 -269.69557840652897 -270.020381752396 -270.29710729824177 -270.55405693575915 -270.78493876967605 -270.98163369268525 -271.1443357353903 -271.2741138070646 -271.40934759227963 -271.539973563221 -271.44769598577955 -271.3954139315489 -271.37773184576747 -272.0159541000317 -271.31979150466384 -270.32253197940094 -273.04776417688277 -271.02634971894236 -271.96641392933986 -272.7255197272364 -272.89670922000477 -270.07117158627176 -273.26903478490624 -271.36851599032207 -273.09440649251735 -272.4813354057615 -270.9996171428003 -270.7537814206686 -270.87417800153156 -270.6138388798339 -268.5075234843444 -269.95634488541765 -273.81098803791417 -271.20188975844593 -271.105613402047 -271.4955445658408 -270.8428237493315 -272.2451904371535 -273.1039671715355 -270.4984520169672 -271.6016619143399 -270.2498298309414 -275.20491209027495 -273.5122039905939 -273.4849548656884 -273.45745025848674 -273.9557245900905 -274.4073779575804 -274.62491469436054 -274.38040889828125 -273.82747696674875 -273.12146404810125 -272.38159902453435 -271.72920388586004 -271.1382274673881 -270.6017114042704 -270.03687832660097 -269.30330406125125 -268.44026412743466 -267.31976391603376 -265.94228013444547 -259.707820470614 -254.9938866537197 -258.46321521447675 -259.2161980638133 -259.83796330111744 -260.2773641892564 -260.6734950415032 -260.9759904068498 -261.2208699103658 -261.4420893770321 -261.636791666694 -261.7862212646854 -261.9092062275279 -262.0054065329154 -262.12899497643485 -262.3945240449131 -262.54775256885165 -262.80632893796707 -262.18427250275573 -261.9158068792345 -262.58414169358736 -262.29963655171304 -263.9756051825885 -262.4790752765262 -262.32271957475143 -261.5280455318766 -262.73110892302 -263.4239205295731 -263.29281773915034 -261.2422763060903 -262.0394371194305 -262.590514492267 -261.1621046621727 -262.83271007138455 -261.0990201226134 -263.3645186133815 -262.44669061143543 -262.15154490529477 -262.61894444079684 -261.58701057157714 -260.8807979878569 -262.85666167002694 -262.2385966263478 -262.0861482964745 -261.28977105416357 -262.49486220306414 -263.6269246939886 -262.5148791265205 -259.9831508736757 -262.7284592127862 -265.9940960012395 -264.00573854119153 -264.55117593078603 -265.0677061580226 -265.3135004029298 -265.014807431096 -264.38638458739837 -263.6518587460663 -262.916892405544 -262.32733637020954 -261.84358630674166 -261.3888730218506 -260.9013222442284 -260.29720328340454 -259.49621697161433 -258.36518927405865 -257.00708912272313 -250.90660614325677 -246.54718329422295 -249.91729701413868 -250.65116750675801 -251.25668850233137 -251.68114155420128 -252.05666186366778 -252.33133517902704 -252.53636599091217 -252.70176157386493 -252.82592007517027 -252.89241468818582 -252.91367772105468 -252.8753193677647 -252.85797100243934 -253.22098948434746 -253.88651224157283 -254.80288786452596 -253.10513751503888 -253.29981211453003 -254.95363729961053 -253.5034080286983 -252.9223308211468 -254.35739153577978 -253.8387680648746 -253.81847114538968 -254.0044411197125 -253.2911774224642 -253.81597364412454 -252.32577233617346 -252.86737994019794 -253.71877666934458 -253.04232728059728 -252.55800765492683 -251.5962917562501 -253.18656175781467 -252.13773276457408 -252.16236360628702 -252.47292492486932 -253.70373356282633 -252.71415270429597 -253.58895572826705 -252.81293267728282 -251.11301661664106 -254.2637971002027 -253.77633569077986 -252.1447860905911 -252.8303076161426 -251.81093036660045 -253.17924249735552 -253.4077878588759 -253.54601093109193 -255.53275750962814 -255.6005315347051 -255.7193842881813 -255.4215424240182 -254.79962642134598 -254.13555015656016 -253.5226095147207 -253.09445451113487 -252.79250185571695 -252.52495395787665 -252.1480199487841 -251.55686802675825 -250.82869824609213 -249.79120431752597 -248.4773727550578 -242.50586256659852 -238.3630341745991 -241.6328562237945 -242.34909252186804 -242.94028030432668 -243.3510223110555 -243.70533175516744 -243.94890581839255 -244.1140991030658 -244.2170874393385 -244.24140653702412 -244.1907961112813 -244.11262148906908 -243.96275896449401 -243.90375515860487 -244.39939501350582 -245.64769227881618 -244.12426034178364 -244.44612776110932 -245.92959047531042 -244.24696069126716 -245.14100441444162 -245.03070325993616 -243.89632887638794 -245.13007301615667 -245.0197049103926 -243.9224250917321 -244.118877845174 -244.29202784417413 -245.27741404513847 -243.86230166045092 -244.87480024538064 -242.2825824654042 -243.50734265852944 -242.42232623219275 -243.48674277960092 -244.932391785673 -245.62385885098112 -243.21857505176104 -243.25442329676122 -243.6060498600268 -244.11967101419475 -243.461887293007 -243.70848814744838 -244.5338264250507 -244.0947550604907 -244.41394516252612 -245.28742972602868 -245.07213292065637 -245.74313142332656 -243.49091153880082 -244.5107055785759 -246.9741856173122 -246.27591150634794 -246.16084339032338 -245.7878892480049 -245.26073883691055 -244.73021408040586 -244.29672594724235 -244.06631631734612 -243.96870380656367 -243.89483002521385 -243.6772768128119 -243.19096242147978 -242.54562642300905 -241.50389753000633 -240.20859256940048 -234.35952634946216 -230.29373713699025 -233.4618805745357 -234.1633679408891 -234.74152567296792 -235.14366023471618 -235.4811795839948 -235.69436031249066 -235.81165250882648 -235.8569428411488 -235.82416089322888 -235.66228646300033 -235.4789730185604 -235.49964816908255 -235.70698575825782 -234.59509578803906 -235.24523083707692 -235.3971144903063 -235.82981032517156 -235.41579449925783 -234.89964625734962 -236.15276327631796 -233.6490711169355 -233.3662235379629 -235.20192553175966 -235.4584251483926 -234.48375896008324 -235.19318612990736 -235.5733895486062 -236.9492776691652 -235.17380508049752 -234.8347427111309 -235.2269867183566 -237.07216247200498 -235.62350536121056 -235.62388973604425 -236.29073902964416 -235.08597750566884 -235.3590372094112 -235.76519652818692 -235.68041285477153 -234.71228332577127 -236.2112720622872 -235.87133402385206 -235.4489030923823 -233.9760864745587 -235.49978163734153 -234.81790997187542 -235.07592453274202 -236.8002090165952 -235.95034187672044 -234.229132630555 -235.76816164771873 -235.96466472127932 -237.05803128691863 -236.5237895945983 -235.9689163239369 -235.60169425830273 -235.30090746629077 -235.25301815977906 -235.33786536455352 -235.4402424220216 -235.3693085656133 -234.96758875845322 -234.38625429075077 -233.32122960410388 -232.0445322491258 -226.3218470112851 -222.21959049359631 -225.28474187543702 -225.97575257454474 -226.53911102664316 -226.93742493529888 -227.26653134395715 -227.46901174721137 -227.53085664654986 -227.50659733709418 -227.46480659980324 -227.2383026468065 -226.9482060755237 -227.66987172362954 -228.4178011577747 -226.2129409504807 -227.1107412511803 -227.5196702777318 -226.36643051270636 -227.72814619429525 -228.4511330659736 -227.36028741442118 -227.97346149531865 -227.7505770428565 -226.38372582060103 -226.70951137733024 -226.927587640117 -226.61342926427122 -226.12578662796835 -226.86882100825835 -226.31200418552754 -228.06505251034142 -226.09341067034393 -228.06082957877942 -226.2403617524388 -227.8871091954663 -226.24760220449903 -226.18062625171757 -226.86680846807533 -226.47377572886916 -226.9033677819282 -225.33346891880913 -224.6462125077933 -226.36316433843197 -226.75290456446933 -226.7323619387842 -227.21234017849267 -226.51768283863223 -226.4628360508409 -226.67317945364974 -227.74876876915638 -226.91951913112496 -228.21233202149224 -225.87821890815945 -226.65562292409356 -228.23390502370182 -227.15940504883736 -226.90077814834055 -226.6613660039673 -226.7158311313937 -226.92372823066177 -227.10871249661176 -227.13795862084308 -226.79872850786361 -226.14655843879174 -225.11714320582502 -223.8826104879333 -218.27400967632363 -214.02094723763096 -216.9818672384373 -217.66938209449376 -218.24409659493844 -218.6484619808317 -218.96357606610982 -219.12470242373547 -219.14556035884826 -219.085709511771 -219.00791417545483 -218.84888482632587 -218.964195833919 -218.7192321700659 -217.69398220961926 -219.33527365633603 -219.24257735625503 -219.37592320069774 -219.1320399822523 -218.91889972722393 -219.09392974570247 -218.52209703824676 -218.2607530695326 -218.39647591222294 -219.84290367739007 -218.63158596629611 -219.1721354844175 -219.71926471518486 -219.44067885068557 -220.2598846470421 -219.34680130687227 -219.7448732219005 -218.9617681732093 -219.58007988028035 -217.12432442930032 -218.99496814137314 -218.94208936432483 -218.95540505285024 -218.72055013745043 -219.34229072417685 -218.21730552032435 -219.0405979121585 -220.29897647608098 -219.81756495692795 -219.5256537662951 -218.1062972607761 -218.47741511546852 -218.44854957109098 -218.77565964706076 -218.35651044882667 -219.07655506573062 -219.53039851872956 -219.55560590229845 -219.86686635171722 -217.43591544770473 -218.7968395086579 -219.96952944366177 -218.9112739761439 -218.4179844434288 -218.476844490311 -218.6728897218796 -218.8145106418837 -218.82022508436145 -218.4905827423632 -217.78450818727936 -216.8161620084146 -215.59450767799117 -210.09839817841814 -205.69997330202656 -208.5567565898681 -209.2466252997861 -209.83354494469648 -210.266069027755 -210.58870953517192 -210.7058649211647 -210.6972626069976 -210.59022422646012 -210.53344101960533 -210.5807466212655 -211.09279309533585 -210.4594254618374 -211.01035217999097 -210.4115906351249 -210.00786859155684 -210.43606394792806 -209.84403412520126 -210.87349275177613 -211.2245723752288 -210.9883358452662 -210.7105206679253 -210.93026406324998 -211.0262936612323 -210.75268417566213 -212.06217005526645 -209.845438430225 -209.77069988511838 -209.75296177331884 -210.862765595831 -210.4484492590839 -209.45672327130427 -211.04755912009406 -211.4148333650454 -210.74159459772903 -208.95073046594095 -209.36656230330877 -210.14623957859058 -210.5411487758023 -210.03342603070058 -209.416580167561 -210.5293242110474 -208.93190686331087 -209.57356175659663 -208.58467984213297 -210.4621906484587 -211.1370306586104 -210.4995700301666 -211.3314582572424 -208.86448531257997 -210.76862536994216 -210.82254629968048 -209.69568062413543 -210.1856880675058 -209.42217652582687 -210.62438722074512 -210.8387657191932 -210.2599801992579 -210.31328779119548 -210.5143832456821 -210.6176841670374 -210.48900187675497 -210.12735902826157 -209.39843080892555 -208.385850694381 -207.13676970633495 -201.79863578731823 -197.25883854563463 -200.01300504062067 -200.7108915746922 -201.30137563200984 -201.77974594499145 -202.15111331725183 -202.31489733473083 -202.29545157356765 -202.17680126962298 -201.93537105759907 -201.53344626003658 -202.4283497924691 -200.91215705110136 -202.17381521030424 -202.3598568673689 -202.05496142285236 -203.20580903379923 -201.30079295132722 -202.57874164449018 -201.97994286851372 -201.08972415499568 -201.9769696321781 -202.3885329964724 -201.6378700150001 -201.95638938650256 -202.54243128823887 -202.2466750304767 -202.65988270512418 -202.32006627698215 -201.33670376187263 -201.9612197532319 -201.29992906992177 -201.9722315076639 -202.0327374460887 -201.32503500005123 -201.13708951483628 -203.11285753564184 -201.89941433231368 -201.90320422641986 -203.1689343069715 -201.1531656750683 -201.11131717255213 -201.11996716385812 -203.15106208659145 -202.38645703347893 -202.52623220710925 -201.5124942556701 -200.8633594684559 -202.71442496515266 -201.67276929540603 -203.33571256057138 -201.78795133297822 -200.79022180809312 -202.31193962062943 -202.80550996970837 -200.33492392402908 -201.88890587494876 -202.2710755523052 -202.13051223652394 -202.41090402711131 -202.30215122584718 -201.97291660081228 -201.598184874826 -200.99783059266875 -199.8891583866578 -198.56559170916833 -193.3824349710647 -188.7016866743386 -191.35660813998615 -192.08527260213998 -192.76491119991624 -193.2216352024379 -193.6147658169703 -193.87594886267294 -193.895219676438 -193.83975346224005 -193.53718374436224 -193.50217359478341 -193.29742673352328 -193.99394861298157 -193.69405139774972 -193.74558070322104 -192.62574163249684 -195.26711242555376 -193.1153779176421 -193.164009397265 -194.54631781205165 -194.07449996019744 -193.33634734675175 -193.19820144341725 -192.6552722076717 -194.43497581119192 -193.74882935027884 -195.0100470664245 -194.1639638553733 -192.9368471553732 -193.580600254053 -194.1535253702127 -194.23896712646572 -193.3070646072412 -194.1006779905291 -194.22798741855672 -192.91579162505104 -194.83236895836106 -193.3897862903064 -193.94378867549426 -193.63715741957077 -193.61572617867705 -193.80005000344204 -193.28711593811363 -193.26726290360213 -192.1438941834952 -192.5122282048856 -193.08753074121026 -194.30606860790763 -195.02258247659677 -193.23621203157177 -193.7360711488784 -192.72103716393744 -194.40156595125345 -193.2704269982933 -193.54281443497558 -192.94407333564791 -193.27218452634327 -192.65085955627075 -193.46361491759282 -193.8011298259245 -193.86725208829483 -193.42314446564262 -192.92489034259953 -192.05375977875534 -191.13861151265755 -189.96645274566708 -184.857527632431 -180.03266167588987 -182.59400299959762 -183.33459521285084 -184.0669991113656 -184.64225557189656 -185.08476392384597 -185.38434808513065 -185.54487774916436 -185.94165600166104 -185.05745149991503 -185.1076674441577 -184.54913148798948 -186.35990282570341 -185.96046001279083 -185.64455422059746 -185.90498674438726 -184.72777247377618 -185.87629359600456 -184.817434758835 -186.5860819612764 -185.90786985448645 -184.87111854197758 -185.67996391947912 -187.11415368534594 -186.27943249196312 -184.47665260878924 -184.333649340744 -185.39296368023017 -186.45967374872862 -185.86932392129853 -184.805837405659 -184.63592842045242 -184.80780089188983 -184.46951044104514 -184.14277846080648 -184.94348015763117 -185.79978486454064 -184.59280679936583 -185.32539814912653 -186.13304283949012 -185.09073819593485 -184.69751985263318 -185.3015993639008 -184.89286566954198 -184.46668552611942 -185.21496646686967 -184.94003923957015 -186.02331776453914 -184.30018443833004 -185.04477020691849 -186.0220039218177 -184.60025908975533 -185.04276356800412 -185.63514661723988 -184.25530108520184 -185.88639180858542 -184.70617465864302 -183.96352925416397 -185.32852530022828 -185.49995251443178 -185.66078512886884 -184.94035574002768 -184.54763747113023 -183.44299404562128 -182.4283731434136 -181.25922641071207 -176.22980782819874 -171.26133107583038 -173.71817251579375 -174.4828212815274 -175.2536176010032 -175.8997993226722 -176.38697528196428 -176.64077093342277 -176.79858092345663 -177.1215860145439 -177.0233366425256 -175.92110549086755 -176.9069703970847 -175.4884803630821 -175.00882164587242 -176.36152212303335 -176.2439130279036 -175.95136737612071 -177.91935424213156 -175.83409160010083 -176.04617774912833 -176.24597620633025 -177.53110641234727 -176.7726896685722 -176.86111315378741 -176.68406099498003 -176.56520512607557 -177.39414661932355 -177.6046402972746 -177.59760550816011 -176.56464859460547 -176.6125237023348 -175.485807702224 -177.1245290447937 -176.48054688578094 -175.94450584452545 -176.5157549276633 -175.6277746416116 -176.978351621231 -176.0982727106711 -177.07467840308593 -176.6994078322247 -176.64911839751747 -174.6571960405637 -175.26598824365473 -178.91366353118332 -176.06227260368655 -175.40787106815208 -176.78414683242008 -176.11218176213168 -175.71370218174485 -177.0858492161932 -175.5640282700585 -176.4019533086862 -176.82246393890577 -175.59319936449864 -176.1363666069304 -177.6428405162386 -177.08125440476417 -176.76284431656097 -177.5358407670031 -176.9224480388981 -176.12598857144746 -175.62168289677794 -174.5022561958392 -173.2441606120647 -172.234823533907 -167.49618814588695 -162.39726241994023 -164.721239185016 -165.49466134237954 -166.28581816522117 -166.9352902782799 -167.35959586301294 -167.44709809239941 -168.17605069333652 -168.09871048835225 -167.3673923060299 -167.1515634114456 -166.3195241393783 -166.88399844780614 -167.49916980995826 -167.75380851979412 -167.3487655602863 -168.31259826469108 -167.49921952609128 -167.51609499079797 -168.49627497907056 -167.41012749012447 -167.75492740049523 -167.80193239582601 -169.59048192799642 -167.71582144700812 -167.67850071977762 -167.64985318633384 -166.87843873756847 -166.4568737204444 -167.11727093244758 -168.61907855303951 -166.24731420453801 -166.79944418055302 -167.12511859119698 -166.8295671932958 -167.89224702386986 -166.67973024184883 -168.01413169619502 -167.9158674405324 -166.25162392075686 -166.84961313957336 -167.13258891348073 -168.07073126039535 -165.61635656588666 -168.94968696998697 -166.60125000323004 -166.68364130670173 -166.81669660484528 -168.39577684212998 -167.04335285193963 -167.01830553372739 -167.78003710038786 -165.95886550179222 -166.38928805222372 -168.41363753994787 -167.28926472833197 -167.50455011778394 -165.84896086427048 -169.205889052316 -169.4919366574158 -167.81767295436458 -167.15616902588513 -166.49440936376698 -165.64953647535685 -164.40118124376474 -163.28291704275364 -158.68642671968047 -153.45016838110215 -155.5960955255086 -156.3426616698753 -157.12264557297846 -157.78613615723214 -158.1587545733511 -158.08268244465313 -158.6587916296176 -158.13404873771228 -158.14830476615538 -158.73223564082042 -159.02000795253903 -158.3706211896462 -158.12459121677793 -158.6475052528329 -158.5686963608286 -158.68956496485873 -157.56105378904104 -158.33581350921384 -158.32427401308317 -158.2071751454626 -158.22000798129181 -157.92023625567603 -158.21209941771644 -157.3316784172469 -158.73718367769507 -158.50412109444656 -157.70840983635512 -158.13761702856652 -157.83003396707227 -158.534063950684 -157.4332596686954 -158.11593199027533 -158.0080288634694 -157.70234006325458 -158.36627007642576 -158.11993711802998 -157.81173796826542 -158.2334757847817 -157.51663337323882 -159.06352994710582 -157.52163032573387 -157.40422143713343 -158.71406927226812 -157.68805060265882 -158.14104847624546 -159.0779686063028 -157.2233601403466 -157.84191452461255 -158.2441061633367 -157.6123194119987 -158.54729499587467 -157.39451909567583 -157.99469975375854 -158.10197661232482 -157.42639011155114 -158.57193703852514 -157.14874329378478 -155.70478077960587 -158.87130993336336 -158.52354627302577 -158.19151531921244 -157.40857047297573 -156.71975507740987 -155.5955885436887 -154.3405594411124 -149.81748799532767 -144.42976163365267 -146.33573685772333 -147.02367342525693 -147.76419531429565 -148.40264101828794 -148.8092297792355 -148.91412087765832 -147.68413879183169 -147.83166097564884 -149.18408649823152 -148.88593072505134 -148.66465631364886 -149.26660399320122 -149.93660918128734 -148.71031929340495 -148.23643703844408 -149.13408822838045 -148.7126668861405 -149.52270350473248 -147.17510064436564 -148.8182819253798 -150.7716632465537 -149.22407426454794 -148.23268690287594 -149.7022704715265 -149.90869333733957 -149.16064671464042 -150.4941428096838 -148.4994958486146 -148.51938879667796 -149.08337738763782 -147.56195664568216 -149.23463545032553 -148.09315031996346 -149.80799196679246 -148.24200483109354 -148.89451074134556 -149.2895318517712 -149.00519974984147 -148.65343489599397 -148.4317632918274 -149.94367941012715 -148.36807524019505 -148.38900245412825 -147.71182532696244 -148.52947796923232 -148.52379758095765 -148.1367091896325 -148.80999114720515 -149.39638941905153 -148.10446961649185 -147.56759476343635 -149.94901354187994 -149.31574572990002 -148.7025455294955 -148.38605345572518 -147.32476301570782 -149.9780217977547 -148.1364169354188 -148.37520021662178 -149.21535347891248 -149.23186926282344 -148.49085208605965 -147.47704615010582 -146.45402924350282 -145.198755085992 -140.87177766091793 -135.35521831162617 -136.97413213893705 -137.56581916065267 -138.2173853709941 -138.80807392817445 -139.31035372865537 -140.5115549404423 -140.27026356519454 -140.0936416220418 -140.14321448996716 -138.79321086210012 -140.01648427664293 -139.06617532466692 -138.92839829597466 -139.1692405767395 -139.93629680830747 -139.71645539113172 -139.61854563028874 -141.55813743077402 -140.09223794414012 -139.59592742606628 -139.73288411749172 -139.35527636566687 -139.83189507321487 -139.9022161720379 -139.33660605736662 -138.65285461206386 -141.10950912304065 -139.76436234269144 -138.13338168836967 -140.74160940213756 -138.2925051626511 -139.53504828345405 -137.46128601246883 -138.15964844854582 -138.60450423022118 -139.2878073098538 -139.0386031137412 -138.71567283876402 -138.32561440660774 -138.90461016773668 -138.56606150428107 -139.17027660720487 -140.2755993363294 -139.1363664509744 -139.30848368553845 -137.83657261852298 -139.86423815409873 -140.12321654178612 -139.16658842280833 -140.20073256165517 -139.11227262545174 -139.73290621633782 -138.82844495563745 -139.48599114901643 -139.01357121848042 -138.97151706412959 -138.80001147469508 -138.8293545002106 -139.7582611784564 -140.60755248469562 -139.67476553696147 -139.24182233287834 -138.3609217408058 -137.28816601561428 -136.02191309155387 -131.87504507108622 -126.24571454916196 -127.54528294155347 -128.01795952520524 -128.5457193924307 -129.03500183740582 -129.44572717015524 -129.42129996831056 -130.5243108031953 -129.77659178695544 -130.4438982512313 -127.82581976032151 -129.9698712229282 -129.07571920912 -129.467827816021 -128.54964279998848 -129.92961606710477 -130.0933681692296 -130.6157409785325 -129.06873540125693 -129.32366738211226 -129.61902873947335 -129.56966461896374 -129.5677429709846 -129.85377860856278 -129.938282081341 -128.79941354117344 -130.24212285906194 -130.48241474411162 -130.67084024463912 -128.46167240233513 -128.8293360443712 -128.09063250924092 -129.3982334238601 -130.51677428554441 -130.3098449684936 -129.01379845944774 -129.64410061361525 -129.65193988095294 -129.25538448212765 -129.41303653281656 -129.76841041804292 -128.8128252597296 -129.29444480347587 -128.87296576919502 -129.70895837561892 -129.20904576542893 -129.75844377649167 -129.9096909062051 -130.591655240921 -128.44214925999864 -129.7073870386338 -130.13554824565153 -131.03280905734442 -130.84733402328175 -128.89862326843016 -129.37597447103076 -129.18747146712954 -128.3220195572701 -129.67152041353467 -128.65197827187407 -130.05684877937875 -130.1857440002171 -129.66952716404344 -128.83506643045354 -127.87082678434847 -126.77201276294352 -122.8342988561636 -117.1200707741818 -118.0839156590118 -118.4277826836528 -118.81089142052303 -119.20035376978402 -119.60432334815593 -119.4467086716637 -120.5044564769613 -119.68984515211508 -121.0688148239739 -120.25754741074665 -121.63833040503893 -121.29531763820842 -118.12523734283461 -122.92592098149103 -119.71702982300272 -119.99182852690673 -121.34904372183676 -119.53021779706175 -118.51683625486717 -120.27088343232408 -121.12418539480058 -121.31606893965872 -120.07424196134903 -121.19768565015961 -119.55362277166705 -120.03638424831048 -119.47834680766843 -117.16322171233442 -121.69463019059236 -120.4043411928961 -120.13418528671266 -121.36682847118551 -120.36217472075437 -118.12945431697449 -119.35505579534224 -119.07404071154572 -120.5203592931926 -119.74679339994137 -119.77066243505057 -120.6129345057737 -120.10207468709866 -120.02608761694643 -119.22967960513466 -119.27539759857405 -119.79525830320156 -119.5190339301368 -117.99287431802685 -119.6091499381256 -121.16161113527119 -119.01277456799318 -119.93319461748311 -120.72672458741688 -120.32344392299035 -120.29449899624058 -120.24208864777931 -118.7677243639154 -120.18212062690026 -119.6473742569408 -119.07801360806168 -119.5342106500388 -120.14062737008226 -119.90086272741196 -119.28650666572939 -118.4086607636399 -117.39552662197269 -113.74864612416413 -107.99710741461364 -108.62476786201027 -108.84363399999273 -109.09210538454289 -109.36743559691526 -109.63961850083867 -110.16728601885588 -110.02750073758892 -109.75557213623686 -110.49894320819034 -110.58595611656169 -110.46328487629984 -110.27605994991536 -110.0718054417863 -110.97273981997029 -111.03261940419948 -111.31307088893143 -107.8745432730613 -111.05974860189404 -110.02352296146115 -111.3545869426585 -109.43963723454439 -110.11609548733142 -110.4386828632916 -110.25905363097309 -110.01663593361882 -110.72356620381294 -110.71094310474864 -112.15229414091972 -110.53654475910162 -110.52130679684082 -109.10718345862342 -110.86671149762194 -109.70528937301569 -110.30418744241557 -112.11007354714216 -108.05159900113769 -111.03996382744809 -110.46640622559003 -109.73739233100399 -109.88775682556201 -109.73680777802825 -109.70547147723777 -110.64701564280526 -110.35134482220457 -109.45240151345082 -110.03090571584156 -110.97786518637655 -111.08594766427224 -111.21663750486717 -111.12116835598601 -109.62286832168344 -108.52142941859572 -110.18224935059465 -110.05940179536923 -109.64635761301986 -109.694507915919 -110.92013549450665 -109.42529981585038 -111.60648629358468 -110.9577010723562 -110.17503259532178 -110.0381169277933 -109.70558725049722 -108.82110601254548 -107.91774982971546 -104.63248238920261 -98.8983698341957 -99.20451883709201 -99.29938249606344 -99.49837807410938 -99.69235867950724 -99.56174853341342 -99.76553320715738 -101.03615825234179 -101.84582395030212 -99.423481327668 -101.34955297230243 -101.76311888186952 -100.99707325043498 -101.61990970765541 -100.68120310387617 -100.9202667315019 -100.34772393711278 -102.7788038987237 -101.0610931427115 -100.87687148726401 -100.21004246775202 -102.1947709931941 -101.71798581576027 -100.89436778684872 -102.35092807147518 -101.16284047336204 -100.51543869615001 -100.86434962640092 -101.90242367680925 -100.99811403860012 -99.98745999775771 -100.42640238006697 -100.90234550489143 -100.82947023449161 -101.18407940072548 -99.80112960413523 -100.65274024714931 -101.44756215131243 -101.12154940694627 -100.95722038969437 -100.97631963929673 -101.91046172676937 -100.38051755590831 -101.01833281157165 -100.88772060852655 -100.98502162712055 -100.52874627207473 -101.14208093343419 -100.73758141319357 -99.73797714500184 -100.6023369331758 -100.68174042758517 -100.71002032715529 -101.22209733250371 -101.07199996739513 -101.65646783893546 -99.80398730454301 -100.89835800529988 -99.82319179728182 -100.24976011449023 -98.37421736616191 -100.1908659992818 -100.36732786175065 -100.0349982917932 -99.41566099094248 -98.48894725755845 -95.51337112832795 -89.84540339666535 -89.86332716618331 -89.8875623676216 -90.03504883858767 -90.1196340267097 -90.54239662395923 -91.7842335839685 -91.12028696156965 -92.00286784318229 -90.13105062161597 -91.68554853163546 -91.85023402021069 -91.72250345872101 -90.77398074203609 -92.50765539611224 -92.5891533977596 -90.41264278490924 -91.92983607211123 -91.107345128983 -91.7939429999262 -92.05415357895343 -92.23466705385816 -91.0316885655209 -91.03683027689418 -90.61366165345248 -92.6580101165274 -91.52836542458084 -91.26008733970257 -90.85961006894703 -91.61493053288261 -92.37703204870843 -91.24690399005321 -91.74598709999476 -91.2913978456473 -89.84262708161337 -91.25005969699774 -92.12092225952858 -91.29781424414703 -90.18140271430312 -91.04506642202904 -89.0614102516542 -90.06987514733827 -90.87759021627066 -90.07235758167428 -90.33854549300895 -91.12956013446993 -90.87443287823811 -90.06981223685398 -89.99440560699773 -92.2247142683819 -92.52939728260596 -91.21261661394216 -91.62421520878733 -91.24162937676168 -89.47814891083797 -90.71621586674057 -90.77371076952424 -91.39116252754678 -91.5069093791296 -90.7782257766506 -89.74646299206613 -90.77187955588471 -90.57831165247713 -90.27372892449718 -89.8833778152066 -89.04637117287074 -86.41684925289968 -80.86160032059219 -80.62858464654896 -80.57335193905432 -80.67458177199212 -80.7425413117965 -80.84838432540222 -80.71691924140939 -80.37986592604874 -80.54649395875866 -82.1448733404236 -82.8404489718036 -81.34043884453872 -80.54343580593651 -79.91546900817335 -83.55358021977406 -82.67614728704804 -80.20979907199067 -81.89542103634565 -81.5506859074834 -81.101572897831 -81.8495689265174 -80.77998795742324 -81.65583718983642 -83.09236484270298 -82.38254824278317 -81.57088124878062 -81.9924472024452 -83.13605406823079 -80.70203666481144 -80.98962959658517 -80.40396632186717 -81.83621501393763 -82.77865751525462 -81.24413015407107 -81.47650721778734 -82.61351311302367 -81.07341955794317 -81.74334745252769 -81.32413902920068 -82.67660352928519 -82.30829725243503 -81.62889097192911 -81.03796308834748 -81.59783476505048 -81.58540798862914 -81.47224575759566 -80.96829524738705 -82.18574373218983 -82.52120340247497 -80.33167962066565 -81.52746196474668 -82.57567862853335 -81.2068505161035 -82.3660406824801 -80.19635801294476 -81.61895799377331 -82.35573365969574 -80.64605548906033 -81.0518537567362 -82.11691989552685 -82.41910370405866 -81.82079413929596 -81.06582319817944 -80.53494004799883 -80.23339495131594 -79.6985271444802 -77.38463482580735 -71.97035282454576 -71.53019836071688 -71.43552158027448 -71.45779717142742 -71.43627647391996 -71.91437926260616 -71.95658450824676 -71.45714984064512 -71.88912771932779 -72.78921292588069 -71.65827575429883 -71.35725550862874 -73.44990525448551 -70.25150306844017 -72.55554736140789 -72.61783388595796 -72.68700517055879 -72.70413082363191 -72.12748587067479 -73.09418020263281 -72.0703176588402 -71.07430972662873 -71.68412336488039 -72.22179229671318 -72.89633187868006 -71.89689052247465 -72.03363122555787 -72.97910897948113 -72.27962724595149 -72.39753454292754 -71.93276250974598 -71.91410136469237 -71.57701742101706 -72.39931436029042 -71.46881819896662 -71.65027351063057 -72.14904413779766 -73.246465170832 -71.48124604649723 -70.39379431657314 -72.20507124980944 -71.32933328361128 -72.30326153899779 -71.48048438969478 -71.0146196299846 -71.9944165870829 -71.70347295729128 -72.0121357545976 -71.38381503158055 -71.28329022185385 -71.34188479316867 -72.67224711078552 -70.53130529490375 -73.18966465721076 -71.57614442180991 -71.7502627459782 -72.7562998135144 -72.68745590654436 -71.36727285415888 -72.21392519242879 -72.8789084413995 -72.19225148365499 -71.34912118245845 -70.99527394879964 -70.88335168895792 -70.47638147673553 -68.43842694311056 -63.1704546031396 -62.55167103094798 -62.38032327363702 -62.22165516005185 -62.203557110826836 -62.39524966819703 -61.78331335336952 -64.42038172035383 -61.45394046762974 -62.67565720914142 -63.26249977518258 -63.524805389582994 -62.790902166986214 -62.91939786969757 -62.857734995672295 -63.28550093259 -62.69261051996212 -62.934000439116666 -63.23931564064685 -63.097828981068304 -62.56357974828295 -61.34628625155181 -61.356861097511235 -61.39759100995642 -63.00448482944726 -64.28166407238167 -63.296392423023796 -63.048655382780524 -63.80735589471928 -62.744987017925126 -61.990150999854784 -62.569397809621506 -62.51163984916148 -62.36809164194039 -63.84259907413001 -62.766146021126694 -63.451921082305276 -61.777799474248205 -62.75069377271399 -64.12097933526006 -62.85558066865653 -62.20241345811755 -62.89488778272672 -62.68202223815695 -62.83019646440801 -63.30448132930313 -63.11796264983568 -62.24867485557016 -64.07641013029884 -63.56330147248427 -62.71393881208733 -62.62567066505598 -62.22701443247276 -61.56481173939101 -62.53999297331243 -62.40639333225028 -63.36606174361172 -63.13156149937503 -62.0923014654254 -60.93865665572417 -62.78702868039233 -62.45846607782995 -61.888772752561465 -61.70090064684561 -61.61788611178213 -61.33636536288885 -59.573726369166856 -54.46069935098706 -53.678162422234685 -53.456852145510965 -53.29747864576639 -53.274329737000954 -52.526171556786366 -53.00874268190467 -54.726360246229135 -53.14286036634505 -53.14098115679138 -53.035921077162584 -54.038515923142675 -52.88404253547299 -53.21516353685283 -54.460526788839466 -53.273810758945785 -53.39106543197234 -54.19108094949303 -53.84207762341542 -53.21148500643477 -51.52790890600137 -52.69174787811694 -54.8509957290145 -53.42496058934855 -53.475738440625356 -53.22542589428441 -53.26037725353936 -53.18609320716496 -54.3547109683608 -53.09967069390476 -53.29063623675018 -53.56863313516035 -53.09108014094189 -53.1940305864736 -53.800894607904006 -53.746491476419855 -55.00511288243618 -53.77450451417614 -53.92862430105033 -52.837571983579416 -52.90646354933905 -54.68168418342646 -53.081360774631904 -53.166590104069655 -52.417427928356844 -53.46009958408245 -52.620906342168325 -53.930301236723885 -52.277693055300986 -52.79258400365745 -54.82302123242513 -53.42994721989648 -54.445873185217756 -53.28009575117862 -54.500490817973656 -53.980235052184725 -53.91045094473674 -53.060568523001635 -54.1076673901846 -53.531287034774216 -53.396034029287954 -53.105489207643984 -52.58139638195504 -52.55936377188639 -52.617587704910804 -52.36373216332054 -50.79201070384997 -45.84182995457169 -44.88782655905315 -44.60210833586852 -44.39653352667832 -44.35653291427173 -44.07339992856925 -45.534887999556105 -43.47812985409109 -43.21284050768529 -44.47112078480253 -44.251880430963624 -44.39746145188526 -44.008605935334 -44.49742871843306 -44.30485251085942 -44.13274608740588 -45.18233695549347 -45.495189350205116 -43.43822794431652 -44.182574278588255 -44.934317708961224 -45.6043450668412 -44.623611840772455 -42.915541690023545 -43.61222256282518 -44.06421033884348 -45.859345254233354 -45.0994328058832 -43.45553059323416 -45.43056082646635 -45.082203444307126 -44.10544132893224 -44.07012834734884 -44.4870869381189 -45.57978844233338 -44.395055009827274 -44.0445165208929 -45.216441776569475 -44.29177799624501 -43.91966338643981 -45.56942710636807 -44.134477957744544 -44.30119560569261 -45.5668865624768 -44.690704245617034 -44.97096999944344 -43.91663477790852 -44.665005510066436 -43.90132362725632 -45.05457489842201 -43.18489941951379 -44.172543912830754 -43.751158569859776 -44.31618694320828 -44.43248914030828 -42.63346322727204 -44.63994982822721 -43.9894555282807 -44.07388198797711 -43.67908094291022 -43.53117616060353 -43.96755243735549 -43.568475347965055 -43.704429826698835 -43.66108110774367 -43.41224745220568 -42.076886983176664 -37.314589300376944 -36.159995460941346 -35.78915819781755 -35.45123911804249 -35.1752379155537 -33.333192069609986 -34.898432566139924 -35.521298837833164 -35.59279953008769 -35.224620262310296 -35.98083393673949 -36.2188736304325 -36.44624970023708 -35.220245785209556 -34.22813118563016 -36.16639287576118 -34.8087454674256 -35.21174130955571 -35.439282928213714 -35.95058100101026 -35.32106948888004 -35.1219717268785 -35.16547618876221 -35.719511512325255 -35.8534727557372 -36.41418304781483 -35.47906857182 -35.33938116061682 -35.522565978594926 -36.736616346550456 -35.224228861761276 -34.57988660156421 -35.502262808073716 -34.58096509498671 -35.64220792548747 -34.73141002930066 -35.488219879409996 -35.14048777972932 -35.96553474018231 -36.01645879418288 -34.59984959882598 -36.000563213160326 -35.698082143927415 -36.025032107162644 -35.29222368394334 -35.251289149379886 -34.96826668265979 -35.223249809719874 -36.151210572764676 -35.56363207251025 -35.6726168630215 -35.89496066895405 -35.38253162597383 -34.81669425726474 -36.650411073286044 -36.011584602759775 -34.83928204806397 -35.64795521624246 -34.93954689524888 -36.360233711053205 -35.51266844554503 -35.31856388372896 -35.14832808621525 -35.06511974027042 -34.902233479309956 -34.66230960029069 -33.43474703521121 -28.868488379879146 -27.507432672479705 -27.048777038661242 -26.582504913250887 -26.1216446398758 -25.157946842161667 -26.794842776509377 -26.280986459058465 -26.10467114917686 -26.22881921041275 -27.086347729115648 -26.178555188325255 -26.77643774711141 -26.655096466194305 -27.564996450900846 -26.348224609851812 -26.649217738245675 -27.92108810433522 -27.5165457748328 -28.42673190322785 -27.307170315818347 -27.3572208776816 -26.982112447702807 -26.611965985759767 -27.454743210793204 -26.638744752842925 -26.663474789427266 -26.251557237440633 -27.131077289901643 -27.1080949410933 -27.082653314964336 -27.059335815212883 -26.134432091462077 -26.40795635458289 -26.66493785565697 -25.075558720697348 -26.427305962131637 -27.113622619166076 -25.822564043504926 -26.919718547653215 -27.1770256063353 -27.70260290921295 -25.607284662974987 -26.304154691395887 -25.82945397997131 -27.194530127843255 -25.563226869699623 -27.460039510268714 -26.7345031719921 -26.197329125697994 -26.58810647602555 -26.11964982464719 -26.201022405857152 -25.9527675973871 -26.434675227689254 -26.91376536310956 -26.19427993070765 -25.99019819733338 -26.01833105224204 -26.21019099658777 -26.42683620197072 -26.774265858150617 -26.57104199639892 -26.62991697230276 -26.266396745040947 -25.930054680594054 -24.841055964942573 -20.493038184554464 -18.94220314592091 -18.40235757537655 -17.847233060897523 -17.36883198900905 -16.88665815711961 -16.860184225733967 -16.382307705948705 -16.22999355036096 -18.176355517099843 -17.361796899707258 -17.31220718841926 -18.905707240158293 -18.145396125537243 -18.632043940037 -18.654902455016796 -19.58664971644945 -18.140564383573402 -17.660310689312855 -18.382366573500118 -17.097974162619572 -18.662543949974747 -17.942758205571298 -18.66216660054293 -17.840792654538724 -18.161047240968994 -18.745179949456432 -19.213764279451656 -17.94646633618884 -18.975497401615616 -17.900389317621027 -18.40968219369099 -17.753639385860666 -18.453724889919165 -18.370448988729056 -17.870587647749993 -16.971734898227368 -18.568064833258102 -18.05959650049084 -20.08013316232574 -16.724092075054738 -18.642789165534243 -17.776717900004915 -17.650855852272134 -17.98358481510615 -17.697220071967642 -17.378880749537494 -18.738514081994357 -17.527613890503936 -18.5097485456902 -17.0605014681231 -17.902208619365435 -17.41116938332501 -17.475041924726238 -17.461388583753912 -18.179097990799743 -18.970886010959493 -17.501551953035563 -16.59653256897377 -19.039216406836175 -18.09732260432916 -18.09824399879656 -17.920243662402935 -18.003124504437892 -17.57836738877665 -17.30182985780033 -16.294663313025268 -12.177839748668832 -10.472136896987822 -9.877448387153825 -9.27256599202215 -8.839688227047942 -8.642461036385114 -8.645224450731085 -7.585855758524311 -9.80916863734098 -10.398888513082326 -10.179001686538925 -11.057937631321964 -10.343350318497166 -9.673834113213857 -9.943701046756717 -9.808426654961059 -11.133243967832282 -9.417212712408627 -10.499002781946322 -10.808104101242213 -9.211653557063933 -11.385453654914013 -10.835335938707443 -8.918483821369824 -10.340777151906911 -12.22218605770357 -9.650165979888452 -10.848066957769726 -9.561224311789266 -9.34385530537413 -9.908067250691026 -9.91119188603069 -8.971613639530622 -9.43210335499201 -10.325893505194248 -10.807368061188427 -11.08623433023932 -11.16956361901294 -8.054187111599646 -10.947697937096356 -9.780686785983193 -9.448248861245172 -10.47101125021878 -11.008454971478455 -9.910033357902652 -9.027926521212578 -9.54900106865974 -9.75372753498979 -9.85370691393806 -10.394605102493923 -10.341726558408503 -9.97123255126882 -10.575973359760992 -10.00104309201216 -9.374612549425866 -9.858732158286436 -8.304516945146547 -11.044998986129722 -10.475321907090967 -9.807960673165363 -9.225901498456766 -9.568795745838237 -9.119430631387846 -8.906344149706017 -8.838088223647985 -8.68331681718518 -7.781021316980054 -3.9124941064874057 -2.1048700906317506 -1.5006278098349384 -0.9552099394182346 -0.689327285274439 -0.9690996270426918 -4.568151630319801 -4.0353701414518826 -2.875333114828475 -1.6346432867087564 -3.794618621666997 -1.2226072067055445 -0.9398114291891708 -2.6862371297736756 -1.6897856298058165 -2.3816147047046607 -1.2482134747109122 -2.202581113587812 -1.329149227253697 -2.2327360739164512 -1.7406381062312086 -1.7534901301928139 -1.5766040626498496 -0.7428295518053736 -2.8346667730089896 -3.037909446361614 -2.313143662839735 -2.0163755212147225 -2.8032074022897135 -3.236900789242771 -2.505552045800694 -1.6415043814315884 -2.4063762587237414 -1.3616175450936656 -2.2342708117628005 -0.9175432798712421 -1.663031968529945 -2.120543801003807 -3.693150057812467 -0.22912493927436867 -1.6321917659209828 -1.239960569062984 -0.4332722508477017 -2.333416836344397 -1.6671555028516154 -2.2303358212973827 -2.1365012667468815 -1.8918741144462927 -2.327759867777792 -1.3974567005098426 -1.7178279926326763 -2.2011242657542986 -1.6004321473892453 -2.578145020702317 -0.6299678383713576 -1.5927894111602996 -2.8051091469810383 -1.7417423860223242 -1.40212989726826 -1.2833110258005425 -0.7488325020447746 -0.4204965903642189 -0.018461377667838202 0.025489077871605065 -0.1189555136170512 0.08757574141245827 0.7287518977605782 4.310304446871811 6.184657036621111 6.770309082630756 7.194746985965875 7.341526187243892 7.214226624285864 5.680101772650751 6.708781799495395 6.231357707171615 5.423063361499655 5.927487018317355 6.916371195980031 6.209984272543551 6.063178365052217 5.745051023944255 4.722060247971847 6.336377310047479 4.768466321818153 5.000022088357788 6.782704246142591 5.961358936841078 6.697543228715558 5.771632811346494 6.93608955360148 6.224997227248346 7.2419361578157515 5.455174002800324 6.9944372136804835 5.330511623842972 4.184317179501323 5.912982785541692 7.4310890727721475 5.733421581961586 8.069328807739007 5.492990679410238 6.245999567829132 6.391948693977612 7.656174161489864 5.363815908210293 7.595341166160837 5.116610337173986 6.08465876198423 7.087857700245621 5.734947486870709 6.14499761453309 6.295454981018017 6.342751559610777 5.8556777323194495 6.258926593562253 6.5729394497276665 6.23738298402767 6.274934859030033 6.598859114417689 6.266223508788239 6.3202415155785765 7.517155098641337 6.798014464835638 6.299989267193311 6.5147365589691715 7.383104107983306 8.535145783356946 9.175328361562187 9.241552184070358 8.789306149939916 8.647880380595979 8.762434785312864 9.19638783549889 12.497861616298996 14.421183927879717 14.959562525728455 15.373104834208428 15.687518905472679 15.834519361411381 15.976726664952906 16.74626943546539 15.961082330991063 12.752764048394576 14.728917869818604 14.77091270441889 13.75645524516976 14.543707849355766 15.58328434599379 13.796737297657415 13.980823599773856 15.483101229331751 14.634127886417135 14.442550416309818 12.935628721435426 14.441440124857886 15.218876356646975 14.537649028759168 14.538971090488603 13.047970075855542 14.913567991089272 14.122243096420476 14.019142635687857 16.165068211796438 14.99380082965759 14.263591614450856 14.953114680719949 14.447076675939437 14.366235713628711 13.521738954528935 14.494739201807212 14.728203332891255 14.950220044580233 14.12418418407088 14.880974535228608 15.40776165756077 14.757703837459632 13.810460351334697 15.546068141649608 14.765448024083243 15.095817683869935 15.256348169561672 13.690730673645948 14.750737730012752 15.476759137991333 14.319258320997823 14.391661538132057 14.047938622666761 13.76070585596489 13.234020059072185 14.592559447542063 14.453327283185493 14.155108491311738 16.127048352887027 17.68288631129217 18.19605107314845 18.255282900980866 17.972477883359012 17.627492256193868 17.522926878694502 17.628541631049142 20.657556079795466 22.626209287020806 23.0477445890459 23.3899362301928 23.973443296208366 24.293945384410097 24.832444191140397 24.043717727541217 21.858722098486602 22.051358979407212 22.661868334991006 23.313899927355855 24.499271288539774 24.52161628492452 22.33006693319445 22.435320974351658 22.313590877988457 22.428607482749815 22.78172340230553 23.6639847969262 22.843228447220348 22.86948703891146 22.870932692589797 23.11804936053154 23.457208005726077 23.66660591643343 22.47043513169782 22.54887059534932 23.621470014004807 20.717049663493036 22.467142430981944 22.184588518109354 21.708880654946903 23.12922336876492 23.683449556530597 24.07335149087117 23.950078698379375 24.109508128071393 22.704406853432346 23.472041507686743 23.280113451888088 23.18495050985197 23.63359559102976 23.850846343582376 24.320458030718704 22.55486831469213 23.328569913311668 23.344228596752814 23.56692596206793 24.01571281066678 23.48553687137467 22.349212255744927 24.402271038898938 22.242152941760256 23.89103759746055 24.364186997775995 23.531567678764894 22.531032644128977 24.016404835325453 26.494485656314748 26.530330951822833 26.619194764284856 26.9328283918839 26.97051702268386 26.658657539978524 26.285943140863633 26.015075330954193 28.79676651547512 30.82311518842283 31.242790316580656 31.5770781969138 32.00074298779251 32.22703458429613 32.254584298369586 31.742881156367506 31.55706123634161 32.376738348142354 33.46112632209462 31.37094729467225 29.984611013702086 30.953938429515205 30.540709364923188 31.767274150328657 32.51498936261624 31.182724535124148 32.25728945787111 32.49775018809922 31.01278659945906 32.13036660282627 31.04695886941008 32.095677323114764 31.89912342285722 31.895035153396027 33.183064297682705 30.350367334356196 32.194361056992015 32.11793608110488 33.0604394771178 33.258573507058586 30.545262803168193 31.71390788991203 31.172895974098097 31.710093431774354 31.569682187340298 31.33718195029674 31.883694473215176 32.44807191321382 32.021650058904974 31.930220828179486 31.82349677304751 32.51924457140541 30.920438625814416 32.63910693967735 32.62861679389717 31.644026894589 32.18877211456811 32.17451893598149 32.61676627585467 32.03974425215643 32.92272688883907 31.84455035797794 31.789542522598033 33.01345400302415 32.183919926264856 31.150764231620897 33.26723512722528 34.411198098832486 34.69029028384675 35.189862109138346 35.6006404002272 35.524077370347506 35.193701729274 34.807757163710946 34.33548574368484 36.92508343427961 39.029408115889126 39.47480608150132 39.841844165262394 40.11198226020856 40.174015879160855 39.752388996818546 38.751844178487936 37.63187095564615 40.04308251272484 40.50226324720793 41.9773927021428 41.102101304160385 41.95535069764465 40.72984683726618 40.5709598103816 41.249083544339506 40.94639722619193 42.17043605927241 40.408245937587644 41.45694660956122 40.82587900554399 40.45906025911947 40.61168827281619 40.6363369862941 39.52806821103959 41.164891816113894 40.383278136137434 41.58328785375044 39.97414688167573 38.868559593652115 41.48842761926571 39.66818119893839 40.596154659235474 40.30109688631573 40.6227056682922 40.618806364216006 40.08209952607231 41.310277453305446 40.33628506605482 41.07393752748093 41.793121950833466 40.67075160031583 40.642589854059715 41.28692886520029 41.498067026160555 37.76415765170224 39.622663322457896 41.128795453888465 40.41007014040459 41.857756281103 40.77042444537524 40.43332456636622 42.28587569913632 41.26402939038696 42.51520822625109 41.01026318885969 41.61811939803853 41.75491446268357 42.58486605426471 43.38062155904606 43.7816096000834 44.02287832525494 43.80764166877738 43.409510274600194 43.09963869938187 42.59718223284409 45.052097348715456 47.263061764698435 47.69863558777096 48.0596246377269 48.343704319711875 48.50302878443596 48.40430318674822 48.15827276024059 48.17778149268613 50.5554158527033 50.17787395803991 48.97917878105956 48.26315626082762 49.52892979160291 48.71587233469219 50.058512953975644 48.97048603584339 49.99052660115147 50.55716638449938 49.26680127480998 50.28781295868699 49.839777031678516 51.20709359091341 49.3991703728357 50.104423790688365 50.614495686934305 50.66949367948555 50.26594699000123 51.181003809501185 49.57185046657063 50.7158417660803 48.630353345723485 50.164020474902365 50.37354821140568 49.57925196419725 50.160667860698986 50.07893042358154 49.50678832560381 49.36494035219342 49.190434001159055 50.177608229182326 49.70553249942405 49.61378014802911 49.64633137650405 50.7296896208724 48.80994841397629 48.58299928753815 51.67457800955758 51.49514075870568 50.793538508495566 51.429126060572955 51.47816783572974 48.95209781142068 50.34693090758139 51.81032652275879 50.864986152925624 50.21897680011453 50.53062909843322 50.532482926652804 51.243281877985474 51.85569969921236 52.03517985275127 51.93933563291389 51.93001094728298 51.70425155363117 51.441360496620355 50.83567767117884 53.188125862565784 55.546201736066145 56.00260260427187 56.39471257693891 56.75314326451031 57.126639882009826 57.48111408373613 57.929353949738456 58.66506283544274 58.90237129513091 59.34327781475889 59.37768884958619 58.865331771047984 59.248847232302595 59.852662791011674 59.7728567116098 58.91205450747734 59.3476299701427 59.02484833964059 59.846108859521784 57.84309876942659 57.78310527818602 58.437118104835584 59.38910152946996 57.84319037925569 59.4905193192752 59.49295238635529 59.18172904380486 59.177577582084524 58.81803652516817 59.88559228911121 59.61720121339919 60.17840451625923 59.084574750880904 58.58365284753911 60.51158066265982 59.086427708200205 59.284252489005155 59.24149143723402 59.36225612639978 58.982874013608395 60.03477053090863 59.556317171050694 59.04234864656983 59.93370525254707 59.306113815183906 61.09462311313795 58.626394264931264 58.80544728169094 59.18995310911381 60.62746539007195 58.83704960942587 59.39645557101788 59.608803879560654 59.117000452278894 59.41897163772213 59.085116597350094 59.17758173058326 59.44876978362814 59.92557120261405 60.2542555638042 60.4369764786005 60.304290875275136 60.35586623733757 60.07271385960231 59.787384227018876 59.063611072009614 61.34348660140039 63.90033747484827 64.41917429881545 64.88782862361987 65.34618252913671 65.92362865975953 66.70299119160565 67.57134985492839 68.15352525675017 68.27583186608402 69.0328662315707 69.76269208876052 69.09674753024129 67.63314357414042 69.35210243338513 68.20635364102463 69.95292203134325 69.54934566993107 68.54956827533267 69.28761649563319 68.75397695737452 69.03605459531359 70.26737627099179 67.7214365999214 68.86775042000602 69.09678719865805 67.29178396963003 68.06765874593177 69.40866432714733 70.39463171552286 68.75594840626717 68.66978168880182 68.46626335690821 68.79915094555875 70.21543816166049 68.90129559205002 68.1722371701835 68.6814986477974 68.09240537903358 69.31715043586996 68.21435493165858 68.9694374355464 68.12149168582549 71.05801178211864 69.57858029520769 68.31580515071362 69.07153653596593 68.2110860600123 69.7749840761843 68.04936124239232 70.63790218876171 69.70662036592591 69.20714966797794 68.48084919623638 69.48724768229582 69.6845662718416 68.94172492130718 68.16812079199767 68.23527549493852 68.5259306434493 68.762289846323 68.89633058790427 68.84379288843618 68.71577627180622 68.41192666940152 68.14631563606729 67.29565537456128 69.52185920453054 72.31862674961704 72.92101654025666 73.49153954790721 74.06609516307432 74.80944297732859 75.82462542972345 76.95903277961072 77.67435417687707 78.37384986896923 79.27639669572483 78.0742496102877 79.26057470525491 77.36243545014814 78.53516369930986 76.26812773843216 77.1651443563265 79.27215420832962 77.12278793449431 79.18794880077093 78.54832557750392 78.57995356508228 80.01385645339963 78.50294401178647 79.28512893867506 78.84469585349713 80.54459882028713 78.24633282156745 79.1347198205691 77.2565836211732 77.56180787459283 78.81038765482928 77.3010273182386 78.52798783571725 77.1693616509539 77.69317306695147 78.91565174937446 79.39752910480132 78.59143763824311 78.98443473652307 78.61496699495146 79.27499034358016 78.0476974394304 76.85248077232824 77.12009199440145 77.66328954683375 77.32365801389412 79.30826670737818 78.81872489595276 77.6395414569712 79.29277897463132 79.64587179959699 79.77773267243496 77.44390324206174 78.36371675350199 78.11222225601465 77.51330569355555 77.13959123029572 77.04621278517388 77.08401314802373 77.25376347905474 77.32815515103688 77.25182644129903 77.06680855274683 76.81767461591498 76.54818099319593 75.53761756216252 77.72692361471717 80.794779068881 81.49831343807595 82.18159897352109 82.86056101766431 83.71705756739853 84.76731644270096 85.91227240854323 86.89902443084823 87.6451240042839 88.08489072623968 88.02496045548794 88.36495677724216 87.13147532107105 88.83504493487627 88.85434107203145 89.17270891932058 88.234983012856 87.56602957687673 88.11714280495666 87.48436515857053 88.23699661361279 87.89246975441068 88.39748624311343 87.85268374759653 88.10198717596963 89.04024687815487 87.61610763052391 87.8779621894496 87.71118080490447 88.32380077294285 87.87127630834361 87.61449246975273 87.74127347608129 88.05391865813945 88.70973059390492 88.23553222178049 88.21377179921197 88.44902248663875 86.4373783344639 87.80270850329944 89.20185391846601 87.21362350032449 87.9044893143862 87.5366845859596 88.25752577457786 87.38032856641534 88.87639526932823 87.12269003180697 87.58751498725736 88.5847799584003 88.90704718164481 88.6531788196072 87.57785260333328 87.17211355253198 86.85287029290504 86.33436958096728 85.93636329082409 85.79528710484075 85.7677754908945 85.85916768694513 85.87882791650966 85.67095527804592 85.47213463888474 85.28307308487 84.981884368488 83.79107181644598 85.96444741498952 89.3240386085736 90.13214700298333 90.92616809570227 91.69780106633564 92.63194541050885 93.72956997121501 94.88176103246558 95.92452087122858 96.7221832136134 97.14001122369243 97.32697225740284 97.64656575606759 97.73021912858066 98.04156295866893 97.33878029348645 97.70356712140396 97.41152425815774 99.10829809236662 98.27320580961158 96.28640276830065 98.64286243374181 97.25311301350877 98.73525190980315 96.87093399295966 96.32200739639575 98.30382489755553 97.9393616789011 98.6395048537702 96.92803165733177 97.59679294464246 97.22124148597499 97.71554319334238 97.06771034449085 98.46504385469235 98.02543304192949 97.16587868608912 97.44839217421452 97.50927624254739 98.38513813758435 97.71762147573757 97.65822958263092 96.55502526404241 98.27198585291488 98.37512618661471 97.80948686781564 98.78380527578686 97.86149061616831 97.65333367439726 98.85542857428543 98.41859868878771 97.73279122522156 98.90732399159974 98.09032744203668 97.02408048180077 96.13423239502065 95.41239181259483 94.84305273350857 94.60348467889511 94.54201314860516 94.58339820412918 94.60733688712158 94.30461728497835 93.9269831355808 93.77706138044873 93.4556523691422 92.06144806887912 94.24020241489728 97.90175560441601 98.80837950469213 99.70126346814867 100.54826377194861 101.51641115770774 102.59939198672595 103.70420398525818 104.71408930890574 105.52187354686195 105.94807759544341 106.18708611029422 106.50574949462234 106.97697065591068 109.36293397015746 108.26325342801039 106.76490255673792 107.12420263079107 107.78420222735167 107.71082452959324 108.1418458192616 107.18773955937205 107.90955065060326 107.66621974382059 108.48605420381989 108.16498928251559 108.30647957704734 106.08715000582177 106.69318013689785 107.24670715776719 107.85008833962631 108.23431052958631 107.84388181069211 107.50468403211053 106.53207592853046 106.74729104239444 106.9603544283798 107.11102444232718 107.67129538605046 107.19906711462552 107.16160611768902 107.72087329933942 107.39192083463598 105.60629444702424 106.29076703272361 108.40878114928363 107.7930062093626 107.57579267251242 107.34397293396188 107.7531802872879 107.22279182403337 108.69685184900649 109.59386008423296 108.0752980784537 106.97019326481171 105.92385001164774 105.09059364801941 104.22295392520208 103.71097362542453 103.57388510566425 103.44195020646997 103.3650093000046 103.08594756690786 102.76695747583602 102.39485948987404 101.97146177118984 100.35391476959241 102.65571232418722 106.62730840164824 107.63421418778648 108.61782766098256 109.51773324091516 110.50813015229359 111.54232617658654 112.57647044574483 113.50777651226407 114.27862726096582 114.74390041669754 115.02587594984607 115.34342771106839 115.7163819323201 116.08755406439487 115.44063412794078 116.8479138592941 117.26762231626032 116.10375108840041 116.957701998589 117.48152895852058 115.91807347863754 118.50201455607497 116.04002654785377 117.14590323122941 118.23914179152241 117.09332942409421 116.12905360706146 116.7006580557533 117.09262231754234 116.19702948430204 116.81956338400306 116.699778790929 116.74062659002306 115.96042605650639 117.69099595508241 116.60088479865655 117.53762847801032 116.80860077193068 117.64142633949062 117.31476221504 116.38567287600614 117.46746587556981 117.76334263068385 117.25116033648096 117.96013630945707 116.72134680381744 116.26019958993665 116.96972931202127 116.22708867002547 117.38994482685204 119.54508547023191 118.72945457162204 118.04156857840327 117.08261415493094 115.94457599072707 114.8912146283102 113.89014984976166 113.2633886802232 112.91951909612752 112.57659209743647 112.22898031738252 111.75636259466505 111.4470438689073 111.13069236521034 110.63945374095485 108.77566327455037 111.3125597204568 115.60009686773095 116.7150589941546 117.79287479651288 118.73267519633906 119.73165104311387 120.70710059786221 121.64238693329428 122.52669808222583 123.24238361189279 123.72244737951767 124.08865356406177 124.44914074517956 124.7066566677727 125.00158075578767 125.59007175367016 126.45811713263902 127.05752844293447 126.84666659372938 127.40350916533556 127.95400982250844 126.38206844290771 127.12652886693466 126.75715491119497 126.84482780381374 126.26071390928026 126.71572757787114 127.54550325819577 126.58247033705082 127.00417919284777 126.44529733392262 125.7409421029388 126.88274052290183 126.79284600753444 127.15386550193229 125.96252460095813 125.971012355697 126.79669846808514 127.37380553268991 126.76373199152235 127.60753143581442 126.51100058151152 124.72692699602223 126.93683996142829 126.46732351450127 124.62176320558056 125.97915567837371 127.20626789427432 129.92761645876504 128.61083541795682 128.3944867352541 128.61696858816276 128.60171992846784 128.16911351990746 127.22742271443 126.08009016333922 125.01396460220104 123.8007150825183 123.0314390168602 122.52304906846098 122.01089350090528 121.67138240758207 121.08291506722044 120.59114852664979 120.1484217881831 119.56568876853207 117.43359442158689 120.343073955959 124.94359104516664 126.15947326193067 127.33830421099131 128.35160930039336 129.32328299543548 130.2485332013557 131.1331081837184 131.94994769635733 132.66772729931 133.17493548469994 133.57948955896018 134.0074442021777 134.42489211031366 135.05665453977207 136.1893563386162 137.02112404534648 137.65326865146122 137.2235090608627 135.59836155010825 135.40368076582266 136.0000923526652 137.4699760692509 136.02251053907892 136.51322574973136 136.01715297723788 136.33765992134812 135.56976467958455 135.47083420561233 136.37725430692853 135.38938691237877 135.61858346405683 136.00300217101162 135.89659494874311 134.76397797849145 135.70634134531934 136.98776292131305 136.4883945822724 136.0971343741107 136.46858581634575 134.95971979959302 135.9481786477399 137.00404117675242 135.44264723315422 134.68286419014936 136.15281680795064 135.41378737442605 137.65184633990754 139.69702198965555 139.15554611116522 139.03032438463146 138.93937500121226 138.7604406448378 138.3171109678889 137.39959454088938 136.2657803746306 135.1249649708601 133.87760228145166 133.0069883369081 132.3977147682488 131.78705205342465 131.2975314657453 130.76766731555256 130.14217866001363 129.50385310662503 128.86974504896773 126.46283146801835 129.88040430632802 134.78220056791608 136.07874622920906 137.3674282277409 138.55252982501827 139.47865125633456 140.37825777110254 141.24539344355253 142.0541802889921 142.77201006048463 143.34432127240626 143.790282723039 144.28444328174996 144.7174933119518 145.44265545809662 147.01536573061716 147.40935696539765 147.4300892374649 146.88449043734104 146.12224350432544 146.21580221872532 147.1858789503596 146.17261554843174 143.5749746320988 145.31272237518343 145.54007217874135 144.30803080423644 145.49857486482924 146.2491964395236 145.20207445967839 147.35956473282224 146.92318432557522 144.32024024035874 146.11671625464098 145.49739478258115 146.41380316506417 144.80587768244263 145.98314553680333 145.6291377943459 145.1688626877029 146.03894406388895 145.79973654713146 144.8515379150992 144.0812942831665 144.5317537421591 146.64674425845212 147.3019018464756 148.30240632946263 149.02430824788516 149.35157381918964 149.4007185308809 149.20282469739 148.92609535239387 148.48060576005645 147.56885287903464 146.44713175794308 145.3057767071999 144.19817884055323 143.356329416073 142.64738962004645 142.0111434065278 141.37235445884207 140.74440781043077 140.14087639202194 139.42504661722933 138.69675227554788 136.00187207648784 139.59027805402658 144.7768599714083 146.15146693683278 147.49002786830474 148.6496228901036 149.70838373426838 150.6721586967253 151.56848807343786 152.43758894173584 153.1988310919714 153.83705601440772 154.3968328515419 154.98524449163176 155.49171291547628 156.1768825775181 157.11176890126282 157.49447825333326 157.7657037644431 157.50215588286147 157.05469247177388 157.06459007773026 156.98579338456935 156.69671359183678 155.63168018321008 155.13733417837838 155.86071088613195 155.70055112628432 154.4633315529992 154.65075559334832 153.845397486113 155.28481969263476 153.93016809714447 155.2236437547804 153.7856768657175 152.2204418912416 154.33994348347738 153.4662481598764 154.03134477973296 154.04652578159659 153.77198139554758 155.08137711698703 155.29296544760322 155.7670439633572 155.8147773232606 156.68832425810984 156.96091266359375 157.87574123388035 158.50550734189713 158.97010046701575 159.31694232224007 159.39504516722735 159.26111583552114 158.9380959683494 158.41777745303884 157.6173818801048 156.62037513648673 155.60052594454223 154.57994663396565 153.74574103892968 152.98700136114604 152.3003766357326 151.61899182461673 150.95886181434946 150.2819129705368 149.4709186471969 148.67893762916162 145.71310752550943 149.14984254102365 154.59998531192613 156.03310833274128 157.4139276398561 158.58828113368983 159.76323309383605 160.81527033917854 161.79847006799105 162.748273843159 163.60130161664384 164.3438899129546 164.9933061376454 165.6052661389164 166.160423621688 166.78133941246344 167.31323736336824 167.74156656889787 167.9456317172119 167.77217905517836 167.49940199841794 167.37918341878205 167.2092321160689 166.86449687949047 166.59370870874022 166.4031206551855 166.34314115186245 167.42920537713607 166.69065580578376 165.42875998940286 163.41633242215627 163.49987694061315 161.70506160595323 160.8846548104308 160.26801391265727 163.39207690856634 164.31932726241135 163.61696961755072 162.16620056447792 160.96566505325174 162.08594483222473 164.57440031038612 165.20487153127553 165.78516864301116 166.3075723759579 166.96483379439897 167.47835007547945 168.2137886178156 168.68066195672858 169.00917562961243 169.2233069225989 169.19873079445426 168.9816122857906 168.59786141791685 168.03601452270652 167.3462921617557 166.52896789775104 165.6486502185768 164.76324345050492 163.9364793718885 163.1650448283434 162.41724024956017 161.68105498054888 160.93287247508576 160.2132468689302 159.35798507839849 158.5049096311401 155.2722243311417 158.615430533133 164.31648158700355 165.80182055287284 167.23475466768934 168.4735703460334 169.71872958954705 170.85666874326466 171.94818779539523 172.99172129758907 173.94743033316348 174.7822807391415 175.51635165957714 176.1721269292081 176.7488854044137 177.3204529367315 177.81502314119214 178.16413504982236 178.33631707845805 178.25882555231857 178.0607146802712 177.8451726450724 177.6080037460441 177.35054833047553 177.14264636734214 177.03522693579353 176.90421394768015 176.6919358185073 176.12421655734053 174.98838163302983 173.53140607285212 172.49891926336082 171.66098234482 171.24436771215701 171.07967622179274 171.55779326183549 171.68664367714337 171.53779125467057 171.29906884897565 171.6614675873614 172.55294096861547 173.8329763084972 175.0594990014473 175.99869085582856 176.7945042283301 177.50703593484087 178.13431254731051 178.5999002920881 178.90177590705218 179.08546727361693 179.1121787050089 178.9372413959186 178.6342601036981 178.1957831244418 177.64176549543436 177.01396094524085 176.30361913093455 175.55134267257387 174.77048264915376 173.9789064360841 173.20272439627993 172.4416728433238 171.64038981510458 170.79865677768532 170.03604014175818 169.14408735104257 168.22674615759877 164.7330455407805 168.20243570588718 174.15302357199084 175.69763219845626 177.19028857102023 178.49163397083737 179.8100163542925 181.03388762529232 182.20996559696388 183.3417476921479 184.37949943093554 185.29581953162207 186.10908512858373 186.80927511848847 187.45863115671042 188.0519880152103 188.5377419067728 188.89667204477834 189.10389162382396 189.11006403980582 189.0048768335072 188.83168583196448 188.64727448237193 188.5088108069131 188.39862864380876 188.28508144269736 188.06259063899276 187.6392932033927 186.93687884974003 185.8507565975468 184.7172142159384 183.6938721924335 182.91345482665554 182.47475088001562 182.24439891080772 182.14016182065285 182.25944530556313 182.22389419918568 182.29977288184736 182.8140139608744 183.6849781532894 184.81560374845043 185.96356405351557 186.88353607255576 187.66676483581813 188.32612866001557 188.83007402822076 189.1563665504502 189.36467689937277 189.4104974991897 189.28935629520436 189.01561448978381 188.66360504076764 188.18806555300154 187.6306024315697 187.02965567280623 186.38383635600655 185.69409774503322 184.95665204117736 184.16677478135813 183.35002638374513 182.54781009642255 181.71557143670762 180.8414577337226 180.0084578594129 179.04764895787378 178.0587782925128 174.30749431482286 177.28825003638235 183.4700950031127 185.0731101168285 186.62420804043987 187.98211226241708 189.3679621617005 190.66775331751168 191.91769132142994 193.12970630195565 194.25498605812953 195.24729863189933 196.12135730327412 196.87657194931506 197.5877330408626 198.2291045603746 198.7614143758733 199.17090853457916 199.4406832245734 199.54605448344105 199.542173837882 199.4748196813407 199.392634140063 199.34452150588484 199.28081326326685 199.14197059652014 198.85424083689998 198.34255760733788 197.67125565159333 196.84388131029843 196.01377338585124 195.26159384692173 194.64088368713658 194.17308192737778 193.81596317760858 193.51945191264036 193.51253502645972 193.5528861366856 193.7638251629161 194.28555356867642 195.02826844487163 195.89155740735075 196.76959047435503 197.52355915365735 198.16220660452538 198.67623097442075 199.04127992683814 199.25099033209517 199.33687058452912 199.26951975115233 199.06666367974262 198.7484281474298 198.32837243426772 197.82578460173087 197.26897465280348 196.68034044411291 196.05160848097313 195.37473491619218 194.63783694014612 193.82694739915314 192.9684405807879 192.10611508404992 191.23441570379404 190.3131162047989 189.42083914840043 188.40708336859814 187.36263160918207 183.37567030460144 187.46569817827955 193.88130851689996 195.542922180937 197.15177775273204 198.56417171512385 200.01215221296758 201.37991619887347 202.70225199600014 203.98897333561587 205.1893152422272 206.25070707506768 207.1917077136678 208.0298127689807 208.78385530550003 209.4648049451978 210.05366712248033 210.533428389158 210.89089208920214 211.11200454376606 211.23247852713934 211.2880567242752 211.31484000744965 211.34894038948565 211.3381601913518 211.2299938271094 210.97235082146236 210.5129432280213 209.9188072589013 209.25390761348234 208.59001899843201 207.99930951599674 207.48967353959142 207.0703045291912 206.74800019074655 206.52906024158676 206.44441650665138 206.5048105607211 206.73457999224823 207.15839670086487 207.70772567642274 208.31328161485322 208.90894400551346 209.42559152224413 209.85043523106717 210.1713412844625 210.37622338480384 210.4543976004046 210.41258753618078 210.25670923208062 209.99438374422962 209.63291260793372 209.18871958060328 208.67909278755207 208.11958002785295 207.5253945561467 206.88624209726396 206.19183338062766 205.42813014297604 204.58096452981098 203.68462682865172 202.77291928193827 201.8409747010743 200.86387646284018 199.91721020482944 198.84713575448282 197.74748206256106 193.52101089787368 197.94405566209014 204.57475031443042 206.2894505745648 207.94950181040943 209.4085864385986 210.90852131104788 212.33158925590106 213.71198348575456 215.05808383169128 216.31626439920566 217.43104597638288 218.4222792356447 219.30968178720966 220.1079658257798 220.83183399261998 221.46978258848185 222.01030722820957 222.44346204083587 222.75930110614698 222.9824355723851 223.13747658425638 223.24911845391156 223.34205549324776 223.37650513261536 223.31268480234655 223.11094275392037 222.73162723881492 222.23229821746025 221.67051565028632 221.1054470028075 220.59625974053725 220.15675737401082 219.8007434137617 219.5425373091641 219.3964585095907 219.36261213144368 219.4411032911245 219.6318960594881 219.9349545073874 220.3059265010516 220.70045990670877 221.07410004993883 221.38239225632083 221.61708694645245 221.76993454092926 221.8330580415521 221.79858045010903 221.67082918453065 221.454131662579 221.1528236919337 220.7712410779022 220.319183916729 219.80645227162182 219.24197272189866 218.63467138673488 217.97474635030812 217.25238928781005 216.45431874822302 215.56716401484968 214.62786328372167 213.67211144033456 212.69406042599365 211.6705451001817 210.67969063808496 209.55842637994272 208.4043262443463 203.95553954247697 238.7895945805147 246.12054382422806 248.00170656339023 249.81476735826146 251.40326014845664 253.0385245333798 254.59427878762676 256.106893592344 257.5841917019842 258.9657958947559 260.18927929994965 261.2764771394006 262.24907747677213 263.12330003881806 263.9153539868108 264.62192036015955 265.2396794397067 265.76506136109117 266.1944962054903 266.5385011459306 266.80759335152885 267.0122370850963 267.1628966091647 267.24609929763494 267.2483725243888 267.1562716514307 266.9563520407641 266.6806571787782 266.3612305518631 266.0297473416764 265.71788272987794 265.4410299022629 265.21458204462874 265.05450659984854 264.9767710107966 264.96402312332265 264.9989107832776 265.0633900729729 265.139417074723 265.21481049899546 265.2773890562592 265.31487339710793 265.3149841721361 265.27335576740785 265.18562256898707 265.0474350494891 264.8544436815144 264.6058098829422 264.3006950714506 263.9381795880196 263.51734377086404 263.03882017583186 262.5032413202785 261.91098417560926 261.2624251771039 260.5469901051152 259.7540972727422 258.8693749294395 257.87834731923977 256.82433338012174 255.74920344140122 254.64665261654903 253.49019950317302 252.36830630441395 251.08841260997613 249.76018626007576 244.57915502267736)
(UseCyclicTransform "false")
(UseDirectionCosines "true")

// ResampleInterpolator specific
(ResampleInterpolator "FinalNearestNeighborInterpolator")

// Resampler specific
(CompressResultImage "true")
(DefaultPixelValue 0)
(Resampler "DefaultResampler")
(ResultImageFormat "mha")
(ResultImagePixelType "float")
