(BSplineTransformSplineOrder 3)
(Direction 1 0 0 1)
(FixedImageDimension 2)
(FixedInternalImagePixelType "float")
(GridDirection 1 0 0 1)
(GridIndex 0 0)
(GridOrigin 7.68818581947022 -156.75425423604048)
(GridSize 59 67)
(GridSpacing 102.25734267766636 101.72118941456792)
(HowToCombineTransforms "Compose")
(Index 0 0)
(InitialTransformParameterFileName "results/lungTMA1/my_reg_project-modality_fluo_to_modality_brightfield_reg_output/TransformParameters.0.txt")
(MovingImageDimension 2)
(MovingInternalImagePixelType "float")
(NumberOfParameters 7906)
(Origin 0 0)
(Size 5528 6322)
(Spacing 1 1)
(Transform "BSplineTransform")
(TransformParameters -199.7186887160808 -166.36423994533786 -157.94625388996795 -149.85849054655606 -142.7080505561122 -135.1683999688574 -127.72324124724534 -120.19258717966125 -112.5264196813256 -104.98615362143329 -97.84253523264927 -90.97135470135821 -84.24907217569856 -77.57726264870094 -70.85754921448577 -64.11011434413135 -57.35514396221848 -50.615059851236566 -43.91228404162497 -37.22239059284196 -30.52095358214811 -23.78357159197583 -16.985843206035927 -10.141389697153857 -3.263832338246798 3.6342319477882197 10.540206238047698 17.509308342655657 24.596756071735697 31.851726444513133 39.32339648021336 46.890737555685476 54.43272104777875 61.84233545243165 69.01256926558337 75.98629826985797 82.80640262193495 89.52490535079583 96.1936605484173 102.8450998143234 109.51167956264734 116.2274734118384 123.02659479869857 129.86605445285755 136.70286333322036 143.49565388031144 150.20306172806772 156.9138024198312 163.71663597743574 170.7230268389889 178.04505894804873 185.4357783965388 192.65685987417731 199.75739955891223 206.90667449234587 213.65754410544056 221.23677132252217 229.0777492174533 259.92833890753377 -214.624603263364 -180.87439726665752 -172.33129254862493 -164.10653898864484 -156.8210611435676 -149.13715913136312 -141.54861885001463 -133.8709981156249 -126.05112297557987 -118.35124893259632 -111.04311581645285 -104.00387076281797 -97.11133864282036 -90.26636525344493 -83.36984505810086 -76.4603128797371 -69.57630703539458 -62.755905201276114 -56.0371291360317 -49.36457243361775 -42.68249554543085 -35.934919998262366 -29.065709007872158 -22.12622425553489 -15.149361303225854 -8.163643386250111 -1.1970150758100797 5.806675805113754 12.903586683927958 20.234131331961404 27.938717886900676 35.839029086733404 43.7566773663085 51.4814510581712 58.803312002723544 65.84595674956631 72.7343438699835 79.50505031536504 86.16652380439331 92.78314242361111 99.43091931617086 106.15813877250649 113.0200181657583 119.95876170952113 126.91657385043466 133.83787005052653 140.66697557812103 147.4970974818323 154.4212583760692 161.5554959849475 169.01671083451478 176.55301175957644 183.9202406705768 191.16339901884007 198.45623852553365 205.3416140595392 213.0644262246813 221.04598777563382 252.40515105355354 -218.37428331587805 -184.52989075456912 -175.95610286320257 -167.69744054291928 -160.37843628854728 -152.65694414046558 -145.0301166562457 -137.3246184353095 -129.47072383362791 -121.72819705666188 -114.37037160235536 -107.27583319755144 -100.326140916799 -93.41898786448944 -86.45259135893463 -79.4802423787075 -72.5552355929712 -65.72469034728931 -59.034710322260366 -52.417129074168365 -45.797358152874445 -39.102985192432186 -32.23868290665634 -25.320761026601936 -18.371146357793812 -11.413894659915497 -4.487200523837872 2.428571652556902 9.328041714725883 16.479874076489327 24.12519379591998 32.084750267281436 40.162633030102036 48.01247232843075 55.33084705268397 62.34986296313924 69.31714362769705 76.23012882827987 82.99947428159375 89.70534785871828 96.45132068029703 103.2734585349473 110.22210918398207 117.2374251759911 124.2595258816447 131.23153881401234 138.09341741425172 144.95077364047256 151.9016658762617 159.06133555575275 166.5525820083578 174.13017199376003 181.54568198588316 188.8124640631066 196.14101588267488 203.06265759124076 210.82415975943897 218.84342852167418 250.33740578277704 -221.94268017975594 -188.01400834924254 -179.41175976857434 -171.11601609213466 -163.7722149191891 -156.01681482491023 -148.3661799016082 -140.65719742289292 -132.79329647170997 -125.02175623355271 -117.6110953532362 -110.447925672489 -103.43309696888036 -96.46249344946267 -89.40180991074291 -82.35444048374339 -75.39097181905956 -68.54819348431239 -61.86759813282109 -55.270385069511974 -48.6686000105559 -42.06986037540443 -35.37201394098563 -28.519048599933576 -21.598020694981273 -14.680075703396897 -7.723398550109111 -0.46775397224465964 5.883136131668456 12.213549701320682 19.92464619457228 28.201283415737198 36.61676969314343 44.400134359131094 51.37974976936226 58.52886416244472 65.7261991172657 72.82196608287009 79.74480006630522 86.57794050095903 93.42050177692704 100.3365022975592 107.38874460789151 114.50253035973572 121.60288493485362 128.6334033709022 135.53380216038417 142.41728255608365 149.38796063129163 156.56650212576795 164.08548117473794 171.679100745023 179.110530081701 186.42643048059912 193.79283258620745 200.74918059431653 208.54891446895948 216.60584481220377 248.23316823120456 -225.035694224936 -191.04847976463378 -182.4363669436591 -174.1009129520418 -166.76742250969605 -159.00645302955235 -151.33242361695469 -143.63028665069396 -135.8112779877041 -128.0248582195792 -120.54695538285067 -113.32588700395031 -106.27246113882013 -99.38040514080193 -92.10112340960059 -84.92092305297099 -77.93283921024259 -71.07362751488185 -64.36143769555704 -57.655596379162624 -51.11736643067966 -44.70460871652585 -38.03198565467616 -31.24751852798024 -24.098533307730676 -16.690025454649593 -10.252781045741997 -1.88652680433942 4.5393097086229455 8.319855983422642 16.17895386017372 24.681672415606656 33.883778921317486 42.41399534970821 48.148157049213005 55.14183196847632 63.000988523389424 70.11606937462606 77.06290969164611 83.92686732167387 90.75830665094256 97.6815798667682 104.80126731761582 112.01677195343755 119.19450826348046 126.28162388553328 133.225512740621 140.13469450591924 147.1174247624583 154.3111377958705 161.83988628995655 169.45138164373589 176.90909041033166 184.22273611721837 191.61093424673822 198.5956925094594 206.4293722113992 214.52072858682808 246.26850420719833 -228.22232067318862 -194.1642155015168 -185.51676192251796 -177.1949134826232 -169.90715850972697 -162.16565799192418 -154.49083677775693 -146.79900846858192 -138.99159692925505 -131.22776629601555 -123.75146242640771 -116.46818944250413 -109.3119926697303 -102.27424065108946 -94.94955755109984 -87.71284538866294 -80.71400240791809 -73.85757602828035 -67.17844034364832 -61.07193133400915 -54.296834464757005 -47.38680362628607 -39.37304020094728 -34.61100789757449 -26.97132918421148 -18.321823072379182 -13.339681637662155 -6.475096609470952 1.6041071143913002 7.850263656012061 16.227030963476633 21.17883655061045 27.27412277371529 35.10872458902512 43.746192795476155 52.03921109193316 61.01205482901288 65.64499809515279 74.14409819728026 81.01041958199457 87.90216999791058 94.90899025746751 102.14022216006184 109.46873002638957 116.71314750320126 123.84336810774188 130.82704001134252 137.76900611803768 144.77360772138812 151.99907507606568 159.53460850099503 167.13224641446095 174.59536160944873 181.8854083497458 189.28772669674325 196.2981708414208 204.16630841918314 212.29399459374181 244.1679620335444 -231.26256445970614 -197.13937808093164 -188.46166278745324 -180.12732700627174 -172.8091750325136 -165.15246361620106 -157.64657217274313 -149.99792208256832 -142.23573340614547 -134.53305903839973 -127.0919911928368 -119.73423572653184 -112.43203144492001 -105.13801976200881 -97.83762437747028 -90.58440041735095 -83.61337876542045 -76.7493413761746 -69.18957092245185 -63.65516981090883 -55.83589008435751 -48.33901504336124 -42.91815657174909 -37.36294374600416 -29.913743939007187 -21.509572837102827 -12.997510778123587 -8.761459315011239 -1.587424107271526 6.686060472346889 10.22196753906402 20.57970129474834 27.339981401785312 33.15105324131654 40.74168639500883 47.15951083805227 55.12014529133022 64.30412609723359 73.00026028655277 78.07109103127611 84.8486183468656 92.17817684834296 99.67205853263852 107.09474454680557 114.36686948058947 121.50719436999746 128.52332217473773 135.51178529266843 142.54315967961992 149.7540666006641 157.28521860632407 164.84979965706046 172.2398285396631 179.55791345328032 186.97278283662388 194.00247190870337 201.90260431642957 210.0660514266794 242.06303417210077 -234.24194657670296 -200.07423119678853 -191.3911192885697 -183.02416819209898 -175.6647084545058 -168.09623069465133 -160.69321275706767 -153.23559982360825 -145.59974929645674 -137.96008843750127 -130.4923757678211 -123.09519331431636 -115.64591816873863 -108.12762969433194 -100.71592438606208 -93.40848485443307 -86.28174581523892 -79.9923323682416 -71.93730849660389 -65.79495223711051 -57.51852545185655 -49.99223041154135 -45.54579247118167 -38.41218161703002 -29.82318418155436 -24.18250442851444 -16.758785370114143 -9.423020411254749 -3.3893480620751535 2.6801977502942402 8.428912819003207 18.807891521719327 24.48019970524263 30.92178311088484 37.57476053605618 47.016229454340376 52.22716741198071 60.47294736265702 68.33437230062638 74.0018686696847 81.67136419961292 89.47922623406352 97.17428025875739 104.68842382254113 112.01843898740505 119.17588706637865 126.2481903851914 133.29916681915762 140.38215807056795 147.59421906662206 155.12434677770682 162.616215260034 169.89246162624542 177.22290638053232 184.63796644439716 191.67471613591718 199.60026556181714 207.79653883570032 239.91225684254965 -237.18783999564428 -202.9869515331995 -194.27808972595216 -185.93429214032562 -178.65969422307916 -171.19133634050309 -163.82310049892172 -156.49715351454694 -149.00192645461598 -141.31818310196638 -133.8734768533541 -126.43645714374391 -118.73929177252808 -110.98918658201093 -103.49711513746784 -96.24469764771268 -88.6504359132692 -81.83235546904503 -74.2908909074419 -69.46814338685171 -59.852500438758064 -53.75675069722151 -47.735474111122514 -41.138020610789276 -34.5960010674121 -26.461371920127558 -20.03031353970855 -12.940096261148746 -5.661266878759928 0.17598341308121385 8.206539998295098 14.412551480613745 22.378546915425314 30.25379507913969 38.35377633818165 45.85572014228361 49.7629357004916 56.59586308310701 63.880893070247566 70.28160285383338 77.863712983444 87.8085271175482 95.4233892736564 102.15051684087396 109.57406185421247 116.82601733900351 123.9725261900154 131.07025867837066 138.19391392549102 145.4398149450669 153.0065497427774 160.27056526126051 167.71514000841216 174.93796309559687 182.28762103574368 189.31332379326685 197.25303958174425 205.47629182543895 237.70338353921713 -239.98862881905288 -205.78821496207675 -197.10703543937035 -188.79233882470746 -181.5717943857113 -174.11676514881862 -166.87401174308553 -159.5060691722681 -152.2073661117324 -144.62893976490005 -137.23034917136195 -129.54410451393622 -121.50897979897618 -112.83132372378765 -105.43592186550462 -99.22311861302491 -92.1151999920757 -82.7865803097031 -74.90993125680272 -71.81619947091801 -62.093501056379154 -55.76338550364185 -49.11461060398593 -41.06147891851606 -34.74617489686223 -29.01837767408457 -20.917103078558558 -14.66356330773651 -6.735002089176696 -0.18756051764544804 6.990519875709308 15.515200424330565 21.866981042249183 28.55623667270414 34.91757689229387 41.21024259032641 48.29776788869296 57.27280075480272 63.83629879905261 69.29763018264345 76.3761871819618 85.1461787862561 92.47707904321702 99.80631165191684 106.85382740185659 114.35518817606497 121.63450689770583 128.9378629902634 136.3366863497885 143.812611331587 151.070737223065 158.05045051344365 165.4663458623158 172.7171809890595 179.9997904217644 186.9911333076363 194.9290369158283 203.16951956254997 235.49299232904676 -242.52852702776048 -208.36717543781688 -199.7569538100181 -191.51382426758968 -184.37410854509514 -176.901582273519 -169.75157780225086 -162.4653963305838 -155.0119603240756 -147.3592476565858 -139.89171829978437 -132.37013920597983 -124.6728907576722 -114.43331655569287 -108.11082495130692 -100.61574312802242 -91.75157598624006 -87.96597768436045 -80.48582042407301 -72.22096927490992 -63.787837343450526 -58.717942437543 -52.89756451079549 -43.36585892281467 -38.45622656844596 -30.184603488850268 -23.00489419703511 -16.811152263526264 -9.089248432184759 -2.3078849988724808 3.69168961246166 11.673271725453281 17.941392690680598 25.15341606351574 33.12277387103982 40.23761257625826 47.14031635656044 51.92655224567775 59.93465934925237 69.84201421864019 76.32096765581133 80.32176171174513 89.5224261134552 97.94438091767658 104.13595830082662 111.72613368615391 119.49805476365835 127.09664394369315 134.80678336771862 142.59133645606533 149.72691648690446 156.74140323244433 163.63487813822542 170.6613289545686 177.85432958030776 184.78330213048451 192.6986470600747 200.9426709321949 233.3397589849233 -244.8529887422073 -210.71830929280347 -202.13980321865523 -193.96467693342328 -186.84977834140358 -179.42087483480864 -172.2845902117269 -164.98121533043997 -157.10895908258067 -149.16727045915545 -142.15339504750014 -134.87409839816243 -126.85186299578922 -118.30156466896065 -110.73842025516956 -102.8756281227752 -94.79086990969064 -87.78997061724843 -82.43456202059406 -74.36198615552667 -66.54516653765084 -60.99111039069368 -53.18091773577242 -45.824290539215156 -39.07401843501449 -31.61565135845873 -26.175952975313695 -20.61341472684326 -10.776739253960828 -1.8538030761999504 3.8414846313423303 9.528420468436096 16.68154554772761 23.175406183397193 31.402856951506465 35.972614446929484 44.376591261828985 48.85746483400845 57.46894212426193 65.51254486086387 68.75730943971683 78.91170412065584 84.43974494107005 91.3464137259361 101.29549465031927 109.91033178872651 117.50424655467403 125.4822767631843 133.2267329073371 140.97639902380246 148.36306049849617 155.2870852399962 161.94871721365155 168.69508459979536 175.7720378626229 182.63465414075662 190.52131863629302 198.76314893254852 231.22124467944496 -247.00716864418763 -212.8554232238314 -204.26876526433514 -196.08616753170682 -188.94450012015042 -181.5055737531096 -174.32246766840657 -167.04375751365183 -158.87480174618813 -150.64009816184864 -143.7962779748857 -136.16622260702977 -127.04905790387082 -118.71366355361754 -110.42528754045286 -104.00591646234132 -98.96321367187404 -90.23349537608262 -83.61796257194533 -77.91395681831482 -69.05534482970191 -60.38320295664336 -53.97751780443737 -49.508362953207495 -40.497086535472356 -33.942312410966125 -26.482118027568152 -21.155995129416915 -15.04298771461739 -6.369248245762485 -0.7036556775941443 7.825102688564554 15.001319874569491 20.473037900979566 29.42171042006755 35.01092179437567 42.58490105003694 48.430377999189645 55.148783012866055 63.04895118004886 66.3897956418297 78.96455713379525 85.02129279635109 89.50156806012842 96.66375729061491 107.56133093441072 115.29103805872519 123.26066090326152 131.34648548429286 139.1726761910773 146.64741197753702 153.54754393784293 160.02042326897129 166.64778094284281 173.67530571446858 180.49017971587088 188.35666388799848 196.59851736633846 229.11516119372124 -249.02471772842446 -214.76725817316495 -206.10987828407804 -197.83910309357643 -190.59101597074246 -183.07644823893915 -175.93676316014364 -168.56257163319833 -160.27013500358493 -151.67419195091955 -141.75006492136214 -134.8571007797386 -129.4798057489304 -120.51716978356293 -113.21735107928085 -106.41571886974657 -100.55076943541454 -93.44062186970952 -85.98006331248098 -77.73199076914472 -72.6347844932661 -65.51479252156317 -59.14365800260954 -51.631385560688905 -43.34349753608384 -37.570999330549455 -29.783034806232347 -22.658545151552286 -15.203228376334566 -9.445276476394417 -1.0456043195579445 5.224221638461925 11.692681451521842 19.13401823792144 25.97632223897596 34.077349925501245 40.920383542304634 45.62122955802985 53.13981778935611 61.293749568581326 66.46418296865136 74.1918800343053 80.5078244822488 89.37804017234545 95.9269303944491 104.31483054369976 113.2573833411929 120.44639648156718 128.90526218089371 137.11062934190966 144.595862184017 151.4802619071455 158.0171701653291 164.50079377695988 171.49289329197774 178.30105277841176 186.17019030400354 194.42216224075779 227.00468418215763 -250.93926549091347 -216.4460529101184 -207.60485054915387 -199.1004654009766 -191.66935081379452 -184.06516804303453 -176.93417073371273 -169.52482807812058 -161.60610900779497 -153.5341634932751 -144.5721169743751 -137.53712869817898 -130.98685180246002 -123.50816092696586 -116.50049220202908 -108.27743856338667 -100.15675223723333 -93.41093609590253 -88.4587523220834 -80.13827235393715 -74.48400740035252 -66.0423784393496 -58.76951231722277 -50.85313426306987 -44.84829123604912 -38.966874272905585 -31.530609594262568 -25.314133163696784 -17.65511153088487 -11.350317269563792 -3.7317760278745293 3.638284981293405 8.221647846241327 17.411804838103475 23.717836793820315 32.51307300945303 37.152130747549656 45.47718616653866 51.68416285843069 56.78392706463733 64.8737936616378 73.0698920659913 77.5976776795835 85.44081001193601 92.98252106337459 98.50077327988124 108.25028282606642 116.12797952679344 125.72792678134283 134.41801680959682 141.888670766777 148.8292060012736 155.52651331614518 162.08765271384172 169.1535078466578 176.0184592050153 183.9274171206301 192.20748110824724 224.87300011236317 -252.8102067631089 -218.03274729197906 -208.95010731052201 -200.12931156318282 -192.43347799623353 -184.69371191115033 -177.56255836954045 -170.39643030530516 -163.03563924276233 -155.03223123884644 -145.00136941226674 -137.93056538067023 -132.40136929351056 -124.96796020801858 -117.05629834186547 -110.99387901917663 -102.59511568836707 -96.14048219537823 -90.19545348995335 -83.18832563879668 -76.27615190227323 -69.46478296480738 -62.37870860936702 -55.64190817244353 -49.41174488330537 -42.24748032681604 -34.27253711340301 -27.40402670988354 -19.34558799853503 -13.897787507035778 -8.040173388570361 2.1203024768644183 8.308465138655805 15.081313268690787 21.377606216644498 29.862574079988114 32.5163502151173 41.74364650032797 50.54568197202412 56.122725060252854 60.24779180433612 71.2552440940087 76.30785354780373 83.6843487306929 93.44449790236612 99.6253233384767 103.01400453862914 112.8961429557853 123.06490993094538 131.25894489490105 138.72023075679493 145.67183532422663 152.68648133844118 159.53127495229367 166.7093455886221 173.67034399757293 181.64270482224583 189.96188692680659 222.71893091646695 -254.69693483292528 -219.66831483324884 -210.33473282681064 -201.19476729803114 -193.205524284123 -185.2549016651021 -178.2020115948809 -171.31015254137697 -162.56360159400313 -156.1151742302152 -148.59324324823436 -139.65842852325017 -134.36161560668194 -126.88566653438468 -119.0734643605513 -113.78804128467799 -106.83568640220463 -99.23318263779858 -92.70880326652504 -84.07343696845321 -78.41450913495596 -71.08084447083428 -63.68827292877175 -56.25900428269886 -50.617203474629484 -42.18643271439258 -35.083145403264666 -28.55291702128725 -21.967102035487404 -15.389308841256408 -9.975862064006039 -0.8061084880138264 5.934492685897557 10.732841454094256 21.21475956032315 27.055863541251245 33.20698998493934 41.85396128131925 48.319664553286685 52.62402697683615 57.345603667135386 69.24012233873849 75.77348619002998 81.18980805744066 87.6858105377638 96.31381423987101 101.5534010879217 112.00810674862038 122.26612071087582 128.65063934378105 135.65184116904868 142.80509987521643 149.89894904200105 156.88324723575744 164.20896053852871 171.2846530162372 179.33041473665176 187.69279348334592 220.54129930295085 -256.65774634228393 -221.4939323174114 -211.94524965172857 -202.51426078157215 -194.20955331003876 -186.04233918258723 -178.83433351587823 -171.9329447647838 -170.01356646176853 -158.39035904827279 -150.8389285876572 -142.38674335108414 -134.33334525889416 -129.3456552776511 -123.61327796910665 -116.91820582041406 -107.08414347732598 -98.85158769346803 -94.63622016923888 -87.04301011792487 -81.84991938854806 -73.57435036335 -66.63992982454467 -58.984518288695604 -52.69817505564762 -44.6560592262037 -38.015477890993765 -32.25508277728567 -24.20254629832188 -17.170966097884815 -10.125699987283397 -4.473179866236183 2.937704697537263 10.864537584116073 17.13178814868092 23.129152711391225 32.35106244947692 38.12433755864336 45.189039332601844 53.005652030406026 59.82258984448726 65.14752777965754 72.775688939125 81.17623818802632 85.4933368992502 94.45394885868146 100.93538731044784 106.1199797290464 113.2248247215033 125.90853700167216 132.29993134327708 139.91655812627818 147.095917178362 154.21926220867033 161.70350772493327 168.88980457626502 177.00533846683638 185.40803656006233 218.33932266112686 -258.75093782228356 -223.65120674409306 -213.98030504962088 -204.34230656922927 -195.8170986815366 -187.61507577505438 -181.0770273012987 -171.00145791322956 -168.91817567714662 -160.26423357828722 -152.22051545811541 -146.62852556569715 -138.0830283527373 -134.41994618513644 -125.62558318183444 -116.76571780664779 -108.55108079058583 -103.94134595314381 -96.74216154819851 -89.3277348128388 -81.30885081073171 -76.70020625703759 -69.95366164932534 -61.61469061464709 -54.08252027533681 -46.457957939168956 -40.71493318960212 -34.94063376307324 -25.355232732473567 -20.22185147244713 -12.50410559553782 -4.749105050414377 0.1867558537929239 8.682467818334073 14.776717607142784 23.356367995663717 30.716851734698054 36.2209454289146 42.6182278133837 49.85998495872032 56.397568632408614 63.51870608258055 71.41299384761618 77.80335208571606 84.6335983531084 92.48020178343813 98.82767415076498 110.06863929489371 111.82083554112894 122.88981814008349 129.5737939926894 136.59037301038458 144.09338783168633 151.6048501304086 159.2445423379397 166.51421705453353 174.6822676763442 183.11545199866458 216.11221843604648 -260.870297150429 -225.97369914605673 -216.2797189478522 -206.5208857060186 -197.81331282483345 -189.2054648302562 -181.66786030834288 -174.67243273563562 -167.73461208885766 -161.91281620294708 -153.74123828100025 -147.36454701788173 -140.90497575566815 -134.97508185753168 -125.82895309718101 -119.42563696364626 -115.39165780680662 -105.9292409149544 -99.28703215809034 -93.51777289841303 -84.92859361640838 -77.00400630632409 -70.92054038075584 -63.05888216770452 -56.89111268002552 -49.27506953495928 -42.8647694889668 -36.16918595115281 -29.637296095557723 -21.926149746773735 -14.629635403078042 -7.612075277379991 0.6490550813709588 6.272377163142424 12.663323713839047 21.773641550918054 28.663219360813535 34.71747522985876 40.47393057658449 46.92031727671889 54.01423851782439 61.8466419201573 68.08049942805582 74.47265464674508 83.36958061928955 88.50397758678413 96.74203479913153 102.43547734531705 110.8870737258215 118.70661246192357 125.95718491900848 133.5970904838385 141.79999388219318 149.16558060282435 156.77315327796097 164.1082810352738 172.3265973447497 180.79417956703531 213.85849176995123 -262.90961219626826 -228.29531634179426 -218.70400992451528 -208.97702081855547 -200.12411764094819 -190.2556669406496 -183.94428779026052 -179.4425123346037 -172.7431507604539 -162.3946675323787 -158.4435098193453 -153.32097208808034 -143.1449647686939 -135.91696275202412 -127.34277818495627 -121.64433667094652 -114.16348851320535 -104.15592395563279 -98.55055966212412 -93.58539554162438 -86.55555634992297 -79.69694894089986 -73.70297946813706 -63.342058459223296 -57.22934672063042 -51.61191215633123 -44.97176134803103 -35.87767219483747 -32.77268513318242 -22.936527828878603 -15.580515148572474 -9.59515533216018 -2.890047085491907 3.2875193805590257 10.71476992133654 16.840725567904382 24.02277428652629 32.151998095966725 37.317860247756144 46.650079962323595 51.641381885597035 61.43581621359353 65.87165659966887 72.0040536314175 80.50143028333282 88.20668849218026 94.59013847200973 102.28775155054943 109.06619349937903 111.02188642914885 120.24828956301366 130.5321132173709 138.8768198460024 146.4561977643811 154.22901702802142 161.6223871071402 169.9037224559755 178.42335903732797 211.57664780908442 -264.77481801715527 -230.40513771823893 -220.96813621275126 -211.36189574666813 -203.24551888231372 -193.7911005829292 -186.70304363845597 -180.44752408854526 -174.52127116373015 -164.2445725735346 -159.51040152716152 -155.56665827015132 -146.57357538552043 -138.87013864261314 -130.79451898947366 -123.19823432280717 -115.00415766148102 -108.86086432314423 -102.30481678590888 -96.68372398751127 -89.85770954540679 -82.66682245130391 -75.4709582847966 -68.94122706165398 -61.84964965054711 -54.00627208204166 -47.404960900485875 -39.6223592817958 -33.3005364377282 -25.61835244969298 -20.73479501395009 -11.990483780224883 -7.498917208849354 1.0534328824880925 10.44183127377674 16.413491854043404 23.306262848087588 29.59701195163754 34.06634642157546 44.87778744953961 50.89835535365722 57.81630388980368 63.91474456598366 69.34632094979513 79.62789365339225 85.65024252771428 90.94714247518854 99.99162989511616 106.24834777380848 115.29707786820164 120.19565788943338 127.9859032159887 135.69813131179012 143.77410021754133 151.56308150128766 159.0074164274359 167.37944342262597 175.982261892432 209.2651928808398 -266.37184966987354 -232.09245393397944 -222.76362661796674 -213.34382317487461 -207.43761899018355 -197.37611642644492 -185.17865493574394 -182.79244922168317 -175.94958489758494 -171.17253360639032 -162.99094582132392 -156.45570088538577 -147.70205009588372 -139.61267822349555 -132.9990500927914 -125.65222834819048 -117.97967433172435 -112.24547387541561 -105.56518891769147 -98.62392775286897 -91.4368520996826 -84.9696377391185 -77.36844492384294 -67.80212737075864 -62.60056902233347 -55.64760994555106 -49.90396198038082 -42.37471236098253 -35.438114404338855 -26.996431454047222 -20.700559598207107 -13.027265184016846 -6.33244311384576 1.189874829134107 6.083014975348202 12.58760036556937 21.03219952367542 27.89767838697821 33.23951417663162 40.89755677259286 47.65386617378449 54.51125060697081 60.634128718989615 69.15914277397084 75.35471881861281 83.18381781398625 89.96039338418258 93.88632175834158 105.14243438312276 112.8937210841846 117.37276256396319 125.70290293855389 133.23962309642008 140.82145515613826 148.6875213011806 156.2142501537806 164.71956065761756 173.45015961554395 206.92263331289712 -267.83298145836596 -233.5514703449151 -224.3097506614032 -214.98387289714861 -207.2354543819151 -197.08055228066172 -191.6316237841857 -184.2687711355676 -174.87602205227194 -169.21330169861122 -164.30351431371662 -155.70864799395662 -149.03022765504775 -142.83627665847172 -134.34624035567285 -128.58917656203448 -121.94301092782779 -113.24637647799887 -106.800694203335 -100.01775397264389 -94.0576529832019 -86.52329646928955 -80.66915229072644 -70.96148382646197 -66.72612085182114 -57.885228540678995 -51.756592212742014 -46.26435561103058 -37.113242748751766 -29.947675573852237 -26.211592281098806 -15.634804522940206 -11.091707057303402 -2.996399286981166 5.391070188953336 11.644811519268908 18.65210124589735 24.729752820743478 33.841410856397566 40.46078003272109 45.45056804394321 53.410047011041534 60.719103741587986 68.20065110890754 73.0071128924543 80.25742098675607 88.37829064056201 95.72769305628553 102.78245049814171 108.78097640404818 117.47417097079493 124.59066537726528 130.8500364395027 138.002533186419 145.736164284449 153.3433003338401 162.00245554853325 170.88095339365617 204.56736569332378 -269.29048768653377 -234.96675191734693 -225.68820431802922 -216.39828158944243 -208.1901899238599 -198.80667032042476 -194.87747934808004 -186.04763907395764 -177.72857185965913 -170.3682641093242 -165.01933165003402 -155.880661184281 -150.1322193226939 -144.7773449730051 -136.94584754455653 -130.2741406496733 -122.13397475655312 -114.95909574531635 -109.9558987434934 -100.74293841892 -94.58073672094005 -86.8682015957861 -82.05232404327289 -75.14744751881243 -69.0194858699162 -62.088075785753865 -53.82987673504431 -46.62084550118684 -39.48109819810988 -33.278716402494354 -25.830903409650844 -18.158412144450917 -12.885104045202985 -5.2305551355811595 2.991795788686434 9.32609006975829 16.84191121948279 22.347477356337386 28.92625034140537 37.19063764225769 43.97608432975293 50.72039011609445 58.364062641052065 63.15628031299576 70.10876283154163 78.99874180631352 84.91047092165833 91.70265285386101 99.66430610821602 107.0795412327078 114.17949816518941 120.0486695793227 127.7540494739171 134.92143715387172 142.79710332995364 150.4949790153017 159.30650948297838 168.328544413783 202.2177866102082 -270.86466859310656 -236.57506356289312 -227.2264420227456 -217.96975234468198 -210.83118512596477 -202.00462978018396 -195.65702774685818 -192.43242681575265 -181.1800330485987 -174.45500302797146 -167.7013133875133 -159.70494363094286 -154.9690323043467 -147.79409115696933 -139.93995786184527 -131.09069606921906 -123.8644908409752 -116.10669858822546 -112.77178878669564 -103.27470600732535 -96.9149304634683 -91.27882249580712 -82.75934078847575 -76.25512976585458 -67.9028351505009 -61.034872669100125 -54.99145791520636 -47.791674762412526 -42.272916477932874 -35.406130643345506 -26.317900154276845 -21.640831950489012 -14.148156465627135 -5.775829252787824 -0.028271918291874282 6.7043240231894305 13.792734120551666 21.900215336278986 27.306738443617583 36.288698651725156 41.792431993613334 47.90888115453044 55.73049319472658 61.223943575377284 70.05437214214741 77.59648851358183 83.5771817394356 90.05359525211423 97.17012192860139 103.06124021193182 109.62375141549599 118.54321857434303 125.56089350733082 131.74334726356815 139.9917654103578 147.77863518616115 156.7139677581915 165.84788155501332 199.89201454211383 -272.67582441680867 -238.61304122229552 -229.30496109241966 -220.0609468563395 -212.37522705444277 -204.0782047754611 -197.95935843359456 -194.33722249703348 -182.61625968122144 -176.35817938059904 -168.45036898064703 -162.17659618556783 -157.67127735036556 -149.16303016756046 -143.4342977585739 -135.1607699848152 -128.61916362258128 -118.46773877411324 -111.65055582601468 -105.44528747416975 -97.79701406872151 -95.47617449516021 -84.27972240617771 -79.11208684879576 -73.0779846589966 -65.88941364038011 -57.70317638272225 -51.3041051217398 -43.91119021233668 -36.2703500660209 -28.824354173963382 -23.89376406971311 -15.489532543577432 -7.984971071831502 -2.52258756900639 4.945025680337143 11.715691959755485 18.827956576913753 25.03028060953304 31.12757415905451 38.679275013216625 46.937760277847175 53.64216947974907 60.68436329362974 69.12216111567608 73.64114043352153 82.16301261869945 85.8570619803068 94.3405866434196 103.06988793806183 110.30818277392846 117.60797818412247 122.92231850358168 129.46398040353236 137.45875436257072 145.303617834415 154.30707567141238 163.4939136964372 197.6081679676069 -274.6314630423173 -240.90875518018825 -231.74076776427938 -222.57254396106836 -213.71904149017703 -205.05964922538166 -199.46770439434383 -192.1340623886223 -184.28713994137698 -178.3273160407712 -169.9558144591454 -164.20120988662828 -158.03889257465764 -150.88541678429897 -143.54682768812316 -137.09986455059956 -128.71397435300287 -121.78761346750338 -115.53963250235853 -109.25786788251277 -101.2093645163735 -93.45577528466502 -86.08698430110357 -81.21307152763262 -73.61510612873523 -65.62794613555207 -57.777302304056434 -51.61251973796366 -46.52226698965641 -37.140121645558374 -33.06745283849409 -25.015032085974198 -18.967887283608903 -11.39092418308852 -3.778548781300296 2.1610033237725124 9.29196265297319 16.319558819680907 24.885547261937365 29.22018096014489 37.153883338903455 44.884200362541925 51.51212663576295 58.10067838154983 64.93763491217264 71.58035444061157 80.6985005307269 86.15589210502176 93.39005129893785 101.12897122033078 106.59467270958353 112.67506647112167 120.0540044650847 127.1203410263553 135.09644832000168 143.06109207840115 152.102106571014 161.2876075342098 195.38262328722217 -276.6390923543098 -243.2908918670786 -234.31305894634016 -225.36074161106592 -216.96245108239248 -209.3403539292482 -201.17974853868927 -194.69999363382865 -186.6376534951336 -179.9254963668201 -172.86798898445784 -167.17811350080225 -160.57660339534064 -153.0096501777379 -144.41432034853332 -138.0320674318036 -130.63967045850575 -124.80026911486755 -117.81588105979833 -110.4693074688531 -102.82138060889173 -97.4328053033363 -88.19083444975462 -82.7310900628679 -72.39984643349156 -67.68307556139875 -61.81489015705493 -55.91115045111671 -48.594923581929336 -40.49516765144042 -34.8771282598772 -26.98069568811938 -20.96509750111675 -14.150008025402851 -4.843529263250657 0.8761718664194365 8.060191238446881 15.188122362583234 22.468129289540038 28.79458889904437 37.57343973395652 41.99103080703107 49.69026082816282 57.71235897248995 62.48552126728757 70.10703870440635 77.37580683729006 85.53626439480492 90.1124832446199 99.0951596613597 104.4490913846334 112.95738967324 122.49769198635431 125.40983702020685 132.96934489799438 141.0422230364567 150.11533380536935 159.2499297644843 193.2317569014976 -278.6070910285564 -245.5760318823772 -236.79963032111905 -228.09331748224437 -219.80211454533188 -209.5231706560656 -202.88658518251296 -197.53404536784328 -189.30690753076684 -183.07776790669297 -175.47953627914853 -167.28131488308236 -160.62826386817764 -156.20946884563406 -149.05771157951725 -139.53696846247132 -134.38971838358435 -127.17054314072563 -119.19351360276872 -111.873309407061 -104.06394483171303 -101.06504717285533 -92.02908889339162 -85.19011440280634 -76.57225509391688 -71.34910958709763 -63.27032717220466 -54.36519166485934 -49.404186839028775 -42.864755974266 -36.68094533615597 -27.460564778787806 -22.006663289327623 -15.881764992497867 -8.233241753076628 -1.9145275252236458 5.5483066359399595 12.97694038603631 20.677629905161997 24.69583865516583 34.19233268827673 40.450478843830425 45.3448741007675 53.8607253129454 60.99469120794709 69.36464077905747 76.09472182696567 81.31159319082545 88.3358329298864 96.12668706843934 102.80728256431672 111.18263240396527 113.58658774438257 124.84753785204974 131.49288411585843 139.37005141777016 148.38397548801726 157.40751779066437 191.1704259374225 -280.4438377408275 -247.58115436990278 -238.97633556097358 -230.44967375492024 -223.76636801430067 -213.0546457690698 -205.3582809046557 -199.36396506068533 -191.48253201947014 -184.87995846687608 -177.6459959567391 -168.7178877129848 -162.67024410886413 -157.1644992775164 -149.79893252785888 -141.59541316571472 -139.77199407258655 -128.88418022966653 -120.17826657242776 -114.49595037824213 -108.4904014447634 -100.90395967926547 -92.71765377859161 -88.09648407211276 -81.90704993034193 -72.83817992891626 -67.71467038846812 -59.58959851795916 -51.525720923261346 -43.97057930119989 -37.20400921322183 -31.829636178576045 -23.557196942466103 -16.69420120462418 -11.340755562137987 -3.6144546113226617 3.0038823545481934 11.168007484576833 17.31209454018317 22.882206296085528 30.11928732316229 37.67127302698533 43.764171351872314 52.127460688276436 60.745737440427014 64.95347243397299 72.56398344860177 79.79566244547536 86.94119854830781 93.33978893497115 100.76264655520075 108.24878872340354 113.62345617673257 123.1335687569378 130.33890766683237 138.16761793152966 146.94524973249614 155.78700901615105 189.2134875219886 -282.1914784081895 -249.3475399500295 -240.7741311520705 -232.245100297595 -226.0020055019575 -214.28689082553913 -206.23465686754736 -200.37294378428015 -193.53702361632193 -186.84115165110558 -179.6870197919167 -171.53214634234936 -164.96471422349887 -158.06629236131224 -150.4301367939032 -145.39695801023382 -137.93973233402755 -130.89175842894946 -122.95150843761684 -117.13312075199607 -109.40728818384947 -104.26590475365398 -94.80886695689392 -88.10169899878926 -81.85319563802537 -75.12357706781874 -68.8090906136374 -61.149117848512944 -54.49774980021845 -50.46761934748086 -38.55129957682137 -33.733923080836206 -26.417560380923955 -18.54953871699327 -12.83346403139065 -3.8554602297049474 2.277488473379362 8.623018545822976 16.84449463672891 21.95651756564932 27.243730981383614 34.2198750723802 43.11264507103631 49.92072835930477 56.222317956747546 63.4274915389506 73.74817927060569 78.21196059442698 83.89206097928331 92.32316882591014 98.42876342991107 103.9806835409481 113.59924228297832 122.98216544202937 129.5385042860991 137.10017248593294 145.58242408124056 154.2317649714203 187.30186569461617 -283.8921589477129 -250.91868495993256 -242.17794141140376 -233.42860619086062 -226.79809287015377 -217.3050624618905 -208.15628728039076 -202.31937507962354 -194.53121890401013 -189.59393447229422 -182.56383916688065 -173.3315020434035 -167.87021443948174 -161.43950454459016 -156.4226409829864 -149.50271558893036 -138.78012012176137 -133.7042667863963 -126.39371948241369 -120.50570353931204 -110.64240470847265 -106.00388151155464 -95.9196799589545 -91.09362532458738 -83.94142700382694 -76.40136371469619 -68.95011929838027 -61.21812018197111 -54.85951993626108 -49.87798884758975 -39.97105201650063 -35.68886285138589 -29.636725174044827 -21.68076236091252 -15.035692336618533 -5.0568904710906 0.4130536957726689 2.7225438572639917 11.884195320669107 20.80918116775713 26.40579078544729 33.10218987629662 41.4676067199607 48.24543051606339 54.175929867545484 62.59130162801491 69.80513287034351 75.30869624565548 83.13840807298344 87.07376768499402 96.5263780893274 102.9413949756821 111.63970653019773 122.65985783437672 128.63034128647308 135.83296498917866 144.07876607668376 152.58514718694613 185.3764844947254 -285.5649011766239 -252.42231231675464 -243.5800898204052 -234.80433950506583 -226.52945835451996 -221.04559368871128 -216.41580432863157 -205.7129187770557 -194.6755685996786 -191.41325371288323 -183.95026655408262 -178.03508775223187 -171.470974864464 -163.29052125219894 -157.28756511003536 -152.47120591527909 -142.34192005946366 -135.9482160998686 -128.10765697018408 -119.69253647679565 -113.72358733272095 -108.12810502518575 -101.23319095896834 -96.0563337658738 -87.23790883046941 -79.66983876019185 -73.8040137361395 -63.94681093667449 -59.32194214770465 -51.14521900170703 -44.88237968770981 -37.534678168469256 -31.955765206640386 -23.34640386717974 -16.57897623603944 -10.767437473522886 -3.490927561517221 -0.04328115414996176 7.67283450501771 16.632572600287144 22.301170395746702 31.515265387783195 38.3057729729571 42.534779662973165 49.463915149705244 58.525222040956464 65.74437939881878 74.20902675321018 81.99535896161305 86.71028462232849 93.79098818304129 99.92730472546577 110.99482092981425 120.1586513065748 127.03885444264864 134.0812022476835 142.23679082025816 150.69572829218205 183.37687166359805 -287.2287269121499 -253.98629767691548 -245.13233466678943 -236.31789697591938 -227.17243523066796 -217.64919284906253 -214.26451564374833 -208.3167685187949 -203.0174698723611 -194.97331923998814 -184.62657191549573 -178.55636122407165 -172.36032285939328 -165.19304455444032 -155.86777431067452 -149.43942974740244 -145.39593242050123 -137.39568442541375 -128.41366834839064 -122.85402019004975 -115.12112404111012 -109.73018616388649 -101.00679924677696 -95.37308572263805 -89.35009364071739 -80.69156397806886 -75.72153616976613 -67.45067849338552 -61.13507486163784 -52.671395644631716 -46.75609756831214 -39.264167563682655 -32.99585038727654 -25.024853866006953 -19.202386136230615 -12.46740133019813 -4.135986858854827 2.3898378473825916 9.527148287257534 15.094854539263473 22.46559031748385 29.93258176084378 35.75327685150621 41.95724855507164 48.706984597322446 56.92170899612176 65.42994017156326 70.44345427746075 77.86231011680815 83.50163083637374 92.03761734436048 99.57758384327097 107.52692889998134 116.45592343409615 124.31143647001218 131.5600910678645 139.85901341339527 148.4120809165816 181.24255494251392 -288.9187810609494 -255.6347543067137 -246.86239825572528 -238.26327476283723 -231.9193894709013 -220.77229413013558 -214.8474354537657 -209.84802769806655 -203.49446094487809 -194.9144589418978 -188.90623748426782 -181.7082996803586 -174.4641987324295 -167.20999955232415 -158.3550747312623 -152.81541354707494 -149.45252075388595 -140.75317362795005 -132.26323806310066 -126.76910517868112 -118.04485547562335 -111.9423431109206 -104.49686010783317 -98.13987361062445 -91.61536568262743 -82.56502872017012 -76.65074728745253 -70.79098533757886 -61.825920963998286 -56.1102744503924 -49.710694543543745 -41.46982271536348 -34.99967954924226 -29.055735348591462 -22.36116554150968 -15.18593098241579 -6.77411200434748 -1.5590313623097842 5.992650241877021 12.980131252204545 21.40732933089305 27.887794819353 34.4499444241737 41.061237430653435 46.522714578151984 52.93877860673171 60.40432656018069 67.7276338398851 75.88906762630087 78.43129313213409 87.32556086159605 96.83745003299241 103.56214755187145 113.13664700061102 121.03058259425462 128.591836810881 137.14277771036575 145.8779859044242 179.03094357112943 -290.670208529683 -257.39186795914145 -248.776877351681 -240.53497531068143 -235.22447728471982 -227.26542601231984 -219.204313966907 -210.84732563688655 -203.18881600295342 -197.0168180873177 -190.8849500157283 -183.79210661015827 -176.56321367558743 -168.33934118630376 -163.9687019260834 -157.79084655392055 -148.48194474244687 -141.4102599420418 -135.26796684864723 -128.54520816579858 -120.3570641643881 -113.12596915311153 -106.37096593097877 -99.32327362925187 -93.12612145125448 -87.50086812129089 -80.02430548676534 -72.73136272908175 -63.370338948395506 -59.444354177519855 -53.60813839079888 -44.34672921182378 -36.46182244291401 -29.741632101073147 -22.733752600905305 -16.462977606564348 -9.23093860303839 -1.3374454905645257 4.550458396012703 11.510375027380048 19.306953312598907 25.50181571646801 32.22617862511408 38.54488117387688 45.4935162168247 51.45446311697319 58.478750929826425 68.38022372321358 76.78172107936248 80.1457503595093 88.44589048279883 96.51474394379801 101.67066507063605 109.93195420651129 117.75768785066028 125.49864483789183 134.28542756544005 143.23722409998985 176.79944678909936 -292.5288194637457 -259.2519958698035 -250.74395107396987 -242.72967885298482 -235.55466679228564 -225.8426257672619 -221.61374164428528 -215.89379471433017 -206.59559841536648 -199.1375464226713 -192.78471912952364 -185.82576744662185 -179.58199527108076 -172.26952361880504 -165.64367057871542 -157.5999695031621 -148.99569716712446 -143.98791786324068 -136.0979039272045 -128.95205633109137 -122.1640804198288 -115.29855100834908 -108.89566811519403 -101.62001895243623 -94.68691942965016 -88.29477340605871 -81.85127479105125 -75.61829736828574 -67.50418583640304 -59.98609253235002 -53.132367211637465 -47.216224557264184 -39.96385745187016 -33.10937944438468 -24.47976286748227 -16.800808480528904 -11.533667107547696 -5.301092100312925 2.2237538813709077 9.496611189133487 16.80132985517979 23.315334076921125 30.38961189806668 35.93446693556381 44.63887355434776 50.98910674579107 57.4692812296398 64.65657049600854 71.83297570414193 78.16075744653328 84.84528447894989 91.82759430195748 99.56235599955122 106.76296122888408 114.5818708324908 122.43816612620495 131.44608882662024 140.6232291749061 174.60824632746133 -294.54042400853297 -261.20829751668464 -252.59398933674092 -244.50522070848191 -237.61953887099855 -230.46434697780114 -225.742468746535 -215.65376017810848 -207.27316707230918 -201.57232120851523 -193.80439358644313 -186.77209875809143 -182.53794697061974 -175.36442265128815 -166.31176209410884 -159.30026427295124 -153.4325566657901 -147.22615771864045 -139.6050861102211 -131.407403403508 -124.91580298633049 -117.42538530387463 -112.11338450976682 -103.56771709886604 -98.80434068670665 -91.08056079009538 -82.45598653450054 -76.75167757842856 -69.04844748258134 -61.803055343256624 -55.81583354519368 -47.462697042637934 -41.69527557385402 -34.99258708372581 -28.427717782331435 -18.90435375486712 -14.062470840036376 -6.646037395944943 1.3201169117425364 7.63753284827003 13.593942788149215 19.976295422385988 29.453423744410927 34.68068971545289 41.04867600247725 48.261852524186494 54.60367994489015 61.32243863358298 69.31267222503199 76.27531495630285 81.30692586143937 87.80398491706842 98.08657229121387 103.96539509817924 111.61385118507232 119.56805165313243 128.7838873419074 138.16943480080127 172.51752391725154 -296.6563869877713 -263.27777379337635 -254.50335924519064 -246.19184637229546 -239.30588013542618 -232.41556332961045 -225.33097682913177 -218.60361917662357 -210.59422973813827 -205.0288843316885 -197.29748122596746 -190.0735947139347 -184.88777878697903 -175.83537302674705 -167.39294742500778 -160.6728934495196 -153.55870323772402 -148.56204347822123 -140.39704090333672 -133.93921680640048 -129.1773304304382 -118.96055048648229 -117.38097996266177 -104.53339282635578 -101.16793847693103 -93.11582394584225 -84.90634369077033 -78.48444443935507 -70.23068893366583 -65.48078674723628 -59.08051836177361 -50.99594024960978 -43.33803678209192 -36.70872437460661 -31.12819659048904 -23.20656579343552 -14.901963379530285 -7.052621131829592 -1.6545863516390273 4.866998048628619 11.670450391648256 19.02717439778665 26.49046850310351 32.800088139222986 39.85501411142237 46.61595802690028 53.34056723617638 60.52001050798702 66.28295527601269 74.67022796228979 80.78879976108504 87.67701225000384 95.76568329036158 101.28330130414813 108.96462280475035 116.98380389224876 126.36257287917283 135.89899047015868 170.5105475474047 -298.8280732251871 -265.4772380999802 -256.6685877745553 -248.24870341838923 -240.97355408024563 -233.76817439638853 -227.17150865959744 -220.7142717863654 -213.22876444520438 -207.4485846652789 -201.93628187946283 -193.1098561802916 -186.21261512354602 -176.73616182487146 -170.96169007276708 -165.48306169785448 -157.0691397170799 -152.92224661146483 -143.32742447570533 -136.42374958061703 -130.36618737612176 -120.90136707658318 -115.65431334201202 -106.5264678380842 -101.19444592402878 -93.11273527947773 -87.40978059883312 -81.42564491371198 -75.41709478746658 -64.69823916099216 -59.30596943967032 -53.162719674340416 -45.67910733586404 -41.230301126363564 -32.892857919742724 -24.935351929029117 -17.094442268108075 -11.266935574857964 -4.359936196862582 2.2122619441748985 9.023599585371317 16.52905414291269 21.917919325142343 28.479606691045756 36.56672078656855 43.92923239695933 50.66657699828387 59.04903489220037 63.43215714806158 71.03509327696275 78.2529381538484 85.17472272971155 91.72832187193433 98.55217037907639 106.6087658304943 114.78092529032216 124.24589520628813 133.83504567546092 168.57058520685453 -301.0122941935292 -267.7767839010794 -258.9996751974149 -250.53733907843258 -243.17856026121146 -235.76151200955425 -228.40225575773655 -221.82344737561317 -217.64067476212335 -207.88154491809752 -200.63294574254348 -194.09655697254772 -189.19712011061367 -181.80358831832487 -173.55771779066444 -166.0839223720929 -159.24884196208293 -150.73898923196208 -143.66017561358532 -138.79035981339632 -130.63969280988124 -124.80558081467949 -117.17865889203428 -110.01874966352878 -103.58550024581227 -95.35942144035089 -88.55751714197619 -82.18550145082875 -75.43591863952527 -68.65519553685198 -61.255108896550674 -55.76121550217508 -46.63184891581227 -41.969947221440556 -33.600923701645144 -25.62824317999494 -19.12733720608591 -13.600455960807876 -6.7184694326782495 2.7418788663091362 9.8960501339759 15.976493580575237 19.452586249901024 29.0692663548928 34.627945894653045 43.50078229671216 49.186056695256546 56.515468207074996 63.336176990324326 73.14784905010038 75.75446240178277 81.36324690597262 88.92812815625044 96.44853573995692 104.8496242562094 113.10418947653457 122.49955914219314 132.00127901523902 166.68076274700368 -303.1658613655451 -270.145933058374 -261.4827148568199 -253.10625247287743 -245.7783788307231 -238.20652518873268 -231.36879987126466 -222.35747046656664 -216.185371159374 -212.62614185887597 -205.53925058042498 -194.7091775674541 -190.98752905231137 -183.56443218387903 -175.74802820437893 -169.0986971973771 -162.11756321812214 -154.94260223989053 -146.80073747690446 -139.73430538536917 -133.56833797785117 -128.7965275077438 -119.10106501041186 -114.26142468081936 -109.25884682395164 -99.87347252959592 -91.69070782731089 -85.25288369325003 -76.25128674479409 -72.81832886270413 -63.6773387762163 -56.78773174128599 -49.623769140593964 -44.36601359924032 -36.015520323849366 -29.31506713532268 -21.836937873965663 -13.882138268501143 -8.005139375228742 -2.3550463908589143 1.3437938167549959 13.511110430150556 19.1531798528025 27.63496104777773 31.56143184242895 40.220820235968525 46.496006234442355 55.01154037302942 62.19100956960107 68.35143588136053 71.16740770300363 79.82932960318394 87.37952123637127 95.53944552641988 104.04592917221996 112.0983701862014 121.1892695058286 130.42136908802252 164.82420601925418 -305.29235352944005 -272.5513067209126 -264.0707886185728 -255.862199768111 -248.58077913589116 -240.95287145556392 -233.84578881131517 -226.10413149918296 -218.60411895676688 -212.6331910308354 -205.43355064349996 -197.34152774032512 -192.28482418984134 -182.8805791453609 -177.88923933984776 -170.8831296458582 -162.88220385967327 -159.04149148801636 -149.77738974745188 -142.85103907394824 -136.91116536324907 -129.60246660448303 -121.99555224850653 -116.59729595356426 -107.59732802425938 -100.58167157612729 -93.58453307017402 -90.40580170227322 -79.75339130019509 -74.5816107016515 -66.60334008273249 -58.91060375472139 -50.90249285921014 -45.754167524758856 -35.87567192054204 -30.532599790324618 -26.23063322934962 -15.72937362179777 -9.35315782843506 -1.3333845840691283 3.1123386212130666 9.626686451622941 17.015226879991904 24.125380175632742 33.72390209077455 40.22349861108122 43.73068721738922 53.41636476858321 60.34307576549802 66.34802465625619 69.42714811114142 78.25037833377411 86.65147649134231 95.3736406682656 103.77164914069903 111.4778461131099 120.12884349672699 128.98985841368642 162.9906249849846 -307.39534947341895 -274.9592099264327 -266.7072352520533 -258.72635162978736 -251.56209578823757 -244.03389983484107 -236.4877754122384 -228.04894978348528 -222.28902026871782 -215.62960384205056 -207.2619618015784 -202.00289895139662 -196.30986695527992 -186.99395692992815 -179.74317043898475 -173.14100522843327 -165.73385303730527 -158.92812646743403 -151.84988986071488 -145.92783946802214 -138.98469332681412 -131.0298545081579 -124.33624958860338 -117.60207379565115 -111.18654976150052 -103.09990317382994 -97.21813831069285 -85.31154244382807 -84.80794656367867 -75.66177308568797 -68.63788308157407 -62.177784700574435 -53.73384149144695 -47.10807155560615 -41.70068930328575 -32.39047587514033 -27.217695777809546 -17.246556909186527 -14.633304140391687 -7.6851534388339315 3.4379251311745542 8.44785895628804 13.837906785951242 22.816482029419248 35.47534561720347 38.29632395940127 40.40593283716378 48.5222877852672 57.12564370401499 64.56152437376875 72.43630064244046 79.16892202409659 87.39559494744725 95.72968946291032 103.65068612921723 110.95699573410117 119.13209831441826 127.60128951210167 161.16972960557118 -309.4801769274659 -277.3433854080361 -269.3157165889052 -261.5943709742769 -254.6771003182299 -247.27955412322225 -239.82752590585875 -231.6538777658268 -223.54474528952798 -217.30029937389375 -208.6899491562185 -200.13846811754655 -195.90426270987248 -191.50813369285208 -182.05122018556602 -174.70072640206914 -166.8255814398026 -161.0356915848534 -154.39760705090683 -147.23429020645563 -141.44621688721122 -133.36234705561012 -127.3111716319604 -119.06833034102117 -111.76751177810051 -105.0697190011797 -97.93459862860121 -89.9396240688013 -84.45646371386891 -75.19756997051988 -70.56618143819365 -64.37175943361048 -57.09325173679405 -49.18565739457853 -41.855740717000316 -35.38582025480563 -27.610079750910835 -21.547562640642788 -14.30587403005334 -10.85639440693262 -0.48196968189903555 5.481045273699905 13.74512776881202 21.735579385193375 29.062640991457837 33.53018086457083 35.12620494554718 49.731313786711354 54.08198042816889 61.1286913748127 73.48737815840077 79.8075838213257 87.75433325759565 95.633305181501 103.28066816430056 110.2505930090263 118.0134687114844 126.15036924274666 159.35118073929678 -311.55216362158353 -279.677738094648 -271.8351883220583 -264.3401033299646 -257.62407499692495 -250.42954013686546 -243.2495593701642 -236.16029846499896 -228.4140971093175 -219.5005126684953 -213.103768842267 -206.15262298058548 -196.03398207450905 -192.82665108248415 -183.55851975530047 -177.69609198065018 -169.77050480984104 -163.55763345524156 -156.44484602220595 -149.4406546557713 -143.80750533510195 -135.35570791126256 -128.17953269870304 -122.8529111186404 -114.85740495043142 -108.65520181076296 -97.89838528648048 -93.77760900362871 -88.2933874138838 -78.28204250276028 -72.22083192888002 -66.66284344254089 -58.70502529485808 -49.60733581212833 -45.04970021256827 -40.36212064657989 -31.161489270261942 -24.062693519275523 -15.307940400124798 -4.840051651920674 -2.094176213114197 -0.2361120433546186 11.452299729367677 15.985288071619394 23.474650578049005 30.008578449793504 33.798343994213475 45.535189056620105 49.700753161059325 62.447570387229895 72.19101162025507 79.21862340345349 87.14656208820567 94.909293621941 102.35058637185587 109.07341201162647 116.58738944046863 124.53180446506114 157.5246392444047 -313.603852391918 -281.9441914938481 -274.23589109337917 -266.91636891940436 -260.3973775875076 -253.38545461304514 -246.32867504754182 -239.2691683756553 -232.1287708011548 -220.51040397627784 -214.14192466300307 -208.27768513951054 -199.496871512802 -194.95522597674855 -187.1125141927676 -180.19864528335188 -171.53897673730862 -165.2393205048384 -159.0023923101185 -151.5032155651174 -144.12015013694966 -136.55183584591774 -129.75094734283283 -123.20171854122988 -116.87414170282695 -109.78590639740754 -102.25969416716094 -97.33223712141368 -91.00591912147732 -81.6729242442535 -74.55638861688001 -67.02880188245935 -60.93438830884495 -54.86009010413889 -47.77706791217303 -39.201843544148346 -34.23955176400144 -26.5093210864331 -20.070671501517335 -10.365805207556097 -5.595432310722275 0.38832462371653764 8.678137266561002 15.11073214048332 24.890581290904173 29.709111855452175 38.130020311955555 42.493463416793404 49.55962805999878 62.63776528031493 69.80302880694688 78.11734122320118 86.20183945742815 93.62646666414744 100.90456294379608 107.49960158414781 114.90049528647033 122.76751772397643 155.6837037300576 -315.62778607482835 -284.12484066057556 -276.5078131541117 -269.30311120722916 -262.8836081528341 -255.9498022921195 -248.83654455889453 -241.4493715857791 -233.5789964134449 -224.57172733545892 -216.96132154883605 -208.97314433495663 -202.66094042472176 -196.70245086684486 -187.86778978751005 -181.2593842659606 -176.759604316051 -167.85650475652147 -160.58255493518442 -154.36073589202238 -147.5293972132852 -139.33364262648587 -132.84212110020684 -125.40887978907371 -119.06112083949965 -110.65866655084969 -103.95625536351075 -99.98889273871876 -92.64820976344056 -83.272754406466 -78.56272905198509 -71.16480143314453 -62.307388653910586 -55.860723205878514 -49.074384569150546 -40.75238004393858 -34.17737636411821 -27.418286704281996 -22.190494972485233 -14.28206407427768 -7.56317119396713 -1.1300429414826787 7.750093900305704 15.144771615931464 19.269169404579028 27.131283116292057 33.65767363425433 41.81290468066688 47.784807686105644 59.90065197165605 68.05478074156724 76.78518195285241 84.49232772638781 91.78723888796813 99.04894886301726 105.60330779741436 112.99942103405066 120.87943156388057 153.8219728048596 -317.6162182954365 -286.1997407317757 -278.6333164357721 -271.54603645916836 -265.11010047956705 -258.17247700424093 -251.02733627075725 -243.5704214862963 -235.91664498077813 -228.37091436297572 -219.890752024031 -211.718395543777 -205.4258343341688 -199.45710888466544 -192.3181260955429 -181.7945838632846 -179.50903407024904 -169.70293548596698 -162.10174216576263 -154.47217511287568 -149.90169302268478 -141.33638601233997 -135.80394406593533 -129.40782869965363 -120.05110108728579 -114.01291342873438 -104.9686557135029 -100.02108059576217 -95.1438939899148 -86.33115605349539 -79.76689454735522 -71.01674756143287 -65.34934386292876 -56.38642232823208 -50.644452704933975 -45.97725029995185 -36.56742391952136 -29.893776556557256 -22.419025287117062 -16.360093263992983 -10.06481258827101 -2.3463129748568963 2.742614956477331 8.822548228771403 17.501102075763054 26.14211442268842 30.486941375478324 39.37050505971389 48.04053618850055 57.72363375820479 66.57837926579607 75.08640933286209 82.55187782811193 89.51731183592845 96.83594508606284 103.45813293082271 110.93020981596689 118.88926851204278 151.93302804370404 -319.56140268180405 -288.14856897731204 -280.53345740326 -273.38574227448515 -266.95521324297306 -259.98963138025357 -252.82442066945774 -245.34880675375814 -237.69437677609187 -230.36700189836395 -222.65304374407538 -213.5748020488364 -206.58902036010866 -200.42502934975604 -194.80857791721633 -186.56656272801686 -179.39463714457645 -171.6398903848325 -164.4098098911243 -157.29355695850694 -151.8817138667449 -144.31412581503133 -137.2244731535476 -131.1047099855214 -123.38398773576814 -117.91749177643122 -108.44957177674219 -101.77837876331502 -95.08463228061903 -88.16007611511277 -82.31743414162729 -73.69858339303168 -67.24632857238224 -63.65901994778534 -52.7982833713911 -46.39533123578122 -38.43985997919958 -33.33458506362721 -25.545223365880606 -19.601032058348164 -11.608670234871683 -5.202799017830463 3.0594895718509534 9.789472116394618 15.64092458952999 20.53039511777427 28.93876097304208 39.32600655448424 48.102631724555415 56.59498674326656 64.91663986393638 73.00634081249395 80.3459846893551 87.12136665955592 94.44186280478847 101.13770268765072 108.7389047574842 116.81875108817084 150.0104510136976 -321.46605608181255 -290.0056423193131 -282.29754108248665 -274.9895119718096 -268.50003821482056 -261.5332997018362 -254.29076192739552 -246.9012909422165 -239.62780491382904 -231.5609731748869 -223.51082260405946 -216.1232072489834 -208.5451284871282 -200.8533430908406 -195.9052861442438 -188.04891068288515 -179.31485777221474 -174.1742232110205 -168.00709033663838 -160.17191635082222 -153.37940013226722 -145.75672677526677 -139.5771452992965 -131.3530838612902 -124.99920907859712 -119.30707046171855 -112.47009828775325 -106.46966719211785 -98.29614060124717 -88.54408389789825 -84.16894082291219 -77.54736581152818 -70.07578122558994 -62.919345928054994 -55.32058523088263 -49.088447391553785 -41.108788042619885 -34.872309772811526 -28.472633514635717 -20.73325694035078 -14.251890055875906 -7.640903129337381 -0.2121047770776018 7.847241997166588 14.09300156438261 18.842503146589404 30.664461498745954 39.3773948993302 47.397513844054444 55.28457735795563 63.07080709920494 70.78192416820953 77.78959700236781 84.74811510554477 91.9625054849567 98.70528910573805 106.464990386596 114.686043001633 148.04676742065638 -323.33289538424543 -291.8051859539312 -283.9966077725298 -276.55402211402645 -269.87460851907656 -262.87731693398473 -255.6186170280346 -248.45398214045403 -241.37290493810346 -232.95933354091804 -225.22697720379887 -218.33675925404492 -210.34506814317626 -201.96921554645698 -198.98051659223017 -191.47220270668245 -183.84228099715622 -176.31332398908887 -168.0238390142379 -161.50513761252265 -155.94483524577154 -147.55803057896824 -141.75221134206035 -134.2036703363314 -128.35525921943383 -120.50831285176508 -112.48829805686907 -108.28453497284696 -97.41860498178329 -89.37207779445619 -84.13406507762409 -78.0807993475933 -70.49203604518682 -63.56319126631252 -58.00484532946027 -50.2014991389582 -42.09309130472275 -37.29202160692154 -29.70130190609192 -23.044490428780755 -17.191162604959644 -8.39247686866747 -3.3307474259631844 3.9116758235626468 10.96830819343717 19.824021027138073 30.7966619905754 37.799925198884225 45.77855886726032 53.41649751713048 61.049685869082786 68.37467966659844 75.15883330500388 82.15498150301363 89.35505054378201 96.22410026672114 104.14795112695455 112.50930785648455 146.03450286194152 -325.1648758820839 -293.58227553371904 -285.6810586918589 -278.11729831842536 -271.2793681195424 -264.236826071591 -257.0621808980546 -249.75787859661725 -242.4177881851616 -234.7640148905852 -227.06413721177606 -220.2906481894045 -214.08541262568068 -206.23366482289777 -198.57830860686195 -192.16837824049495 -184.07410696670195 -178.18252864921485 -171.1239275703955 -164.6923870769503 -158.10296083957465 -151.07373153095577 -143.34161829615906 -135.9660931181745 -129.31835879003816 -123.30065962536543 -116.88174814558786 -110.03162028000274 -99.09542474839711 -97.54570430671495 -87.94184125713221 -81.02402599157126 -74.22647994172911 -65.38880398641119 -60.1567712938773 -54.48714121787323 -45.34430183276145 -38.132509219891865 -31.29363542231503 -24.080920208541123 -16.79395034100277 -11.345640257886773 -4.284049187147276 1.767290564772569 10.878176295192599 17.421618787776367 27.971847534925352 35.841930542443805 43.615488567820044 51.22959936514424 58.71542869876299 65.93900859970506 72.76011229268501 79.46051835374182 86.7394993018284 93.76139693901604 101.82890620035694 110.30659818618985 143.96523018947374 -326.9649534379551 -295.37198753265034 -287.408661998038 -279.7366690691449 -272.8418571491819 -265.71578297069834 -258.64756242022594 -251.27337693552377 -243.7795339569546 -236.41723292650616 -229.41568173371712 -222.64595876881006 -216.17458689161398 -210.41930788227876 -200.73358877408117 -193.36679540387243 -187.78441219768206 -179.77348955196615 -172.3083565154315 -166.70976118029424 -160.49626797240555 -152.42569898358332 -146.8761182854905 -139.05177859184107 -131.9340325877456 -126.17876657012783 -118.89582023693116 -110.50823756761868 -102.38710897375034 -98.86512368437663 -89.35564898881192 -82.60342072644548 -75.89526549264737 -68.15857679075867 -62.36024327167831 -54.87115308119608 -47.4044749888417 -39.30154787686808 -33.86338328851323 -27.790752535815862 -19.654140763493807 -12.540396756812756 -7.988990588180263 -0.2586250714434667 9.683856020481459 16.65364868309458 24.920411754358945 33.03923098650124 40.84082078777816 48.433292733918215 55.91158319386746 63.165687230270734 70.04047306881812 76.91433574063868 84.26254868921909 91.38447800056097 99.54897337532101 108.0959650573904 141.8305207445842 -328.7446381133088 -297.1788204601126 -289.1882624079809 -281.48115946761504 -274.6126389896575 -267.41769962500115 -260.2789774331223 -253.01725866320163 -245.51678902354143 -238.258698259607 -231.52666351911085 -224.9906837899802 -218.57351711450926 -212.38416917473245 -204.54545907807758 -196.76985403870773 -190.0987270371646 -182.53227792005293 -177.3041225965798 -169.2058816546861 -160.8789815476588 -157.1990942008257 -147.48564505749525 -142.26167092263168 -134.7316444329225 -126.9270789985126 -118.55148229939459 -112.25244982467262 -104.8080261279413 -99.06787697335103 -92.58288754566401 -86.26790381532139 -77.01281986203608 -70.34475606541696 -63.93087192657242 -57.28294429113119 -51.180753513834134 -43.787208384180765 -37.2464843143195 -29.76551697749517 -21.819765986661977 -16.395397743066994 -9.002887425013736 -0.1930091839908658 6.305915205835343 13.636013010313803 21.955906561630783 29.860755014426786 37.58921198715415 45.25512283073701 52.85690728868948 60.27276795346969 67.38231386591308 74.51618299427035 81.85133342816194 89.02231027010025 97.24590983693406 105.82586792293647 139.5902520914329 -330.5154479036989 -299.0072747901361 -291.0145652392102 -283.30243718581295 -276.45298908074074 -269.2193184517533 -262.0452504964279 -254.71943260868113 -247.32996105841048 -240.24859282764228 -233.62999057760135 -227.2397965977081 -220.87925533348275 -214.27551003080654 -207.2468968520083 -200.72931258466758 -192.8967752846187 -184.70360994136985 -178.72034951679163 -171.83786982746437 -163.14195118265926 -159.40048013671856 -149.28238969473546 -142.79167341988656 -135.59027968478642 -128.48767132269137 -122.93920210107854 -117.44179323438276 -106.24442358869462 -99.85755506358268 -93.7618259914348 -86.9479887596351 -80.14949882463874 -74.29731692645387 -66.704193926938 -59.26405052919622 -53.382440411074114 -44.915022734820035 -39.05775987310884 -32.54174798067759 -23.773705001030926 -18.626824252584953 -9.565734070646425 -2.7858328847867946 3.5401188461528346 11.149752441040167 18.952769684952486 26.62124549998322 34.23932566445159 41.92364968721295 49.63872924668801 57.210546352883824 64.54235357684287 71.85042329532975 79.35787687316754 86.60356598646409 94.85745252871206 103.44474580546698 137.20428075437857 -332.29291660569623 -300.8648956523568 -292.8839883610385 -285.1782604197074 -278.30754690940205 -271.0412921577928 -263.8990718219312 -256.6622773693927 -249.34736362399076 -242.25360137869885 -235.62607145378095 -229.28658230311427 -223.00300329793413 -216.53191221872493 -209.44278171428422 -201.99880521616788 -194.20763889219424 -185.78003021247235 -178.96137622267764 -172.17725697316948 -166.4132312936085 -160.30309425400168 -152.64239490825412 -144.67986734329546 -138.079360597645 -130.59483458842226 -123.67538264569005 -119.4608000921642 -103.19789423825439 -103.68185260799412 -99.8420262661506 -88.89169796010822 -82.13810498161128 -74.13291346431734 -68.57628789605754 -59.80285404487927 -53.475912041647675 -49.285406351329634 -40.91667027934219 -34.94874414660665 -26.31173147944622 -19.008377825185306 -12.362646849996356 -5.647184948958848 1.3940385109457483 8.632027675715118 15.964007742541044 23.39661436097835 30.928872285758686 38.587260140571864 46.386482574642784 54.126687324025696 61.642057520098085 69.09885200533786 76.75026268554917 84.04728919851362 92.3112059065827 100.89063012297915 134.6216554586285 -334.0926885237068 -302.7593647412545 -294.7976674407419 -287.0982061971563 -280.24877020697375 -273.04344724200666 -265.81812349230535 -258.5470247604452 -251.2158470010023 -244.07726877041068 -237.40281639513051 -231.0761889647742 -224.90440453118353 -218.45689105728064 -211.47588363874587 -204.09654216577468 -196.46415247919086 -189.09226870793614 -182.0384348146428 -175.40190730455814 -168.9132319932573 -160.55675793290524 -153.17721875591832 -148.06860518137464 -140.81637908646874 -134.36925802675086 -128.45234203159254 -120.14447881019218 -110.45079623889454 -104.4695103900751 -98.05571104239847 -89.21156761110569 -85.49348355623492 -77.84475614901898 -72.01592790932487 -63.023228632077355 -55.070476105681614 -51.08897104843946 -43.23234250322464 -35.58394104846253 -28.898026101115576 -21.716846462760593 -14.889899603875353 -8.083348777246902 -1.129008632462037 5.94039787824794 13.10472050314838 20.382327668668186 27.791482763887526 35.38509762289984 43.215596395834645 51.06423133424921 58.71343399964343 66.26908130291922 73.95844755264734 81.2722519508137 89.5344924977572 98.10126773733121 131.79113188277645 -335.8726759237773 -304.64386702086404 -296.7077984119248 -288.97311948047434 -282.1119378107801 -275.01552589025476 -267.7497628951672 -260.4416393752058 -253.0628576715669 -245.9000432756805 -238.9960593745211 -232.65134470843861 -226.57190431270027 -220.14193506968473 -213.2485164735326 -206.04959859552105 -198.67531391130782 -191.4423400097226 -184.67169553204448 -177.94966686076936 -170.70287347180275 -163.94340395949973 -155.33381184947103 -149.7761672983064 -141.40970687841508 -134.29124329973078 -128.07086618512974 -122.08276360886134 -115.60375089860071 -107.52011818606765 -102.03833909240565 -91.9257727010572 -86.49667169849171 -80.39823245087129 -73.1973766769032 -65.72513330602432 -57.91960798720932 -51.85085203894472 -45.49935345203674 -38.49467331316749 -31.486712211918967 -24.493805962973333 -17.601338168562524 -10.706714696830403 -3.7318251245978353 3.299027671157134 10.366004203689258 17.521149925346688 24.817549959946696 32.34140079370957 40.160198374745946 48.039101705999286 55.7373942122015 63.34088916094969 71.06129538135148 78.38434277594179 86.63598043344034 95.1865909069946 128.82629822461817 -337.59233024753286 -306.4732671399502 -298.5641642150911 -290.8836996699416 -284.0544867805237 -276.88784158372755 -269.6575232693143 -262.3280324170278 -254.94856337664973 -247.69571240857124 -240.80294970180205 -234.4091173854835 -228.1509935137913 -221.70726639204264 -214.92521950270753 -207.9277034165614 -200.81796910737754 -193.78858246172163 -186.96362823858064 -180.09381496910947 -173.07480084395817 -166.17285001132507 -159.11430699334645 -151.56760250532852 -144.21897916851267 -137.07744788783134 -131.58530264910584 -124.89523856644693 -114.79848419566193 -108.35052193322196 -105.59697516785876 -96.42289919506602 -88.91328904011156 -81.69241588625712 -74.11176781828027 -67.97869942849994 -61.28069594295936 -54.75229129446466 -47.93946567313949 -41.01149107640467 -34.09703334912069 -27.188322297135223 -20.27863206997952 -13.29586627611185 -6.27898980257493 0.7395864067672698 7.741711766667215 14.804942691058294 22.00768466077081 29.45739990883074 37.24630253553455 45.127082543395886 52.85200472105936 60.46112407925156 68.17135966081558 75.48569076285969 83.72041108438613 92.25256853471201 125.83666106916397 -339.26124609296653 -308.2573041162395 -300.37842615511556 -292.76503890621615 -285.977472539129 -278.79054010067887 -271.6063125744638 -264.31146576533916 -256.90383936972086 -249.60295043896235 -242.7572192652976 -236.20233588785342 -229.78333028334038 -223.318273997772 -216.64160846774948 -209.81964521855213 -202.91774083932197 -196.0244105924434 -189.1946472743415 -182.34380948467523 -175.43374237877845 -168.45072848323323 -161.32263535794593 -154.06992627389783 -146.89882618710115 -139.79146229487182 -133.2386632180763 -126.21838213601792 -118.50814226205976 -111.48078401720738 -105.27219533853146 -98.76535867324198 -91.80332132595794 -84.60885049587492 -77.64482805666928 -70.8905719372843 -64.0994779890611 -57.29854285039941 -50.42846106442119 -43.590748107246455 -36.754229052778925 -29.855838684662334 -22.89004654322049 -15.872111491436218 -8.840035851102312 -1.8297482163719585 5.125708917228208 12.120733047035097 19.24978873093122 26.63133947705667 34.383770700472375 42.24848541867128 49.9868101533748 57.579993459925305 65.253480680694 72.54778843317418 80.7612414874 89.2729208939486 122.79560506950843 -340.9104560082904 -310.0293159623752 -302.1872147983881 -294.63628906986196 -287.86760179162127 -280.6826339755067 -273.5475057950365 -266.29728390329143 -258.9242491032628 -251.63109879170787 -244.7559366134618 -238.15095361700008 -231.68189005972854 -225.18812467311452 -218.56603663576038 -211.8478104014503 -205.06603754042868 -198.2568239885674 -191.4599130515671 -184.62500799359455 -177.75257069761471 -170.8527312843452 -163.81005671468273 -156.65691557169225 -149.5073936116638 -142.34144795136456 -135.2134505652219 -128.09286091113168 -120.96610189498055 -114.01946115716672 -107.51969829029754 -101.11482106844757 -94.29122620328582 -87.32450228022512 -80.46166466713493 -73.65564821871813 -66.80885001015204 -59.88033788705822 -53.051699211291805 -46.2452829006653 -39.42049934202212 -32.53342738244591 -25.562408238728672 -18.549414869088125 -11.532164642059643 -4.54882413138785 2.3632157080235783 9.306292758311542 16.38273432566225 23.716056091091076 31.431269330004184 39.26454966155064 46.96733616058115 54.5397677277859 62.202474613475225 69.48783754593806 77.67723596170488 86.16616583411046 119.61966534637487 -342.44097962325117 -311.6801346276986 -303.871458346166 -296.35008849861373 -289.6128120155748 -282.4609935147288 -275.4035247633213 -268.24543989330533 -260.8764055918186 -253.60539368004504 -246.71897933523434 -240.08290836462385 -233.60939550048727 -227.10045461676137 -220.50561708257993 -213.83965228316183 -207.11801631910527 -200.36019901868468 -193.58505276786596 -186.7797178728979 -179.9692534346391 -173.0838496915585 -166.09936454537709 -159.05875381523782 -152.01023538262245 -144.8685291720708 -137.6813313456873 -130.48393268806606 -123.3561418580076 -116.36867487508167 -109.66156154867501 -103.18266000081731 -96.58363573025726 -89.87805357998917 -83.09942318639186 -76.2864478913916 -69.38036567913284 -62.40090627283752 -55.59874675538603 -48.77884047791212 -41.940989294184725 -35.06452935319471 -28.110698774783888 -21.131851350872626 -14.148564630577262 -7.202026880071305 -0.3285036080901948 6.576056363412803 13.615680431829977 20.91452452936709 28.587532329085075 36.37393811564215 44.0574361741935 51.61819688782587 59.27683694976709 66.53228150113799 74.69631950006354 83.16227138218319 116.54526801920713 -344.0524286950803 -313.4293220068053 -305.6563979599594 -298.151063010992 -291.4670893476332 -284.3813275608154 -277.3824705452222 -270.3162340092311 -262.9990164234048 -255.76343757861233 -248.90183960754717 -242.2647871845651 -235.78357229761133 -229.28034013034625 -222.70613306315119 -216.0684306956466 -209.37981238566533 -202.65643089081948 -195.91460582112634 -189.16768140131987 -182.38202759697427 -175.5193258249313 -168.5953278152949 -161.63866359813656 -154.690367593366 -147.6264019305435 -140.47982186348565 -133.33099270493452 -126.21553091550216 -119.2437435012344 -112.50664288800768 -105.9446129112912 -99.37622197777404 -92.73771352387433 -85.96104991561943 -79.10827392736587 -72.22507388453694 -65.28038333369912 -58.532572664217604 -51.67795966098279 -44.80562491807313 -37.941880408883584 -31.020619698750778 -24.079039171906203 -17.142413753002266 -10.242652762470799 -3.409731591031797 3.458420346694291 10.463917309536047 17.73129897282469 25.38142200495885 33.147036833167064 40.77915770442756 48.309507216933824 55.935590173045206 63.15209493291712 71.28464580954237 79.72233498405262 113.01702736705235 -345.60933759599556 -315.1291789647631 -307.3959132921637 -299.93145827433864 -293.2929464887996 -286.26598807030047 -279.2980741779475 -272.23011810708635 -264.99386264374596 -257.8315901343471 -251.01757844500113 -244.42575243783398 -237.9466886595574 -231.47715173758135 -224.9260829960467 -218.30948100520732 -211.64422242120472 -204.94793446807103 -198.23840596306655 -191.51270958855355 -184.75696295470772 -177.96050884460166 -171.12103644478336 -164.23935694458513 -157.3209887927304 -150.33691242857668 -143.29213185355906 -136.23514900983486 -129.20737886656607 -122.28723143633492 -115.5501392299265 -108.91470279968242 -102.28710333097371 -95.61341554284476 -88.83855962471335 -81.99815802837723 -75.12933258463023 -68.25326242313172 -61.42415144677167 -54.59920803665256 -47.77117070716689 -40.92657422741876 -34.04177142642045 -27.14276900474966 -20.255606935960454 -13.404053596977898 -6.611869368672094 0.2201438463140059 7.191232011635945 14.424307791816796 22.042948095768562 29.777642610187844 37.36787792411192 44.86343968672641 52.44458509646331 59.62550478941997 67.72376928570458 76.13030098788423 109.32617349648393 -351.1350925328373 -321.2105748541692 -313.6301573130569 -306.3226353857098 -299.8342359714385 -292.9730803097172 -286.17117948206 -279.265036652368 -272.20781478753855 -265.23188794619733 -258.5781706141294 -252.134381943669 -245.78894426372864 -239.45143827336682 -233.03147877684984 -226.5465325123988 -220.01406931617586 -213.45276900856842 -206.88131163238728 -200.29468626517533 -193.6878819920872 -187.0552564384153 -180.3911599332649 -173.69536391321876 -166.96768147780554 -160.2082470888629 -153.41725140471192 -146.61650980539144 -139.82783322800253 -133.07717470285107 -126.3904872602437 -119.7399346632552 -113.09768067496037 -106.43846614129238 -99.73703190818401 -93.0079404074992 -86.26575407109523 -79.52449530696835 -72.79818652302457 -66.07924898891737 -59.36010397304435 -52.63245976740403 -45.888024646503084 -39.1452173542516 -32.4224563909269 -25.736306185916817 -19.103327775243173 -12.427291441752772 -5.611920204802612 1.4632473644519712 8.91933099034623 16.490996351798003 23.92207800110362 31.26246783463544 38.68976368057329 45.72930340400601 53.68513904194627 61.96112803049857 94.73542028089453 202.90353517787202 210.85752705250368 212.79833662571724 214.61525123115834 216.17750282137456 217.80944071339536 219.40319369432618 221.00328880360559 222.6232210428159 224.20162870933603 225.6749221004688 227.06608980585276 228.39796045191713 229.68661801433393 230.94813498393665 232.18472629901896 233.39860607330192 234.59115788145158 235.7637652389331 236.96439757912572 238.2410243311603 239.64489979689225 241.22727827787443 242.95666964473023 244.80158376806352 246.74923891927813 248.7868533697775 250.79991530496991 252.6739129102628 254.3083071631465 255.60255904110957 256.71899149338714 257.8199274692151 259.0718494047552 260.64123973617075 262.4665609336265 264.4862731364484 266.64857908324376 268.90178114727297 271.2006736275653 273.50003441988366 275.7516397811163 277.9072423377494 279.98202138867487 281.9911562641784 283.9500314843345 285.87403200648527 287.7693045973757 289.642002114154 291.5010819813655 293.355586451977 295.16879693042375 296.90517632866664 298.5668075186651 300.17222964934217 301.6336603869416 303.0925237677037 304.4203170448997 308.680970374768 166.6159589287157 174.76989386773718 176.7895411783461 178.70094017754164 180.36211249028435 182.10075937454968 183.80174449297408 185.51172865910843 187.24563538360263 188.9409529169357 190.53287705900624 192.03064782097908 193.44334133821647 194.77762905917908 196.04017066520677 197.2415483830674 198.39234359468546 199.5061595049363 200.59680028364338 201.74342946909275 203.02712916763505 204.50648267862474 206.24472505938067 208.22445266483575 210.3929624442506 212.6803794653569 215.01406950448836 217.30738199187874 219.47366249332458 221.2799708309124 222.49336355886388 223.369133712346 224.1626091910303 225.1500663141058 226.6072885138062 228.4205042320245 230.47038583694572 232.66128004769413 234.91964582748886 237.21641952972695 239.52881493148794 241.86038682107727 244.2071288487765 246.5384992134836 248.82395614679882 251.0332361778633 253.13600514062193 255.15327711033888 257.1059071949117 259.0165099925229 260.9079009901703 262.745701821259 264.49761709975706 266.1738423698273 267.7955537310813 269.27418435933674 270.7592825724533 272.12140554421853 276.55646902541883 157.3529484946865 165.5700899159146 167.61450968544727 169.55504413870722 171.2456267697001 173.01740732991925 174.7459743431029 176.48104504654077 178.24335622341465 179.96921047447262 181.59270926380384 183.1166655648962 184.54261940641368 185.87977317321645 187.13710888511287 188.3257308906317 189.45674329288235 190.5526635560193 191.64026829736105 192.78913536608005 194.10857803882948 195.60651192429168 197.31929384937763 199.3627338061976 201.62568793971633 203.96561120908137 206.1927270710987 208.44255819394212 210.75688844933848 212.7747525286131 214.14838401977437 215.1286177315514 215.97430015109654 216.9835743864977 218.42045796953 220.19946688060034 222.16328998852504 224.2143360475271 226.31449216985183 228.41584201417933 230.53032378025426 232.74543892420567 235.12617255499046 237.59133085269963 240.0597031702615 242.45034778229137 244.67990400522356 246.78494361436353 248.7967873592805 250.74213631193143 252.64907191019915 254.48555578448858 256.22559893626874 257.91495278708953 259.5373808529017 261.0149592965821 262.50130491802224 263.8672781720282 268.3316509657674 148.4255563774591 156.71114752847262 158.78509280306073 160.76774115272258 162.47932684914682 164.2819432418424 166.01599773531157 167.7697465118866 169.5546198729176 171.30256054697747 172.9532247505232 174.50962990875564 175.95202449388503 177.27859201086412 178.55651401802712 179.76229864100222 180.89455909135134 181.99766472574072 183.10602132183539 184.3229706873545 185.79650470673147 187.41990097225104 189.1296217163303 191.10756124777538 193.3258074095273 195.39773257282573 196.71691179484725 199.09741951740477 201.57444451236861 203.82438990070963 205.84273741134226 207.3484880540417 207.77824320471638 208.92638463966378 210.7209347390028 212.49260200116976 214.39131860399408 216.41930894782567 218.22234546399005 219.97435573818467 221.8230086286079 223.88037701131037 226.28326270140963 228.89260029770722 231.56917886050874 234.1670187099147 236.53718472368982 238.7318398481317 240.79699607087943 242.77091834360533 244.6951995012342 246.5517973132369 248.29002078329006 249.96307598438486 251.5793153701223 253.0527726096628 254.53637068197727 255.90221279489896 260.3839286073811 140.56365171152862 148.91475531291758 151.01512403245206 153.0290680469465 154.76324196732304 156.5675842652773 158.28396595546045 160.04885566200636 161.85559653901996 163.61400253705548 165.28101419894804 166.86543602372006 168.31161218589196 169.52451487051712 170.9493983056302 172.27891312524773 173.443168171827 174.60451546925992 175.79966371267724 177.14946089977025 178.74898603465022 180.14579638308442 182.07147023010614 183.81867706624456 185.77086365134662 188.40319511286904 193.20927868171225 192.0938379078684 193.82982562093216 197.48678220983763 200.68241957955573 201.80400851697246 202.18511980300886 201.85083169416518 203.82714929334705 205.13553496334796 207.76545873690574 209.82650281243147 211.31900227361493 212.72849254829526 214.35696709520954 216.2920596378173 218.70580992080127 221.41913504216598 224.25109236446977 227.00042076767448 229.46203065031503 231.69855571161648 233.7723889568772 235.74226733516798 237.68221050151894 239.5468399814274 241.27322344128999 242.95255424603963 244.5674412354059 246.03528541716207 247.51269997132349 248.87443767517073 253.36117666040386 132.38399852598195 140.80471897932617 142.9334445093726 144.94441088918796 146.69440310423576 148.5464810304912 150.2531228065071 151.95263954356489 153.7195171263398 155.47403789936678 157.1848243435292 158.82699214164248 160.35324677794242 161.7296723437601 163.15495753748883 164.5375084735199 165.7208517071096 167.0089438690396 168.3965114270432 169.6097106870253 172.0953435270491 173.50268109670677 176.72146435473974 178.9788646516343 180.61076021035217 181.7244555979515 185.4161013966312 185.55353664057776 187.79800937078335 190.75446554468525 193.2103455469418 193.4360108392758 194.64856648557907 199.40948049105975 200.5981198253704 198.9571248594176 202.4728377141795 204.26325214809864 204.51113457326574 205.65319394477305 207.08459333961488 208.88781087867812 211.32323918187427 214.13542814623182 217.02446135165985 219.82606624514827 222.2826322597347 224.4793988832499 226.4980630246299 228.4095336418072 230.34134385166934 232.19915709557756 233.92806261685718 235.64227975592095 237.26275797640258 238.72577532103054 240.19522412910325 241.55044267064463 246.03830263170187 124.47193763394219 132.95864538421307 135.11259322225914 137.14622362406507 138.8696681986315 140.7120208058413 142.41194773739684 144.02889954723972 145.72265708611815 147.4218350565515 149.18290155472855 150.9291560326671 152.60136694564181 154.18587050574715 155.61999404405327 157.1152018134418 158.60688944414306 160.08943230164994 161.54428966045256 163.85432151687746 166.56820503109813 167.40953030110546 169.93181547960236 171.48448522926762 175.40225197868068 175.8441235807984 175.35970418306417 179.9742710072969 182.65947147407718 183.8724964811103 183.1446340006143 188.74360356811866 189.50963872513643 188.18306240290553 192.10724110040505 193.467353090584 197.69431377952975 198.30412860088796 197.722944333893 199.24197307619158 200.77449868795222 202.46194030950025 204.88148022873557 207.7255354019513 210.58630542213214 213.2882728418542 215.58299363982937 217.6436878658323 219.51187095399436 221.32834511784466 223.23216464296635 225.1337211105078 226.907821321943 228.56642893625465 230.18275557444372 231.6430136723634 233.102901189782 234.44884244605223 238.9327548209016 116.61334025556367 125.16166054723224 127.330740950602 129.38524751712401 131.10264074903822 132.92966558664202 134.55798997159286 136.0976250518996 137.7269330301017 139.4263363502687 141.25122616318183 143.07528931959118 144.92558510225228 146.7380390586744 148.34516901002877 149.89836556605934 151.77478596945144 154.3856463300026 154.8548878109027 156.3443306246991 160.4098901981145 161.37416854039247 164.16824149841443 163.87991119329448 166.77379393197435 169.257658870667 171.88464555423002 172.81335703248405 175.29484882544654 178.63160054679602 178.14035678503095 180.84113841694005 183.63260773879688 183.95004789509267 187.8092284318644 187.85977151301506 189.81430618542237 193.17114674708864 191.3153181599915 194.95083824086015 195.33025744265842 196.3702884888007 198.93490949510155 201.74629933037292 204.5071547948042 207.01921513100928 209.0758666965053 210.91553155136268 212.59245170114008 214.344197506084 216.17211053703483 218.03758339295314 219.8741705267608 221.51207123928415 223.1305984102206 224.5868596593003 226.03630452514713 227.37249998139424 231.85201978799475 108.73541912278826 117.33991005310843 119.49626434789766 121.57603589937885 123.35803683933001 125.18690708542464 126.79291282516756 128.23037077780347 129.74255307131736 131.42608047793868 133.34731155557992 135.2962887298597 137.43828812467285 139.54506392509964 141.3202100301863 143.16734707880008 145.60018424174615 148.7629614953347 148.34466434411226 150.26878882118223 153.83725536044471 155.2367123264056 156.95932191216653 159.97695618908693 162.54500823799194 163.00432258427364 165.9888903011015 167.62443706007437 168.875659069272 172.0935864221994 173.42576092928488 174.51026450292244 175.61273898088564 177.66169974019857 181.44120405450298 182.30341574280376 183.6609234422466 187.6887751003061 189.2809584197051 190.44770428492336 188.81492746222358 188.5139502007721 192.86383980342305 195.99602109911177 198.50109330802874 200.71466362858226 202.49529942015877 204.15820095867213 205.65261507206813 207.22478735325245 209.0406151801249 210.90466749823673 212.7317755764142 214.41689681018747 216.0358861578903 217.48321125044083 218.9219409574411 220.2500751579617 224.72869289300763 101.10194317378117 109.75830499408761 111.94738307553764 114.04514040096876 115.83047134475432 117.66465166311247 119.17320041355617 120.54765135906517 122.12559975819612 123.84651179207796 125.69982252162569 127.87220912622975 130.39421467037556 133.22350031378986 135.18047242053782 136.82204837402827 139.44018694870394 142.84737563307468 145.4504541661402 145.02198971726887 147.5969468992776 148.90901142869677 150.21835293139947 153.71187233808794 155.29192365785215 156.4378813719838 158.89377093797327 159.7373957129356 162.17075392270075 163.35281880040083 164.92413082905168 168.89140799628865 171.03443944819037 170.14523613885396 173.6726276992008 176.2309704370168 178.0619876684764 180.45427781127012 181.84740995951296 182.69043936426235 186.415422176277 187.36732389103872 187.40114082152715 189.9405377337711 192.29437930482607 194.1595464198937 195.69279017878 197.30840795664054 198.92238796114253 200.28781485710408 201.96751688541448 204.2910619844543 206.37320068411188 207.65421293660617 209.12803807950633 210.55864418902618 211.9872626419427 213.31087484342783 217.79429240037652 93.98682891672377 102.68034432907785 104.89164170208932 107.01159415143638 108.79635971249411 110.64587336798377 112.2251276862622 113.66744345431607 115.28649641430516 116.98361360251768 118.91708448060285 121.01237443987252 123.63017770934773 127.8934227226849 129.08334432975875 130.1582098865952 134.07442980163225 134.5419076030429 136.4916038261574 138.16987690234856 142.19953408444388 143.89928907931568 144.26659840914317 146.65003127318028 149.0190848297614 149.38657919689223 152.28372010149212 154.18272152456908 157.45660262404044 159.32246341002758 159.55394664971868 162.45511720945095 162.6340295917591 165.1597274390175 168.9839514178006 168.20842626002658 169.83473308959745 174.64171905250504 173.1662938405392 178.07165484738243 180.8648544869225 181.3572011713296 182.96541445505738 185.57085927046856 186.3522414409954 187.50197511270713 188.95592524802433 190.52628584595243 192.43513804191235 194.05226373024016 195.74720381359654 197.87468322933492 199.85318764543592 201.18490601416747 202.6440050993849 204.04878339559482 205.4687633488741 206.7932377166181 211.2893189822453 87.25882301552248 95.97844912746666 98.18949414473734 100.3217023389696 102.13148600570082 103.97982575021565 105.67516284733993 107.30554569924358 109.03027278002469 111.06851725844709 112.82601492684555 114.89382713025591 118.58526062957894 121.84260792858636 123.08874190357683 124.09674675975295 127.08252062854989 129.07020403965439 130.83921049935128 133.75115862890698 134.5006038800679 136.87538397438195 138.5562735203386 139.48166709222494 143.55554034566535 143.8433986158565 144.907842613761 148.04519745339024 151.46252239349772 152.82967819012828 153.4705999440448 157.1565168282227 158.56763350934764 160.1872121803587 161.63084272297093 162.23755399033132 164.92019545860566 167.30018096122785 168.00371656911105 171.44704455230132 172.29952397298322 173.12007013270477 177.12346247744657 180.5239489657256 180.07243381712345 180.04025743862613 182.3860037022319 184.3117387020934 186.3467999166742 188.1972676867378 190.06708496632157 191.8509090201078 193.43355144236594 194.92867417851463 196.42611160026917 197.81182389263049 199.2346135930649 200.57075798271677 205.09533284643715 80.78740069915975 89.52950835046198 91.7662830182463 93.90134962051276 95.75048430227437 97.64119531708116 99.4163819929356 101.25813986639 103.25510955977482 105.60040632869855 107.18385834721342 109.51847581573071 113.89092968208098 116.43961206087774 117.01491341844516 118.3502772316729 122.28180126926749 124.27211838229861 123.65960043422513 126.51559407821934 127.84493005261392 128.8989676078144 134.12656781381685 134.67813213141872 136.7893000527779 138.65779749865132 141.19572080574815 141.78898784527644 145.1206216393951 145.16031557543445 148.42662306761468 149.9634221184755 152.80222033928695 154.48365230554867 155.09591579645786 155.64385573748433 161.58362673952877 162.2674442773422 164.217999004156 166.0451168560702 168.5598346581139 172.00870770726053 168.41986135844934 171.57009850442793 174.56922835887315 172.32502688667486 175.6282737387324 178.16030670207417 180.27058245811418 182.3355995553363 184.1862883568572 185.89013312563085 187.45957906029068 188.888020530558 190.31811895276954 191.7066104043127 193.15363304809136 194.51767830177286 199.09453910863343 74.46812643429301 83.22601537504956 85.47749753728021 87.63787294108735 89.51515573646545 91.49540473890117 93.38035842098637 95.40334716521836 97.63340492431779 99.78931473515541 103.35887669944262 107.35685099543731 109.66504061840533 113.98269869762952 113.00535482299267 113.40928636955012 115.442174083422 116.04303556775436 117.13785927515654 121.25580122631771 123.5475567011003 124.25944345744806 127.55063184385114 127.67508672867072 130.08366989695665 131.55055608638574 134.61143130233756 136.19451703609585 137.61440687965165 139.97809386206382 141.8689694516145 144.51331766876817 146.98570492476972 147.41926310732234 149.2086487011328 149.44221058723198 152.64093770086436 155.98465809169386 156.80337498419746 159.42201271159135 160.94440883987718 163.37800242856412 165.37571189726518 166.79898125058912 169.03402031129704 169.1398774623443 169.3083202234718 172.41350461305612 174.48931209728255 176.46276538094992 178.24117464316546 179.78725848504388 181.30502560748513 182.72466074153368 184.1924757405597 185.61838108486472 187.11889983844742 188.53218218306057 193.1928093890759 68.19661699619812 76.96713804314219 79.23689833850634 81.4410119781574 83.39109436618949 85.4332110268753 87.39082725617419 89.53497791550814 91.76570896346627 93.3746696436218 96.0953225924838 100.14582783925374 104.38458337658571 109.80305053485975 108.99866709789833 108.34977382785505 108.66849742580462 111.63427657373902 113.99847068592646 114.57773719874626 117.9991937206646 119.4234727056557 119.79268484048059 122.60521649986192 124.63633284812542 125.90700812713996 127.21110469237989 129.02308916845283 131.75765206490559 134.53346391673415 135.7506958523316 137.12841289013005 139.4145312503824 142.10945412471858 141.43817969098964 147.6558817836177 145.4597815203611 148.4343644534497 151.36570087741333 151.72520447901374 154.37146542974332 157.13205074051547 157.72708096418023 159.75342786192306 162.6882789002648 164.01796088867715 165.66822387380358 168.12144804504342 168.9756682230839 170.45858611594744 171.97421871077853 173.54325890907987 175.0669943662865 176.4078519018795 177.926802071563 179.43242073499087 181.02353869612637 182.51249969281898 187.29606161030657 61.94247784678637 70.72450495116959 73.0202831958344 75.27153696927189 77.27291869953017 79.35984199865301 81.40220262773825 83.5748975977567 85.41069112927755 88.5116330009232 91.38519782662006 90.43185156373299 96.90823328589366 98.08838229619313 97.80219684849615 99.83551466521753 102.39123446422032 103.76836848050228 106.5400986275663 108.62903147637111 110.5315381036124 112.33308572310492 114.33270002913443 116.59100814164542 117.95564105557297 119.65090875514727 123.00531110200005 124.4109539451314 125.30730944876807 127.10106598091605 129.6268173845784 130.83953416928395 132.7188840108257 135.96323208331322 137.43248116335246 140.1157766082562 140.75026458631862 142.51494222810652 146.5967538429006 148.58743652383092 149.3228641160964 151.12984073111335 154.53058674776076 152.29438906402052 155.8271238389308 157.23975145376997 159.24330167360168 163.80908925643726 163.4570565136354 164.17359642557767 165.4264524322486 167.01600167575222 168.62042132918316 169.98118176392964 171.57034281959895 173.17315100695083 174.87033650644693 176.4466446979547 181.37631572147077 55.67531820355879 64.469348589002 66.80178412800548 69.09148280171044 71.13148475340209 73.29451577467144 75.36238621779535 77.70200695044035 80.87306309098699 83.07800811924159 85.04280741126775 84.92018278500414 89.50820478873237 90.66020365520016 92.33868887247681 96.1336050961858 97.17489083720409 99.37646073684168 99.63615864189386 101.7611040083877 104.11593809844913 106.86433247817043 108.49817391257278 109.81159393010934 111.30364746214 115.09590025167945 115.78297603130252 117.39044252099634 120.16600854792534 121.86972042201633 124.88129547649578 124.87289854019824 126.01165935065676 129.88760439283712 130.3567095391953 131.39113094567227 135.16042944471323 137.88747948136142 139.5852207947378 140.70675179608253 143.7344723875185 142.85441387669798 145.18753440027325 147.7055794379456 152.63332641375032 153.4557201082489 152.6053076107966 158.62470091847203 155.68758178209342 156.92020629814772 158.79638787438304 160.43013905005955 162.04074327439906 163.4998270927126 165.17273895570742 166.8649969020687 168.66208350099444 170.32263440801495 175.405594996068 49.36688575412857 58.17495915591639 60.55731644589909 62.918082594643465 65.04687230668603 67.33234116834448 69.3841703253327 71.67821986248019 73.54091556136979 76.0070841435852 78.05445132512028 79.74656667663055 82.67872965941739 86.4587669669114 87.77510927026437 87.5353065914237 89.60276802740006 93.73087925837083 93.18193396948323 95.87280402463257 98.84682825299278 101.04874769604855 100.20166326295077 103.85525228159531 105.43436427732571 107.889824526508 108.89410015028454 110.75711117699657 114.16526622163704 113.7904219958445 117.06921902551092 119.1662983582228 122.13474568931194 123.09249609174628 122.82019519592859 126.76050462794962 129.0189657881807 131.3930678125843 131.9251222577045 132.4175616807586 136.50497919664554 139.9181170159991 140.28511968869933 143.59798596131864 145.37088310343097 146.2139291118109 149.44759357133398 150.57365257873323 150.7132493826906 149.77097967426474 152.36821072689256 154.00714039324546 155.66527239356637 157.10659789543666 158.7922134527226 160.5361285163139 162.40371096141598 164.13032147509773 169.35760527072142 42.988928455747654 51.814575608251076 54.26064745583705 56.75004190365362 59.02802559537768 61.31170738730617 62.8573716755137 65.08199384618734 66.4312540696977 71.99866269950215 73.08117343098453 74.35604419595906 76.62723559932188 76.24291639482865 81.80637393442763 85.31902696761242 84.44542005421971 86.19405687216106 88.91155615975329 90.29232965899403 91.69262131436966 94.46044866239637 95.99249571122967 99.17786544975783 99.95197109006169 101.81764159254647 103.56387233665892 105.50935315136479 108.35379329432678 109.79591152100811 111.19192704303015 112.85481928676343 115.05217357628761 116.39259610916373 119.74568057279116 120.11080082505364 123.37885982559031 125.52941167468519 126.46720266272031 127.488414075367 128.9643901487886 134.43134918240182 134.1203696436327 135.68400581473722 137.33590141654022 139.1657380188469 142.12499775242574 142.7857936291805 148.2259006255947 146.01869131525325 146.03023143154718 147.73402677642213 149.29682803909895 150.77177100863094 152.48542816334322 154.21471618610656 156.10015040960974 157.85955879129185 163.20605262073198 36.559468668792796 45.396876707260105 47.89557243279734 50.5037473015805 52.97208329753407 55.59902051044155 58.467845146561466 61.00048636945315 62.390409052094476 65.28721276373079 66.16172950416978 68.47129679858315 70.57842271474901 71.57217352588215 74.98805552713453 76.9323655802822 75.61885127869073 79.79930169843388 81.91047359450708 83.4490674045388 86.39416985108424 87.34842119684939 88.76448870500252 90.42042995175322 93.98509636373072 96.04950882188068 97.29206272867302 100.25937763836619 101.64140731174773 102.24395828814346 103.64081481690144 106.1901046360798 109.0396569630923 110.5800914537489 112.26305879272472 113.9245585525143 117.30249801204572 118.73429125848209 119.49233960778578 122.42640271670474 123.36179652521274 125.21735377838738 127.0848536863151 130.15615724395823 131.67638462617012 134.0043692745491 137.31454323094061 137.29276115831536 136.05802771290132 138.50016592950942 140.2241844861253 141.55901687289906 142.93013977918193 144.41458295271516 146.16950803336553 147.85268535829044 149.72656549398758 151.4997508656134 156.95723901113942 30.096528772999907 38.93040058206476 41.453646476296385 44.064217801778355 46.50262113781209 48.910713242456026 52.206345899263866 54.39707396852642 56.01515701841417 58.49193206232876 58.28449519109055 60.92306535555075 64.59472752354839 65.68451929767643 67.00887064443762 70.01697047951303 72.26106282260987 74.8923746169959 74.58382706314805 77.17327297682913 79.5620552965895 81.15240560960771 83.71452575559447 84.73773736768888 85.99787970140925 87.26814906446633 90.4895508174314 91.19498041447984 94.61316005644144 100.06421456105218 98.1453408465654 103.07688844973877 104.34856724705601 101.63767321009391 105.07781775870686 108.29083575965751 111.52730939321161 112.13119401470787 113.30423249186646 114.92199638843451 118.30537577554954 119.78394106043102 120.7888572817827 123.44554376345128 123.31723548811706 126.24651123993358 127.84502620703758 131.4021090053108 133.67084091706866 137.51210133180726 136.43451249320617 135.5348646997622 136.70725186589783 138.09629975023185 139.7724789675098 141.40196149697258 143.25811988021053 145.04030222430953 150.61746642411893 23.61221994526982 32.44634290416469 34.982781745545644 37.56436717663434 39.5334267927412 41.25791247727898 45.776925679178696 46.05345578997166 46.99354849645651 52.532861315739176 51.873932021701286 53.776112904632 56.30767678840086 59.00068406770526 61.98822423788015 63.59060565716849 64.43643670364983 66.53546139006109 68.36030328541135 70.74651002746153 74.49234403762327 73.92116795758083 77.26732238537953 78.72524683931361 80.31556213311771 82.23324749813813 84.28547516824008 87.38340248529687 86.14300391400062 90.82983140865319 90.69313804789746 94.56916709584382 94.32028159329798 98.64261829639983 99.95296857485536 101.86235895995323 105.80237045538951 104.14319553137324 105.48351150010028 109.02423421659319 110.78250722507683 112.35519265442068 115.4596350959279 115.8666897648827 117.75639079229488 122.65120287019124 122.49290695326219 123.41469852203281 122.75029574469006 128.83937834711526 127.0772157548286 129.73998542863498 131.28335904430293 132.05069066412997 133.22848728673466 134.8159950101274 136.66965425565442 138.47062015436597 144.1931922900958 17.118653363892903 25.977810862737464 28.552451727403433 31.224396635308317 33.37106402557203 35.36279072985723 38.92766791519871 42.58458587716104 41.6782073736097 42.37085294687775 46.22210852013943 48.88259019470835 50.94991755970544 53.0273850735352 54.793749873767176 57.09538608341474 58.63917284241646 61.24179579766857 62.20091803816654 63.41610267988169 66.57123957662019 68.12887469321565 69.71385986933534 71.88506760416678 73.6606246051944 75.3698837759929 77.74462288928426 78.6316488152567 80.87642489189787 83.22237039879265 86.70064570273219 86.10996721415351 89.18331734333671 91.65811064903836 89.54409946250294 92.67267429326547 95.9137062569862 98.69388833989903 99.24191732597444 101.71605709948865 102.62311607091412 105.09855804647731 106.71564563971906 108.70228731660558 112.34495151751308 113.90288642535691 114.40034371092312 120.7307632798456 120.50759812817819 123.35397229511315 124.00140321954528 124.9701000235323 124.85513475157977 125.23772923280477 126.44313706974678 128.0482363069687 129.9360093089326 131.7801119440062 137.69087404072357 10.582285264265817 19.451527443500293 22.126786282777857 24.89680089232673 27.447889340227984 30.193185149919493 33.503743068482535 35.56036008815708 35.43617663636106 36.96796057268194 40.358847706773126 43.24948353041314 47.01111755190433 47.42992318786441 48.83826739180869 50.66135798218125 51.54017086282797 53.5261447416414 55.99574850539365 57.31404847650084 59.48187172092612 60.882127413178 61.738373473624506 65.63169316310564 65.86622658283957 68.09842097045617 69.72528874832139 71.64756240902275 73.97513027761403 75.65106725475106 77.73943728492308 79.13456109319242 81.82609715874574 83.87622155340271 84.77307521503045 88.68884163810718 89.0090784510733 91.18430708431517 92.3983766337674 94.87089702624208 97.44941399701294 98.82508032948243 99.41997040779802 102.85157439656282 103.57200687388367 105.32570377938552 108.57542292480491 108.51288510428988 111.16711910550498 114.36817013443687 113.10411514466907 115.41305822878269 117.12023851560399 118.16137769321209 119.55274508177375 121.19599672990778 123.1332601255728 125.0284315949184 131.1410621816304 3.969571881884651 12.784608557249111 15.562022132685467 18.511611802483912 21.684701002880864 24.682014357516902 26.447102294663754 27.459580323248883 29.38780902145926 31.410874319566453 32.643652501556566 35.03650348476698 35.60478622051873 36.58731695197468 41.57679802403176 41.12823281003237 42.32088658530674 45.55577365007264 48.2480213092662 50.14471364982167 51.89490233595149 54.8997839513619 56.22352323951205 57.0559900359138 59.46398201736534 61.80175400028972 62.347392682948346 65.47866391051241 66.81929418711509 68.26387118841156 68.62051654152266 73.26569614957715 74.19825929715066 76.00818171084637 79.21494149551458 81.64915521721305 81.57613497166778 85.38218887683833 86.32721572086886 87.61979228102834 89.34763878783914 89.93416007530121 93.37340527087977 95.89990196466496 95.77123457628167 97.57396115983632 102.66056398409611 104.82308204531513 106.03566512802563 109.4160062645448 107.67382182883938 109.55754713768243 110.59772808220637 111.37763711137852 112.66886537018843 114.35658762144496 116.33748179119148 118.27523310887855 124.57430721853237 -2.749876437171121 5.887461516307507 8.647514188427259 11.681674641061534 14.736093844456303 16.816585728742314 17.672328691991524 19.842230051458955 22.541095407572445 23.92923545590215 25.88332664383132 28.95383896403751 29.932313566764254 31.06737413930332 34.994684736875186 34.396272324145286 35.980358712502834 37.6346902160028 41.787803236855844 41.80686253341072 41.08089570997978 45.554628906127306 49.329027837042425 50.606662828037194 51.83623479768474 53.57845185241347 54.19403112036839 57.823266404162325 59.64460599560348 61.098116939595734 61.59298230095149 65.37030344855998 66.91242896578594 69.48372219291727 71.42679299228486 72.87109512191262 73.91214653402808 76.9910850157516 78.00243378857179 81.28882347853587 80.9589576908463 83.62333784474312 85.75415117081903 86.71011825023886 88.09858801025075 91.89232380376376 92.59962612762385 92.95059519516768 95.54478901246038 98.50696132819223 101.70181937478198 102.9214805753588 103.10335612171222 104.52834537610828 105.90881750857335 107.62970728258529 109.62463968073862 111.58014726112019 118.02117709483528 -9.60644934681481 -1.3257115547041982 1.2645277457413113 4.04871057653708 6.446764522746824 8.974108381006108 10.372140045681839 11.228210853132794 15.473937521983776 16.48948541598527 18.523454810877272 21.34136170403125 20.695854843709277 23.192099372021687 25.627876158869633 27.08531932759158 32.44013227328308 33.59124275142353 33.233155592849805 34.42986779024727 36.251832503623895 39.64082774117526 39.54705278630636 42.83707432472568 45.16813363074817 47.07818619791858 50.07353121149532 50.032693876126764 52.11215424852224 53.78533736822768 55.43750650326916 58.4316584814609 59.626955622627555 59.48821217019892 62.902778113213756 64.91521589917433 66.86508022409035 70.36698360002413 70.79475029674146 72.59341845285323 75.76316648893476 77.6663799509361 80.62938800031922 81.42126597129617 82.61855097087799 85.5683748426739 87.0640622464492 88.23238800905315 91.51377548949911 92.83176474526924 94.15590087004527 94.79686142627331 95.46481657650958 97.83607056485526 99.42056158138553 101.1150540143397 103.07069916917033 105.00280482688238 111.51223975395209 -16.527338660058433 -8.67529683117667 -6.259702312969336 -3.725665376761504 -1.4279867438884077 1.545611200410165 2.6468639990293132 4.300866947815068 6.227281860511737 8.24594191507913 10.009923214209303 12.563320061544037 15.119567355260104 16.35771172655599 17.202105998448232 19.487541303120242 23.03123535248156 25.364525112314496 25.799778438954153 28.048965050755267 31.335235954268793 34.23099795625448 34.98125002383927 35.973680992322414 38.30783044901844 40.03467138709507 40.322483322268894 41.49834263311833 45.66422939422514 47.827990265043695 48.55199632707982 49.849473133982315 52.37021546799183 54.27168559725156 56.17466257606341 56.947706814642885 59.41371104051837 62.885516945320305 64.15360279303616 65.33759783932481 67.7823369102451 68.92622617212609 72.7996350904614 72.82984466814405 76.04526619767216 77.43564623472398 79.23987984379718 81.7313379222848 81.72008033997841 83.31308601042589 86.71006894283143 88.81283521749242 91.09455299501317 91.30931459908277 93.06934612477119 94.71766520153456 96.6064016134726 98.49330948686985 105.03716499416771 -23.439736189913763 -15.981880096467021 -13.65534849929382 -11.208347384441703 -8.956114337821834 -5.888946229371719 -3.716189390537868 -1.2748994042843447 -0.5466639446534808 1.0386646476293968 3.912246814551515 5.832277215123366 8.806867078225837 10.829362997583962 11.99455055068069 12.932671419190152 13.804360560629238 16.121825593817093 18.077345878858583 19.462196258970096 23.641505948378484 25.990972408807206 25.78992271875104 28.008798520827067 30.671727634297916 30.183588375940417 32.99060952741805 36.07038676327724 38.0310676152718 39.377037908473405 39.437351157643384 43.50729214758258 45.35867280206628 47.214930230744095 48.818314301566126 49.93502811203741 53.45679681676626 54.11511764820376 56.27803114795101 57.93554400303859 61.29571353890134 63.33599638927372 63.487670427908405 66.31449780033387 68.18353232797448 69.03635090602582 71.95753658187074 74.29820252586624 76.46003810164186 77.55789917608581 79.72651643111959 80.28704360558702 81.21404749757883 84.14539933813082 86.7237184207021 88.34257822899517 90.16248837063176 92.00176492178714 98.58562261376794 -30.259451327234707 -23.109757466982003 -20.76465906455486 -18.298352215827567 -16.355853403779232 -13.650429433464778 -11.32134197473484 -8.281861944124042 -5.4555042027827705 -7.167029827684507 -4.228488856722033 -0.7909631865234088 2.112528039805045 2.5428007018659193 4.355295527831257 6.236982009942616 7.830983569531978 11.316038548338886 12.72382271550807 13.648096293242196 15.602529833934156 16.737336726785365 18.408749917455566 21.03593736321395 22.996931720832286 25.055543802987344 28.26792844390533 27.647472287789267 29.621252411672902 32.23553696638039 34.55180701307968 35.99165633603759 39.49277952335216 40.637502393660135 41.89572355759101 43.90586955121313 47.53761069308479 47.2827456154022 49.29366962063743 51.21041046241094 54.578438813881576 55.9778207319434 56.651434267547955 60.89840234500623 60.49791538743142 61.577133012329405 63.84749761030924 65.73457230839568 69.53266493359455 71.9612758962551 72.02660766358014 75.93143625474181 76.79773549536058 78.72740075605414 80.29852846779872 81.82859016129132 83.6295538126584 85.46740586617616 92.15019554118359 -36.90229346287557 -29.93638255492453 -27.655279579984033 -25.20518987047319 -22.305060669361996 -20.030521988803635 -18.05072332299465 -15.432354262363349 -14.719647141169814 -14.311430315831243 -12.912218374187594 -9.114062074932859 -5.884588209002212 -3.5426754378328784 -1.8698807874049048 -2.7249310769423807 -0.4398489224510049 2.6813054631384463 4.638763704228785 6.755817530246548 8.6462792059342 10.83600137385736 12.955130934052466 14.760756107994668 15.600619374071822 17.44590816438778 18.519898498152926 21.183208606563962 24.872230735260274 25.346375622307136 28.12922807795241 29.630750828961798 29.83939499810229 32.959800649266995 35.11582750606012 37.06476186142216 38.85479046567617 39.13841698362476 42.672989791015574 44.576223408636466 44.892930487609036 47.93581614894218 48.332046974751876 50.98099718887334 55.14499895513297 56.746511517907614 57.848029888882856 61.45834823478871 60.53339326542604 63.078972313078346 64.57280799573974 67.14962562305054 69.23825765155719 72.15696588120267 73.53513597960279 75.01449806299154 76.8981923115631 78.829467054578 85.72346670484542 -43.38264141937348 -36.5078400931015 -34.26001427171638 -31.872225557578055 -29.20896685801127 -27.173152713039276 -25.64198929076303 -23.542809992853215 -21.974565863138363 -19.936573911135817 -18.126092811512578 -14.085167351849307 -12.603223261231943 -10.932804554482638 -9.916474288390356 -11.136512975198896 -5.951180558870778 -2.9100237039056425 -1.8684276503269452 0.7871500978559062 2.016279516469468 3.56539368147944 6.290989308521429 8.494823876789683 9.151541929107932 11.043476181597946 12.384177816799708 14.134377281755256 16.350433854495588 19.703649467407576 21.591586022451068 21.511617913226697 23.316934887321118 26.60049305562219 26.50383340681609 30.894534086211124 32.81928089356726 32.51498273595152 37.240903666052716 38.82769625804793 39.02153594780248 41.20154817150188 43.244322953377925 46.4829363572085 46.21891926425955 47.02966565105171 53.43750863039439 53.73564689358315 54.91366002538916 56.769731542033874 57.73610426844429 61.54546585165747 62.37615141709861 64.31469876223849 66.37727784647053 68.05366340928254 70.09489216479695 72.16523391913178 79.32877166206111 -49.71487401926626 -42.88048200115899 -40.63205706991134 -38.206250558268785 -36.1434958502163 -34.68486467256272 -32.38162823558493 -28.894025426391245 -27.15020231845462 -25.768092395476177 -24.91519811505918 -23.60138918741622 -19.372771498567708 -17.61195501409267 -16.74979827183805 -13.879585641291872 -12.37432104946125 -10.854639043269623 -8.908470052377698 -7.598024930620102 -5.257879388085204 -3.4838401516183755 -1.9666086232232252 -0.5736393307212382 2.0136535398326267 4.729405884752807 7.061936903414199 8.66776239699322 9.93451193868475 11.038242311259868 14.347497869887313 15.005127884237847 17.877639997677903 21.133380749788717 21.511622724244226 24.040246802220217 27.08133818235164 26.20119654194562 28.008040803449074 28.38025725817339 32.42218001865117 35.42863911621439 37.2312490457509 38.14805077151028 40.46048325360671 42.57975867545275 42.86583641573106 45.618781169906335 49.626006819420816 49.56059592175651 51.142395779409796 54.75380869791485 55.65432332946467 57.535462434146744 59.14237537044257 61.099447675350845 63.34614166981111 65.55199189197569 72.98944597013777 -55.91094332472844 -49.125218086375895 -46.92501417817629 -44.55218651281208 -41.92773615510184 -40.06289238234893 -37.67277181575561 -34.93541468414607 -33.44141814632246 -33.107807772083056 -29.2545413284444 -30.00876719213982 -27.86186995735263 -24.250510025578855 -22.314941557110753 -18.789993038428545 -18.945613909288053 -17.506741722911624 -13.723203265282638 -11.84302705171335 -10.3801712173719 -7.973991878437796 -8.524617855168918 -6.774191722801188 -4.6567936967753845 -3.017792010646643 -0.025350534317252826 1.9187149510683614 4.291738829341381 6.305513705143671 6.511051273351413 8.683120135824362 11.038757725643661 13.18008698265886 15.67523563188981 16.39994211039176 19.591822649518047 21.01277667758166 23.275790364903337 23.47687051031546 26.077447274323433 27.75602093550757 30.332214988122757 33.56194215582975 35.70925140853924 37.03431917785874 38.43735340905496 40.167561433846174 40.76383897937554 42.30408780408449 47.378186255158674 46.5642161629717 48.94943481726941 50.396942270759105 52.09463018263748 54.34732535428841 56.76075986444 59.06224265336732 66.7301070418277 -61.98280139793482 -55.31341428499212 -53.23430153797703 -51.047127769707515 -49.067399864762145 -46.16546361101278 -43.70379818662937 -41.29856667251181 -39.90161804949944 -42.0004054965884 -36.16877132412965 -34.422405200329614 -31.80658330391275 -29.903638771365003 -30.000322120795023 -27.406532889150917 -24.489680593801882 -24.440716758908245 -22.156035627721383 -19.63228988154554 -17.614530904359345 -15.165799836848853 -13.242476342635403 -11.407985119502799 -11.85221670726352 -8.025312019644629 -4.87766589904495 -5.355098338765882 -4.343852093214592 -1.1895694319847354 0.5071173674861856 3.368496583797402 4.422066388246738 2.839208333702517 6.891344775945831 10.50007841100755 13.371682509474768 15.993295233423707 16.40402823202918 17.02728695530484 20.337435183155893 22.153386932665974 22.734343099154515 26.390347507352313 29.66663649876187 30.323782844987875 33.51746276041765 35.314994280139814 34.74831592971782 36.71722725452038 38.83161230666837 37.39029513491545 41.60053810692408 43.062286819076114 45.62218488764694 47.99277093918718 50.44756578651858 52.76848788356325 60.57537228988345 -67.95763360960117 -61.420985670477016 -59.513570954831 -57.48674340588034 -55.53564592763449 -55.16246339041959 -52.08727131625247 -48.80924659874639 -46.528543509066026 -45.6264818737141 -43.23137720975115 -40.834901730863436 -37.00153067336393 -36.32550414307189 -34.33760733811869 -31.67017009657287 -32.22035833052977 -29.04931704389099 -28.118629168806926 -27.214620785935704 -25.578252623242584 -23.55675775278931 -21.434852657757457 -18.159519814523197 -15.25066544587307 -14.47859041134586 -12.73345185640473 -10.905566999101733 -8.085789071259075 -5.953576526973482 -3.7191054174161526 -2.942786944765172 -1.014291029382313 1.2942884991364156 2.8647082562294104 3.1944389362924492 5.692845662622334 8.187267445303075 9.246387789537186 11.960774729622148 14.68303766518004 18.24986749758395 17.495104082432785 20.270728803797642 22.19459096868542 22.20818889438186 24.861466875623424 26.87553310254608 30.134759321951947 31.12496877594405 33.22993376616703 35.12648265667777 36.60043052162006 37.23848312898351 39.686034638763765 41.9602542508666 44.3537141119893 46.63941270990519 54.51635115780192 -73.8626253304436 -67.42050818359445 -65.64290660713502 -63.73199809079576 -61.402997322320836 -59.67992344952931 -57.5518540461869 -56.668003906826875 -54.432620191705674 -51.65929489058151 -49.20763328933651 -47.259724514499844 -45.353797699235514 -42.556981355226824 -41.66988219700064 -40.86088316541901 -38.090583456291405 -34.74080152356239 -35.59707549273918 -32.74026925053759 -31.69869841047903 -28.628130672231016 -26.63632657413358 -24.505826866571145 -21.60394486595556 -21.57556652571411 -20.55844143916248 -17.424379084016188 -16.41485979370998 -14.553642955430616 -9.935172612438352 -8.525764071011345 -7.174404049322958 -6.1702852231099845 -3.6689374094223166 -1.8506916007515941 0.376055547176892 1.4164022416921282 4.019025647279467 6.636001360918933 8.661176106260042 11.278963380217327 11.374596845079237 12.672921872388718 17.0865102564689 17.10700247851048 18.93840033365844 21.29934817910059 24.08379910564186 25.2687057785417 28.28618309907022 27.42438242842183 30.346172341178068 32.46067898852227 34.15015974001419 36.17424511014631 38.4263595167949 40.64370225973438 48.54415308908041 -79.72201271924222 -73.29986257951025 -71.59272491314827 -69.78777729516905 -67.46089707458802 -64.52814688556698 -63.233197296636426 -61.72029592223737 -58.66328790420073 -56.54839366195811 -54.69274580150797 -53.52688672998534 -52.969817380204255 -50.60686540703043 -50.81059246633599 -43.7820926689498 -41.71298707860113 -42.403335448262496 -40.40822581686395 -37.73037338209127 -36.56540882290768 -34.58767389978301 -33.2034557170658 -30.96726307657363 -28.750878465218157 -27.060165704583266 -24.76296090647484 -22.04366943539336 -20.16117982404702 -19.654560734064553 -17.6669824660845 -16.752002763644096 -13.185002607100914 -13.347665173675013 -11.389493359591874 -9.515900644218672 -6.09129458988546 -2.0885821208938244 -0.7644276092658833 0.5892371357515962 1.5036616911499125 3.0509907598439816 3.4234335450935753 4.59650667140606 10.160846221577073 11.845882417785127 13.462195886100387 15.975843672784771 17.210107363381777 18.059388365425068 22.195943228593666 26.16471105850969 25.26654516508692 27.20176228809241 28.70078556505432 30.511810252117645 32.61353412364704 34.75027918458339 42.64982381990813 -85.56003193477756 -79.04532086764618 -77.30856227040793 -75.52385812929809 -73.74946107109092 -71.74775831816108 -69.14551756088488 -69.63935422152191 -66.5950035875232 -65.02791258316968 -60.56261067355534 -58.501709422524016 -58.457921248881675 -57.15797974372092 -54.48717942798018 -52.40781400787312 -51.70849438895938 -48.87019503186397 -46.67504479839672 -43.049316535318034 -42.26728163702727 -40.82568674694954 -38.86756255388942 -35.84569259666329 -36.06731550446552 -32.3456507813259 -29.979077298670077 -29.281122258387715 -26.304392841293335 -26.223362948734433 -23.551798269376516 -21.941906025982288 -19.72670975477771 -16.644560562627348 -14.603563096230287 -15.062310011578655 -11.56056199860093 -9.894976705255603 -9.562037479314958 -6.625464263488617 -5.480698054230476 -2.481718353313263 0.22158740554840262 0.8064068109680932 2.3406465332591337 5.233203274121184 8.480257038004964 10.10303010739933 11.634570581064814 11.226068879537399 15.153708123396193 20.666096383144847 19.166888370380555 21.29165064511552 23.05406442269118 24.850016411875988 26.86327005525806 28.928066135984785 36.82440908647506 -91.3972031302749 -84.72947372280834 -82.84369574916157 -80.99062344420247 -79.43853045396777 -77.28574240144778 -75.58362077441792 -75.05304640186537 -72.1725044110754 -70.89955227686448 -66.4160377989599 -66.88557226204001 -66.06583089211108 -61.7373265197265 -57.60969499260279 -60.04878179804732 -59.245456492252686 -55.35331532344754 -53.24243998439903 -51.038657581843 -47.79326589710099 -47.93652124584703 -45.18503708091371 -42.76322447358744 -42.06776432858075 -38.31186869481495 -37.816971416052084 -36.38491210110991 -32.15795355627207 -32.27215078454789 -29.276592668469657 -27.27178749495088 -25.141912784915327 -22.249652868465166 -20.23774467199982 -19.508466348561907 -17.844647365856893 -16.054539401213436 -14.157378800922933 -13.309054812987156 -9.591642465628986 -7.7786767949501465 -7.017768174238706 -4.32171431391682 -2.112870283125302 -0.39521675769209963 3.4320237750014218 3.6615494335899337 7.18641404749502 6.168767429667865 9.267856095194762 9.445273607634418 12.682135406471719 15.4306860880149 17.419207735921706 19.21323078183199 21.16506916324891 23.16299614347643 31.052842968852445 -97.2540464589605 -90.4272242142642 -88.4083374789366 -86.44897135530428 -84.73549625487095 -82.60704452411483 -81.2092037513179 -78.95646690606458 -76.86093921853556 -76.38166581519408 -75.51996390831982 -73.69116162113342 -70.347314483244 -69.30330773451654 -68.27395546137504 -64.58345590501698 -63.09556294959228 -61.41691567463598 -59.90268771963291 -58.58581736903115 -55.116439236113756 -53.33998157401761 -51.98861004323597 -46.69760964114351 -46.72497052207759 -45.83521391131651 -43.502110178904616 -41.16852378768845 -39.38342105889297 -38.50810679779415 -34.8438813105389 -33.2633973934928 -31.006267837220307 -30.458062666820425 -28.979533584547024 -25.916021452964326 -23.033840113318618 -23.320979177143553 -19.10409950943243 -18.551258172575988 -15.563541482057534 -13.420849585251752 -12.816128777147556 -11.886409402348548 -10.27102661293735 -10.822096503508458 -5.926712021383875 -3.4799416103400183 0.4202257843275815 2.1813226785728896 4.181099895932935 4.924714178233256 7.686894349104286 9.843670741335849 11.875980696791725 13.625820577600743 15.508433299240856 17.441002236595903 25.32005954711179 -103.14302781046237 -96.22693016439159 -94.1827437753274 -92.12437705193538 -90.13112736735592 -88.04208905806813 -86.56451664133299 -84.9588423727961 -85.19562864143344 -83.05222432127209 -80.10171554576809 -77.47332828860539 -75.29794449766872 -74.26973362069774 -72.11410592454821 -70.06170857177914 -68.32481680463418 -65.94111983959543 -63.772835521005405 -64.41678446994828 -61.86509090769356 -57.834403011465255 -59.92871572046933 -53.37613106056849 -52.27922466117049 -51.38745023950307 -49.791311356171654 -47.68157898098862 -44.54060788308726 -45.138873645904255 -41.14666473580886 -40.027756133269946 -37.54261079728742 -35.24968234835364 -34.03491311900148 -32.78769083536503 -29.633928286971532 -28.46501650490556 -26.84622488019545 -25.86898164861115 -23.15306861677498 -17.81301583771501 -18.183440174753734 -17.197799251309934 -12.425045842741282 -12.362988831576441 -10.296309733420665 -8.137196563304267 -7.604231484808291 -8.367501639123944 -4.559272135418935 -0.2652000103676785 2.1225234206061123 4.447365425018673 6.388828556508317 8.081209344534528 9.883620546792333 11.748221651193294 19.610937250772256 -109.07661307440857 -102.21194958605714 -100.1625761445556 -97.99302368905946 -95.95122891164715 -94.0586955282471 -92.09353639291518 -90.60684082755557 -89.52929065599463 -85.31237087574885 -85.80083655291898 -84.08033974424859 -84.91925832143191 -80.65369521245485 -79.57130538700285 -77.68404714587672 -73.8461551341261 -74.70470630608425 -71.67118233379789 -70.15288371628945 -68.77283815769229 -65.26921957371563 -64.523677741777 -62.17166161079574 -61.38393673404559 -57.04574097530354 -54.923106899535526 -53.97462643413628 -52.11269254160155 -49.579509182118514 -48.39937096752 -45.044514411280154 -44.198426253964634 -43.25920970100749 -40.32305450586217 -39.021815263357695 -35.293993756894665 -32.75156881220063 -32.47260626983394 -29.801417862498294 -29.446701885625266 -26.191129877970084 -24.959251095315498 -24.551429665224497 -21.02145065803518 -20.614221286601595 -18.56334285133661 -13.84887728648561 -12.092415323523783 -8.508153053420116 -7.268877497741482 -5.813379539227816 -3.458453959316099 -1.0717041199341428 0.9259193092213709 2.572820512054888 4.280888989461394 6.070791623117894 13.9103545093526 -115.03940703184054 -108.32761546512478 -106.33381292093694 -104.2147798792904 -102.22628263707138 -100.36882727228983 -98.75450826807133 -96.93791101981914 -96.04496581207206 -95.22765344922263 -91.36505614844668 -91.13689133191855 -89.14565911274431 -85.4330700271142 -84.57571811071395 -82.51034583349151 -81.14180674947663 -80.94144566713712 -75.58544308965206 -74.50119844902353 -73.4226741038657 -71.01179795261595 -68.85124433299977 -66.42636690783826 -66.14926237665529 -63.70161268610459 -62.09578235463588 -58.914520223800984 -56.90017816577127 -56.10870239683381 -53.71657767023848 -51.09380468600651 -50.01082219528643 -49.07626583239425 -46.01503105879383 -44.42264476044435 -41.57521811707161 -41.93763511895249 -39.72140113935226 -35.838385542460244 -37.053104442271014 -31.56329024138831 -29.930392494057834 -30.62745014396734 -24.2003970292749 -21.43543356382761 -23.44675935396651 -20.99549680457122 -20.03593220889397 -18.248944870128707 -16.190620126610305 -12.139956580604021 -8.934263584760037 -6.495910488799832 -4.537096293052954 -2.9591451420302204 -1.3394283602289658 0.3820599010222163 8.207164792776322 -121.01601446380589 -114.5179646777129 -112.59246851198228 -110.59437658339957 -108.78569617634325 -106.91481785539021 -105.40676460226102 -103.91527292848119 -103.08703763569527 -101.59516049412501 -97.83399624510432 -97.20015737033907 -96.57291507076631 -93.35260943964191 -90.86682374967697 -88.65979410101299 -87.86209720618459 -84.28645179815328 -83.05901209111384 -82.69315494648431 -79.48034511011465 -76.3372556186888 -75.73189135604584 -73.57691143874263 -72.35612134532006 -69.91604588332022 -67.17090500159368 -67.47606974943942 -63.011159268573564 -61.06633344936127 -60.45755255362233 -58.347670380958625 -57.619052298111 -55.59244797122398 -51.73273858812701 -50.092107154854496 -47.67654385838621 -45.32871561340519 -46.776525648581384 -43.61520288785984 -44.94229043999885 -40.14057028931848 -37.76070003153317 -37.14517504990751 -31.367421126936552 -27.782087418931905 -28.463682164275987 -26.559660742511486 -25.522736734091005 -25.25242999051056 -22.110871680340615 -17.94325303167816 -14.5312515998349 -11.915386363305478 -10.085937819116094 -8.574487326647276 -7.016998489762915 -5.344625766448602 2.490221570959861 -126.99248741620427 -120.73271704890817 -118.9007738273563 -117.01639086338902 -115.28916000313521 -113.48717994528656 -111.80448733532015 -109.84273579384 -107.01780892352524 -106.23309191676628 -103.95873915646433 -102.78161272299656 -101.91111898581416 -99.64658218092046 -97.34132079749251 -95.51123039361285 -92.71548334747096 -91.33884327410385 -90.42926909517311 -87.6695434581245 -86.2032516917786 -85.32060174764146 -82.53056743902515 -78.61774379474873 -78.67207688611744 -75.47071617345894 -73.64220839731874 -71.60814563596394 -69.60722830823023 -69.69366788670976 -67.02257753464202 -65.12881653198737 -62.98394667282854 -61.96492853300217 -59.02089578222001 -57.290065641070846 -54.34565245757693 -52.64758016577848 -51.5328347709805 -48.24465998598344 -46.48863549566566 -45.90255412163087 -42.72311933076601 -41.53859935356431 -38.64560362998523 -37.841403564480274 -36.592655357104356 -32.380085250295814 -32.743011487517315 -30.47035231314924 -25.190188996489415 -23.60671134186045 -20.48037237517139 -17.84320772543003 -15.84540103256417 -14.322423468565553 -12.78994408631235 -11.135506996844297 -3.251744722814207 -132.95487793502994 -126.9208251038788 -125.1803284822616 -123.40282642710335 -121.7273145518628 -119.97055617924262 -118.2489447704507 -116.54588270642572 -114.74754379037547 -115.23558532053046 -110.83081018466773 -109.98679556594196 -106.27085668428279 -105.56170337138545 -104.78639891418405 -102.92520015941726 -100.05240141534789 -98.49241034652466 -95.82144224275531 -94.77254198092808 -92.48731759012237 -90.32463502836627 -89.7225547578507 -87.17834645243892 -84.80099008202065 -81.51045954340269 -80.07224018510362 -79.0841658167974 -79.10763173722978 -75.53574851848848 -72.846107408132 -71.79513498025972 -68.25987628413228 -66.65623031508758 -64.74230969533136 -63.984860520458525 -61.39024497464786 -61.452949268339104 -57.162484103260276 -54.56468235429608 -54.21684420348669 -53.607847684572285 -48.58616057623231 -47.15186113317258 -44.83396710743323 -46.32171334421529 -45.69965665201393 -40.25049746584971 -40.46285550088516 -34.67533552154756 -31.957129189486906 -29.31385260541012 -26.15689590655691 -23.704614440059306 -21.781263722301876 -20.252171055541677 -18.696387837151196 -17.01682540781678 -9.03000365536558 -138.91667786553242 -133.09716827264305 -131.44049806941155 -129.75163254579726 -128.14179250681374 -126.43521785440915 -124.76946978222038 -123.01110459453646 -119.39738603620033 -120.9740266818446 -118.45366306332318 -116.83418445090813 -114.91716680141712 -113.19709973003755 -109.92670972245007 -107.63246005792872 -105.81686031505635 -104.84417150441467 -103.24275450372038 -99.73117016234161 -98.53765458565184 -96.12667729898473 -94.9691610904064 -92.7954879323337 -90.66147710100607 -90.53630715444353 -85.84043058946494 -85.00732806298004 -85.25933947234158 -79.76067664267609 -79.18416584225585 -77.92969130373893 -75.62476991069612 -75.42279916810371 -71.22345619498584 -70.21021337595124 -67.51380749491045 -65.0240511371799 -63.26594367392342 -61.1558390689192 -62.87569970765837 -58.792008197788235 -56.933344238622105 -55.673377275682306 -53.268315904922495 -51.271119210325644 -47.74458445440987 -47.574405265346165 -45.08596195660642 -38.52891443716815 -38.02964835204301 -35.08813251374455 -32.33297362848916 -29.847250437269537 -27.909388799118705 -26.35886718787414 -24.73950767017463 -22.998065848239595 -14.860231166731385 -144.89137905428623 -139.27670880451598 -137.6903301594026 -136.06664355328925 -134.56987840778982 -132.9181761347579 -131.28359427358743 -129.5719750374629 -127.50561457913949 -126.57581901039698 -124.06271462657368 -124.76497150807135 -122.18149118783015 -120.26699389755966 -115.74113802865945 -114.88617025686908 -112.54871049188964 -111.5069546166794 -109.58903226836763 -107.41004642303369 -106.4754979866584 -103.20321764394049 -102.26538039642412 -100.39524887594543 -96.8815478106969 -96.01473854853802 -93.63834546772185 -90.99122605069316 -90.47266372863957 -87.05732003114497 -86.7112336732297 -84.35816627436554 -81.7201922920987 -79.77373100348723 -79.08998034598883 -76.81902008001879 -74.04634269903583 -72.86758495441123 -71.48705634595316 -68.55892151344588 -67.52300952625785 -64.59733673465801 -65.50762583975161 -59.52259872452812 -60.066426679469515 -57.32608228880831 -53.6765409967641 -53.68020853107647 -52.406586126591876 -47.381523494397285 -44.499926798290566 -41.370649612095164 -39.012376444465424 -36.444102094377186 -34.27615892874473 -32.637646458774455 -30.922481514707332 -29.08871316841726 -20.75810319838188 -150.8926235866076 -145.47219658929984 -143.95050401241667 -142.40935615140717 -140.9530447983444 -139.301771568377 -137.59703471664332 -135.78603348589607 -133.66964781744397 -131.15448799468126 -129.118022686393 -131.55401230785805 -127.47299108240428 -123.91392337533225 -123.3373230600782 -124.23508908116716 -121.22009496295038 -118.76314529660345 -116.59960199909814 -114.34594405494842 -113.16253981635926 -110.67472222126742 -108.6061323467715 -105.84145156637953 -104.84983514507125 -103.25051613379625 -101.13771922090784 -98.94084490219751 -97.42207422130562 -95.19417739379826 -93.40507122130785 -91.21524387828785 -90.12513880992209 -86.20832624026573 -85.1293959145551 -83.09054264358687 -82.06440851033213 -79.79676375875603 -77.11461739043585 -76.9240798472479 -73.86931301487921 -71.22975964541183 -71.29679506082165 -65.99114144264978 -68.02030082242771 -65.21136702978669 -63.28020851606034 -61.22780884202729 -58.490220092042605 -54.9183196185767 -51.3928476006866 -48.16955172652838 -45.34498305649422 -42.848846633942216 -40.80492141775005 -39.09004666437424 -37.25050734923726 -35.298903195221 -26.739302445576293 -156.934053566258 -151.69633705614623 -150.22681208877083 -148.71626071824053 -147.249486843343 -145.60161928388652 -143.86262670367586 -142.04666418637825 -139.97374735014475 -137.39695309099255 -135.5322997631192 -137.97863830169834 -133.97944459613316 -131.35315585943184 -130.70456836740522 -129.85045788222308 -126.11105600051509 -123.72204969667978 -122.01231389156777 -122.32347389627446 -118.77901263813267 -117.0737160050197 -115.20275457691662 -113.2455726923543 -112.93849490425829 -109.89062131079721 -107.5031512845902 -105.90085347613962 -104.28886514020601 -100.79291226318118 -99.60453505327143 -98.88888358475747 -94.67647107039883 -94.59850291486279 -92.80406479596249 -91.23787747801403 -90.17669155126667 -86.93867839508684 -83.11995303726611 -85.06853467308785 -82.0415873956133 -79.00573239793498 -78.89476096886433 -75.17173905421498 -72.63881999711755 -70.64748866697217 -70.7411694322603 -69.11081732714226 -64.87732135615914 -61.24984300228772 -57.88402515169119 -54.73837140563258 -51.93183053632862 -49.71163846992231 -47.55503429053022 -45.71760585668286 -43.72878317216581 -41.63877177545732 -32.81951162353643 -163.03237019962444 -157.97413872689987 -156.54375175658924 -155.00817466159347 -153.53996350489396 -151.95815664189985 -150.18812965509298 -148.38781558160193 -146.42531891413455 -144.85173516155692 -143.65439563925764 -143.70829336110302 -141.98830638399147 -140.42729316631667 -138.59289892386212 -136.79570432603907 -132.15408377929984 -131.70431620142296 -128.72709498484897 -129.54683612269864 -126.25337093910132 -124.39085115148139 -123.46443208765821 -120.48370834143975 -119.04261192359333 -115.46499859195829 -114.44443779756888 -110.79725842156067 -111.22441475085475 -110.68900834624999 -107.042948904516 -106.34012688480391 -104.26950755103792 -102.32579653947654 -100.29084780828863 -99.49054706923347 -93.654703813244 -94.70903963823133 -92.57523519280737 -90.82816617710185 -87.90084341139205 -84.97049678595239 -85.32014345069742 -82.14305345542834 -81.91148717460914 -78.5919166171354 -75.59351367807895 -73.97167032041226 -70.94043049970499 -67.41637704767024 -64.11478574791855 -61.33804340617621 -58.85608489412024 -56.579257331937214 -54.432903266465274 -52.49032837268586 -50.34203533112532 -48.105749196924435 -39.01187517740719 -169.20427494997546 -164.3306021501828 -162.94322233046054 -161.46429335201788 -160.07905000873816 -158.39448039154797 -156.61362454873503 -154.7132345006646 -152.7076588340507 -151.6239046734147 -150.06117035093814 -149.00459816524514 -148.0403569201719 -147.17814360821453 -146.48240099021803 -143.9284556103168 -142.9511840059368 -140.3389357397017 -138.44091659054192 -137.1231948068072 -134.13117214531366 -131.6005828925414 -130.99028954117122 -128.35931573694683 -127.26537496284853 -123.64991287843205 -123.29901539214447 -120.64484089654758 -118.31540298612641 -117.72786607768333 -114.76186237421612 -113.02289046778665 -110.38527261263079 -110.35553715917854 -106.23241515128362 -103.28212410877147 -105.69687203080237 -103.05881890504477 -98.60188019028966 -100.11108844195007 -97.01552540647943 -93.98897436181247 -90.50601849356835 -90.69487092249729 -89.37113174679176 -84.03960440128475 -78.37492273893422 -78.98265610688607 -76.57357036986764 -73.6303447132355 -70.64947471534308 -68.17964464289855 -65.88861060699784 -63.69023428406836 -61.4525742853002 -59.378165514515814 -57.07499045109826 -54.697266025080374 -45.32953783036738 -175.46825393531128 -170.79115343988573 -169.45784590840555 -168.06154582671206 -166.69133296743772 -165.0335083166254 -163.3453076483586 -161.33686237579158 -159.35691833765077 -158.09801326778432 -156.85214588219486 -155.8343667751516 -155.13656938052335 -155.5318601902325 -153.03395676014395 -150.67555264458707 -148.43018504643368 -147.19445709150193 -146.644449123515 -141.78697426364576 -142.54065818684478 -138.48509692866133 -136.39734880886635 -135.85907236312815 -133.94920226684388 -131.55646842375393 -131.3563924066568 -127.7680322109901 -125.84736293453446 -121.47264989237074 -120.97467131319426 -120.80592075388611 -118.95345031376405 -116.92762432471237 -113.26494143349159 -110.85659103685134 -112.6907941654423 -110.36195358517412 -104.68787788585006 -104.49222764366742 -104.81791889823613 -102.3468735385657 -101.66668207487744 -98.22423186519384 -95.58481113766572 -93.0864452121408 -87.45249429591087 -85.03550822201416 -82.56326815614192 -80.0753747390392 -77.5881425033879 -75.27290030841685 -73.0395253109929 -70.92154615814138 -68.54744081463288 -66.354619892423 -63.91460560982774 -61.41280595739711 -51.787616914428554 -181.84279685151535 -177.3812224053668 -176.11522549776336 -174.7855112000802 -173.4188239928303 -171.920819741698 -170.32976656232123 -168.5007532539147 -166.81452938494712 -165.28227807008935 -164.04748731711774 -162.92861514083722 -161.86763364112434 -160.31614608291122 -157.69129807745554 -158.83400532683083 -156.1684700667077 -157.09636003162777 -152.92212828950608 -146.64024889907404 -147.7206039121422 -146.22283322484893 -144.67161448952572 -143.16144840258752 -142.06088920137216 -139.32796172058568 -136.59808214722094 -135.0824153118248 -134.1276032707757 -132.4048372904389 -129.99298187617669 -128.64970133795825 -126.64365658619256 -124.84027276525508 -122.01755143907043 -120.03011009795568 -118.97647908312797 -116.47106267537966 -113.51894230551196 -111.55388497372141 -110.18146790675793 -106.81232153697401 -106.73346004266573 -104.722297409546 -101.02016289630217 -98.63434107536148 -95.31884124078798 -92.29935229601882 -89.71345513995155 -87.27262394551363 -84.84732357970374 -82.5006651084152 -80.18059951998073 -78.08320358731694 -75.685549150088 -73.39321026283275 -70.8478417480408 -68.25185655864658 -58.40123363410993 -188.41280927561874 -184.17892297361826 -182.99074878719077 -181.73859127285775 -180.45237046765786 -179.0706230936007 -177.43382435796627 -175.88645442073866 -174.37993225381595 -172.82908875332262 -171.49049049879343 -170.18867771188926 -168.84988934772943 -166.84942331094214 -164.64384474175498 -165.9380498202861 -164.04799807108992 -161.81905769706654 -158.94664060960648 -159.25450432633474 -157.71791841405422 -152.89367585742278 -151.42889356858944 -150.4826972955739 -149.30651869919566 -146.72994114323447 -142.45215077983102 -144.35100067827972 -139.26252996812934 -139.98091289158808 -137.19028367115433 -135.33762686021745 -132.79817481907978 -135.57489171718217 -129.43125959791178 -126.93053144234621 -125.83092688865959 -124.30992196448848 -122.83738215732453 -120.56635129149191 -118.33871804608751 -117.80025656179743 -112.78564582064395 -109.2021956040308 -107.80620159670498 -106.14351862435846 -102.93112597181651 -100.18324050285672 -97.52600322954271 -94.9424756261609 -92.41994726856593 -89.9985266444863 -87.68506738318968 -85.41290357138764 -82.95570646628644 -80.60281761229172 -77.9769805385943 -75.3102096569251 -65.26064016672402 -195.2632466181455 -191.26239852300455 -190.15321706036303 -188.99830330866493 -187.83584630942613 -186.54716503027822 -185.12130527274974 -183.7539357310533 -182.33714140491617 -180.81875150903326 -179.4710020058693 -178.00065518503015 -176.44345023667273 -175.01060470314957 -173.37930365793372 -172.2406372543565 -172.74423825705205 -169.4641219409746 -166.92964529809197 -165.12791383960743 -164.32206163518947 -161.63335183268697 -161.5409771869814 -157.85705690415622 -153.77541880778818 -153.647590301355 -150.32976511891627 -149.05892869942616 -146.06188348090367 -144.77657677866205 -144.86195761179712 -142.2421412427279 -139.84650104086163 -137.9216491125351 -135.51539905703174 -135.47803789339343 -133.3914751255364 -129.76796913220994 -128.53935590504022 -128.67178197375193 -125.02527831523118 -121.16776224376311 -119.35206128149463 -116.49955876091047 -115.19054463375032 -113.33637624846895 -110.75888025606244 -108.23391272509967 -105.59588748037741 -102.9486843340223 -100.34932206244113 -97.84109000965461 -95.4604482775159 -93.04257997879371 -90.5087270773993 -88.0924334023895 -85.40435745878166 -82.68371094488076 -72.45614262667297 -202.504479878323 -198.73411870098855 -197.69132642672784 -196.61159216291966 -195.56870517536527 -194.40077782876767 -193.1926045853785 -191.9370482214851 -190.5964337721318 -189.20515641596285 -187.7855559750252 -186.22163764964793 -184.5741478203646 -183.0423791921873 -181.51169396357852 -180.00788594474116 -178.4752253864877 -175.64803638552408 -174.24798354223833 -171.2572592622018 -170.86295335373205 -168.05529533427227 -164.99244189653976 -163.19119402676824 -161.6400567555991 -160.760993555228 -158.4022022155482 -156.3211408716163 -159.52521921093407 -155.05296025554108 -149.10489695632134 -149.51176900171 -147.48984121401284 -145.28910423528032 -142.03020548980294 -141.78257706705674 -139.43351760633337 -135.83189705560105 -134.08397370353015 -132.83205793709834 -128.17340724681762 -124.42382272537765 -124.73168450704678 -123.96743631174485 -122.66919494486675 -121.00298132540895 -118.91520149191692 -116.53387728336995 -113.98065148164427 -111.3409318522445 -108.69695626173035 -106.08871754640847 -103.55712913315676 -101.04763545342652 -98.46792372221233 -95.99697863929092 -93.25944962466612 -90.49560303624294 -80.1056058588306 -210.24757414641482 -206.69728854984828 -205.71813267876306 -204.70725689174216 -203.73579723356517 -202.6613353077877 -201.60288521709822 -200.46907092070865 -199.21468885772018 -197.8828740247085 -196.41344445090402 -194.85899995453155 -193.2222011252864 -191.42532749537398 -189.52827624081172 -187.4473532835203 -185.01547306611576 -182.00689528418926 -177.38189091847858 -175.1822266711238 -178.30254870275348 -174.5276214763666 -172.32298388612355 -171.20097253832623 -168.61588835550458 -166.42218142431278 -165.54078468180927 -162.825532372432 -162.29435325866731 -162.84011914249788 -156.66090385999797 -156.25834352892517 -153.53058451977154 -150.06115651593106 -150.6488630991947 -148.86223400617823 -145.3821967957895 -141.86095215753429 -140.35189007112217 -137.45873428555382 -135.32254481151062 -133.65109757856902 -132.70714048686818 -131.95638712793348 -130.8708890933028 -129.39826530139544 -127.47912156125649 -125.22836254237156 -122.76073380816709 -120.15352271095172 -117.48619796464757 -114.81460017133524 -112.20245058669165 -109.60992462841047 -106.96794478707716 -104.45213445313345 -101.67248355145142 -98.86987878118241 -88.32764595483225 -218.22165260355823 -214.87992307673602 -213.95474722708727 -212.96853520284895 -212.07879913116523 -211.12681820525833 -210.15639428269768 -209.13700937456449 -207.994053244054 -206.69847056123012 -204.83552267574458 -203.51243870874464 -201.98446651222702 -199.96846731338724 -197.67693031169713 -195.09183182154374 -192.1918421798225 -189.25241940397055 -186.25916215969838 -184.14021366771357 -183.51981109599404 -182.77314406439402 -180.93682483456314 -178.04028643521647 -175.84396747843184 -174.31630188173017 -172.1962910390732 -169.15718512061244 -167.91533727609493 -167.53716794489662 -164.21558643899846 -162.65691474639155 -159.3418385738796 -158.89267746099327 -157.15860620557447 -154.47714235747947 -152.5154993314235 -149.5942526985656 -147.4606502835349 -145.77618451414958 -143.92776184905676 -142.2989378395819 -141.25575371273573 -140.41833669030004 -139.37180289117705 -138.0046352002644 -136.2077632222781 -134.07142117791844 -131.6837656257112 -129.1056753245984 -126.43777416048167 -123.73414059319197 -121.06347565208311 -118.41485213986734 -115.7209557957272 -113.16188091379256 -110.34666329597509 -107.5095092571107 -96.82588166400998 -226.1655058718955 -223.01980005888691 -222.14748918836844 -221.23076856445653 -220.39749196943194 -219.52164739640378 -218.63011555814512 -217.68935677299976 -216.61644187131085 -215.40593646054697 -213.86159413067563 -212.39547342445613 -210.65879933375948 -208.50262912723306 -205.95058213291415 -203.09571705705358 -200.03924814446745 -197.06127714198 -194.4452215476569 -192.45533919530124 -191.36544144136258 -190.26591610295847 -187.89360773730846 -184.04113097636866 -182.1748953067198 -180.0561198852041 -177.76154111942662 -175.7334430394142 -174.85719568034568 -172.2063862245435 -170.6723863257172 -169.48216576934354 -166.54180188656213 -164.4411479897024 -161.24774831431458 -160.69539027258608 -159.16813105629348 -157.2066713185023 -155.52174854316252 -153.9775708880912 -152.3986472878737 -150.99019020603248 -149.92909712659326 -149.00653452378438 -147.95084714132437 -146.62372403564024 -144.89484052141512 -142.83370306707954 -140.50810186402467 -137.96803843534022 -135.29609575654024 -132.56222423886902 -129.8504492002174 -127.16657788130206 -124.43242569887498 -121.84048661119387 -118.99563069859713 -116.12791498706369 -105.31439525326088 -234.1388839696029 -231.17777187347363 -230.35435922982313 -229.50699072820245 -228.71301141414793 -227.86769740928884 -227.00423753786055 -226.1071523298615 -225.12101925060327 -223.97569669694056 -222.66676831543194 -221.13157917361374 -219.3096557300994 -217.1129329596924 -214.46549856874412 -211.55489365515695 -208.56762058659143 -205.73790750895157 -203.31542939865017 -201.27768711152817 -199.64377663137086 -197.80184338665362 -195.27811138236447 -192.7097397315561 -190.13705816196656 -187.6668100864179 -185.5022030832726 -183.91622335790802 -181.48071967669625 -178.0207172137202 -175.52100479410177 -173.60120883057084 -171.8490026110067 -170.2459942847594 -169.0793794016032 -168.15316459213395 -166.98642727921464 -165.68594698466538 -164.25466768060238 -162.86713064881388 -161.41630494216182 -160.05170864305487 -158.9209000591333 -157.86986647944994 -156.73183200441062 -155.3692525733002 -153.64621346398772 -151.61382341354673 -149.323118486067 -146.81571803581966 -144.13437768913678 -141.3737899817085 -138.62570578541343 -135.91094897123196 -133.16152700885925 -130.5484977469299 -127.67932892619706 -124.7851047328758 -113.85454394969713 -242.3361869978964 -239.55046732637166 -238.77228688567683 -237.9750148565092 -237.20866502502943 -236.39443377841715 -235.55503792191362 -234.67076380780995 -233.7320059630999 -232.6273346235388 -231.3621009089652 -229.89055473522845 -228.14515943410234 -226.02239370492714 -223.47662993118175 -220.6983606158185 -217.87422211491034 -215.19869219270203 -212.8823557048337 -210.78840547546764 -208.87523166831818 -206.85816444899152 -204.38209143322686 -202.04299833323006 -199.63636608610568 -197.27075329017728 -194.97310622382844 -192.61080616861196 -189.90418640255533 -187.020836502471 -184.98532141245047 -182.9867289343806 -181.09692118669156 -179.4882363673978 -178.2769478694251 -177.29962589644796 -176.40126502424314 -175.31138774151137 -173.97343506107399 -172.62225632895624 -171.16050950619868 -169.75361367171146 -168.49574733592084 -167.27639778383917 -165.98162031461948 -164.49772615620887 -162.71042581700604 -160.65315875615985 -158.3591073944655 -155.8473829472798 -153.15462122751188 -150.40119707305888 -147.6381739134561 -144.89183672760228 -142.12231781556827 -139.4915549561421 -136.6030807158164 -133.68662925866383 -122.65342297955728 -250.1791165195272 -247.55045183562416 -246.81192200046397 -246.05912867392988 -245.3217132709043 -244.531427852252 -243.7129237056629 -242.84249599261628 -241.89298556018716 -240.80787466262692 -239.57836121617143 -238.19868758811134 -236.5296204926698 -234.5664796445308 -232.24699043439077 -229.71660485901975 -227.12565222229796 -224.62255514107963 -222.35504164542363 -220.2325510841657 -218.1992639591773 -216.1424622368469 -213.91365532636937 -211.5670108026347 -209.1889128725837 -206.7543445955547 -204.25393226263148 -201.7378173140654 -198.76690827112165 -195.22335496523493 -194.1072254629657 -192.50582973478467 -190.76768117841414 -189.27304141127672 -188.06245350475643 -187.03778682536026 -186.0974836265878 -185.11658155303385 -183.76347347815062 -182.31093006749 -180.7870640538235 -179.28265869733045 -177.8612062912262 -176.45137067610403 -174.95925058338383 -173.30795569246825 -171.41677469436164 -169.30294251714474 -166.9833288454769 -164.4577149118729 -161.7438679075223 -158.99734474217627 -156.2339842453888 -153.47988875691937 -150.67963783869354 -148.0400134107743 -145.13731542595247 -142.20327684715525 -131.0848784319594 -258.9648078188432 -256.4813994259449 -255.77650123773125 -255.03930369357857 -254.32925665596272 -253.57552709778284 -252.75015619009994 -251.86679258792918 -250.8836395740717 -249.79363807758224 -248.62834400507404 -247.3212295859836 -245.7653805009286 -244.01233915391776 -241.98298627839222 -239.7551268488643 -237.45717415669276 -235.18240684820788 -233.0247622807925 -230.94166422309542 -228.86406390623634 -226.7136925163078 -224.50420896426482 -222.172526951136 -219.73355604205395 -217.24559316695888 -214.6491850612078 -212.06987762110208 -209.4270595665884 -206.79758481533653 -205.0161642594546 -203.32532802172534 -201.76395170575347 -200.3999375176328 -199.23011640390155 -198.15387360804309 -197.07344503868714 -195.98935358612812 -194.56732661563095 -193.07260692455452 -191.47883079378346 -189.84954298877753 -188.24628810588678 -186.62054178264984 -184.9170720009393 -183.08748469940568 -181.08188564040307 -178.9028170080966 -176.55277760980647 -174.02559079932558 -171.31361576120278 -168.53373130154736 -165.7718517824109 -163.02571252326604 -160.226057353675 -157.5863165677564 -154.67733861385884 -151.7329743674082 -140.55262486621106 -267.96071111135416 -265.5958825354416 -264.91867117103203 -264.20318160030206 -263.50360778079846 -262.7400977333771 -261.91571220676053 -261.01113110165704 -260.03561068782983 -258.9669269408103 -257.82004877113815 -256.54826604074805 -255.12091905088096 -253.52047500980126 -251.71659471512572 -249.75614871599487 -247.71013741930108 -245.63271274359462 -243.57884933910307 -241.52271466490893 -239.43441760700145 -237.27825228169667 -235.02894163165732 -232.6777097901631 -230.23551903587298 -227.71444871458738 -225.10213726472085 -222.49942333193928 -219.9942344354151 -217.71816519415222 -215.8023481121228 -214.16751219506656 -212.73775659830403 -211.46178936742479 -210.28888394676432 -209.15011743883548 -207.9776193866437 -206.71631902289877 -205.27636317180279 -203.70749138003887 -202.03614060574287 -200.30812478695623 -198.56155531513485 -196.7693640047408 -194.90470487455391 -192.94035656702727 -190.8490930251368 -188.62277337500907 -186.2532405987125 -183.72432132202647 -181.01961388788865 -178.23949810955628 -175.48154517856003 -172.73897316309208 -169.96008306069055 -167.32995347799874 -164.42381531193584 -161.47779967043263 -150.2658810008023 -302.55569863190027 -300.48623532687367 -299.87154640741886 -299.2045474987159 -298.5321689196152 -297.77330015319296 -296.957841129316 -296.0677879347659 -295.09344810028665 -294.04217836906645 -292.9221336031354 -291.72051057666636 -290.42462215921637 -289.02353547219786 -287.506301149693 -285.8832778006126 -284.1649721809321 -282.36126007788175 -280.4820220961699 -278.5305963390967 -276.51032081620787 -274.42219982236185 -272.2672370589984 -270.04738935740426 -267.7646320539236 -265.4215398370593 -263.02069704075086 -260.6455301115405 -258.3794633643067 -256.3080805799101 -254.51696553921238 -252.93443766537993 -251.48881638158034 -250.11414557442876 -248.7444691305403 -247.35536530256127 -245.92241234313443 -244.42080276732077 -242.82572909014968 -241.14550167412256 -239.38843088131304 -237.5637232310238 -235.68058523660494 -233.73802057165406 -231.73503282684658 -229.67008663733398 -227.54164548329126 -225.32776587993655 -223.00648825569021 -220.54767641058828 -217.9209700844233 -215.22349556614756 -212.5492583880576 -209.888656084968 -207.18861965871176 -204.62801511764562 -201.78029776503269 -198.8742288136011 -187.7062861377567)
(UseCyclicTransform "false")
(UseDirectionCosines "true")

// ResampleInterpolator specific
(ResampleInterpolator "FinalNearestNeighborInterpolator")

// Resampler specific
(CompressResultImage "true")
(DefaultPixelValue 0)
(Resampler "DefaultResampler")
(ResultImageFormat "mha")
(ResultImagePixelType "float")
